host_id,host_name,is_superhost
2594,Thomas,0.0
4879,Zuleyka,1.0
6774,Roly,1.0
9089,John,1.0
10657,Jini,1.0
11333,MariaElena,1.0
11431,Roberta,0.0
14077,Natalie,1.0
14983,Satian,0.0
22270,Geraldine,0.0
23278,Zain,0.0
25235,Sam,0.0
26258,Pedro,0.0
30780,Gabriela,0.0
31655,Mandy,0.0
32000,Chad,0.0
32851,Dewi,0.0
33237,Rachael,0.0
35582,Michael,1.0
36808,Aneesa,0.0
38691,Kathy,0.0
40855,Colleen,0.0
40901,Donna,1.0
40944,Hamze,1.0
41759,Joe,0.0
43039,Adriano,1.0
44366,Sarah,0.0
46535,Mark,1.0
54730,Alina,0.0
54847,Barsha,0.0
54987,TheSquare,0.0
57524,Christian,0.0
58920,Chindawan,1.0
59850,Morag,0.0
60302,Philippa,0.0
61577,Briohny,1.0
64527,Thomas,1.0
66987,Adam And Christel,1.0
67564,Liz,1.0
67625,The Team At The London Agent,0.0
67630,Clare,0.0
67915,Charlotte,0.0
69739,Chase,0.0
70413,Joe,0.0
70765,Deborah,1.0
72051,Aba,0.0
73404,Pamela,0.0
74350,Lisa,1.0
76777,Sophie,1.0
77740,Anna,1.0
77867,Lindy,0.0
90735,Marc,0.0
92112,Valentine,0.0
97616,Marcella,1.0
100427,Scott,0.0
100744,Natalie,0.0
101037,GuestReady,0.0
104845,Maggi,0.0
108793,Eddie,1.0
110817,Andrea,0.0
111551,Blake,0.0
113874,Bondi Beach Holiday Homes,1.0
115774,Yumei,0.0
120437,Nuttee,0.0
123558,Aya,0.0
124102,Giacomo & Rolly,0.0
125508,Shantj,0.0
127606,Ryan,0.0
129243,Ayser,1.0
129542,Rochelle,0.0
134938,Ron,1.0
135940,Rachel,0.0
141045,Elissa,0.0
141853,Augusta,0.0
144067,Vic,1.0
144228,Fern,1.0
147069,Jasper,0.0
147697,Elysse,1.0
150071,Emma,0.0
150595,Andrea,1.0
152454,Jill,1.0
153793,Pemika,1.0
155938,Geert,0.0
157884,Agri & Roger,1.0
158364,Annie,1.0
161109,Phyllis,1.0
165579,Elisa & Dom,1.0
167281,Cesar,1.0
167948,Susan,1.0
168477,Katie,1.0
169878,Anna,1.0
172145,Lu,0.0
174622,Stephanie,0.0
175729,Mitchell,0.0
176093,Jacob,1.0
181162,Roudie,0.0
181965,Josh@Rosemarkie,1.0
182670,Paul,1.0
183102,Andrea & Sarah,0.0
185325,Kiranjit,0.0
188138,Sylvan,1.0
189866,Jo,0.0
192627,Clare,1.0
193270,Meral,0.0
196464,Charlotte,0.0
197109,Miranda,0.0
198534,Ives,0.0
199530,Deb,0.0
200192,Ron,1.0
201834,Matthew,0.0
202429,Nishesh,0.0
202657,Imogen,0.0
203082,James,1.0
203537,Christian,1.0
204615,Mr,1.0
207419,Lena,1.0
208012,Marlene,1.0
208100,Catrinel,0.0
210296,Marilena,0.0
210574,Norman,1.0
211108,Simon,1.0
212734,Dino,0.0
212992,Simon,1.0
216177,Romi,1.0
216660,Boris,0.0
217041,Marianne,1.0
217638,Patricia,1.0
218562,Jesse,0.0
219025,Millie,0.0
222005,Athitaya,0.0
225509,Rachel,1.0
226297,George Brian,0.0
226756,Florin,1.0
230069,Maya,0.0
230396,Georgios,0.0
232655,Paul,0.0
232994,Megan,0.0
234432,Zara,1.0
234561,Jamshid,0.0
235606,Ben,1.0
236619,Sabrina,0.0
237489,Natalie,1.0
239020,Sarah,0.0
239868,Andrea,0.0
243610,Beverley,1.0
245735,Ariane,0.0
245950,Vanessa,1.0
246661,Frank,0.0
247032,Richard,0.0
255103,Olga,1.0
255675,Peter And Jenny,1.0
257791,Dom,1.0
259518,Sara & Kris,0.0
262498,Jack,1.0
263049,Tor,0.0
263632,Katie,0.0
264060,Jonas,0.0
265589,Julie,0.0
265676,Sonia,0.0
267139,Todd,0.0
269276,Juan Francisco,0.0
272478,Jean,0.0
277598,Iyisha,0.0
279686,Ching,0.0
279955,John,1.0
286856,Jason,0.0
287467,Vicki,0.0
287973,Tom,0.0
289179,Jacinta,0.0
290446,Cornelia,0.0
290545,Ravi,0.0
290570,Tracy,1.0
290775,Neil,0.0
291725,Katie,1.0
292635,Sukanya,1.0
292744,Vikas,1.0
292913,Marzena,0.0
294046,Jess & Tim,1.0
302657,Eti,0.0
303011,Corina,0.0
303364,Nicolas,0.0
305584,Philip,1.0
306463,Maya,1.0
310186,Bethany,0.0
311110,Nick & Mary,0.0
318553,Paul,0.0
321414,Tomi,1.0
323803,Wendy,1.0
330564,Mimi,0.0
333581,Brian,1.0
334978,Cc,0.0
335456,Kenji,0.0
335716,Laura D,0.0
335865,Michael,0.0
336693,Phillip,0.0
338123,Susan,0.0
338183,James,0.0
338338,Grace,0.0
339185,Tracey,0.0
339492,Mr NADORI,1.0
339654,Nick,1.0
339992,Rosie,1.0
341740,Anisha,0.0
344950,Louise,1.0
345623,Nawshika,0.0
345766,Billie,0.0
350585,Sam,0.0
351018,Sarah Jane A,0.0
351202,Mel,1.0
352614,Ben,0.0
353937,Ben,0.0
355807,Dmitry,1.0
355998,Madi,0.0
356270,Jaime,0.0
356944,Amanda,1.0
361843,James,0.0
363156,John Balsom,0.0
364505,Mia,0.0
365140,Harry,0.0
366475,Jenny,1.0
369530,Katya,1.0
370208,Rebecca,0.0
375337,Jasmine,0.0
375971,Cathy,0.0
377361,Zed,0.0
377908,Charlotte,0.0
377955,Simon,0.0
380383,Rhonda,1.0
380398,Tara,0.0
381894,Edison Keith,0.0
382349,Taylan,0.0
382436,Rachel,1.0
382539,Anthony,0.0
383525,Emi,0.0
386265,Tracey,1.0
388233,Clara,0.0
400588,Imogen,0.0
400717,Villa Il Cardinale,0.0
402292,Helen,1.0
403099,Aoife,1.0
404013,Natasha,0.0
405936,Emily,0.0
410887,Anastasia,0.0
413485,Bella,0.0
418061,Sue,1.0
418065,Rose,1.0
420188,Baker,1.0
421481,Tony,1.0
422362,Nicola,0.0
422559,Alex,0.0
423782,Giovanna,0.0
424230,Julia,0.0
425508,Elizabeth,0.0
425764,Danielle,0.0
426483,Roberta,0.0
426682,Virna,0.0
427420,Marketa,0.0
427603,Ivy,0.0
428509,David,0.0
428546,Marine,0.0
430099,Katie,0.0
431114,Kate,0.0
431242,Karen,0.0
431902,Andreea,0.0
432648,Melanie,1.0
437555,Venussa,0.0
438674,Mary,1.0
439154,Lucy,0.0
439487,Stephen And Luiza,0.0
440792,Ivan,0.0
441384,Veronika,0.0
441494,Fernando,1.0
441736,Kris,0.0
441886,Will And Emilia,1.0
443041,Carol,1.0
443252,Khateja,0.0
445273,Denise,0.0
445322,Richard,0.0
447398,Stefano,0.0
447486,Mary,0.0
453179,Humza,1.0
453474,Bartek,0.0
454121,Caroline,1.0
454329,Max,1.0
455616,Lucy,1.0
455910,Angie,1.0
457032,Shan,0.0
458166,Gemma,1.0
459160,Anne,1.0
459562,Daniel,1.0
460272,Antonia Clare,1.0
460342,Abbie,0.0
462573,Cleyenne,0.0
462601,Elsie,1.0
462651,Maria,0.0
464013,Ronald,0.0
464571,Sonia,1.0
464701,Jeanene,0.0
465092,Alexander,0.0
465254,Fernando,0.0
465560,Elaine,0.0
466353,Elisabetta,1.0
467692,Sue,0.0
467757,James,1.0
469180,Sam,0.0
469802,Hayley,0.0
471088,Anthony,1.0
471709,Rob,0.0
471716,Andrea,1.0
472472,Jay,0.0
472474,Amy  Gabriella,1.0
474213,Elicia,0.0
475515,Kate,0.0
475668,Karen,1.0
476018,Zoe,0.0
478692,Scion Property Management Ltd,1.0
480315,Marianne,0.0
480766,Andrew,0.0
481379,Marc,0.0
481558,Olivia,1.0
481587,Angela,0.0
483016,Carl,0.0
486509,Farina,1.0
488174,Flora,0.0
488383,Kate,0.0
488581,Emily,0.0
490291,Ingrid,0.0
492218,Richard And Sarah,1.0
492505,Chanthira,0.0
493005,Daniel,0.0
493276,A Nick,0.0
493497,Clive,0.0
494637,Warren,0.0
497061,Klaudija,0.0
497366,Helen,1.0
497537,Maria,0.0
499662,Sarita,0.0
499704,Sarah,0.0
500026,Jordan,0.0
501973,Francine,0.0
502491,Julie,0.0
502496,Darshi Rowan And Tara,0.0
502537,Marie,0.0
505353,Caz,0.0
506457,Katie,1.0
506680,Emily,0.0
509260,Dalila,0.0
511706,Sarah,0.0
512617,Hena,0.0
512914,Zoe,1.0
513986,Rishi,1.0
515057,David,0.0
516216,Caroline,0.0
518433,Tomasz,1.0
519526,Tawan,0.0
519891,Alicja,0.0
520059,Belinda,0.0
524086,Dominique,0.0
524986,Alexa,0.0
525124,Normi,1.0
525244,Jo,0.0
526137,Ross,0.0
528140,Jason,0.0
528468,Tina,1.0
529231,Adele,0.0
529838,Christopher,0.0
531156,Sarika,0.0
533152,Lisa,0.0
533524,De,0.0
534069,Michael,0.0
534268,Florence,0.0
534850,Katie,0.0
536025,Anne,1.0
536129,Brooke,0.0
537289,Katerina Daphne,0.0
539239,Tony,1.0
543277,Joseph,1.0
544525,Amer,0.0
545890,Henry,0.0
546408,Jean-Marie,0.0
546445,Hannah,0.0
546652,Irma,0.0
547952,Freya,0.0
549372,Susanne,1.0
550328,Oliver,1.0
554479,Lucienne,0.0
554519,Meg,1.0
558928,Daniel,0.0
560020,Hendrik,1.0
561870,Madame D,1.0
562501,Pim,0.0
563563,Tania,0.0
564224,Jenny Eaton,0.0
565329,Giorgio,0.0
566542,Glyn,1.0
568536,Petica,0.0
569732,Sarah,0.0
570672,Anand,0.0
575308,Lesley,0.0
577156,Aaron,1.0
578110,Muay,0.0
578672,Warin,0.0
581329,Mike,0.0
584454,Igor,0.0
584691,Claire,1.0
585345,David,0.0
586654,Brent,1.0
586671,Joe,0.0
587948,Hagai,0.0
588534,Rami,1.0
589801,Jocelyn,1.0
591106,China,0.0
591734,Simon,0.0
593458,Valentina,0.0
595560,Oh Hotels,0.0
595797,Sophie,0.0
598337,Dejan,0.0
602041,Sinra,1.0
603057,Roongroj,1.0
604004,Maureen,0.0
608373,Noely,0.0
610315,Kasem,0.0
612455,Michael,0.0
624275,Sally,0.0
626630,Kellie,0.0
627999,Mark,0.0
628008,Graham,1.0
632059,Hisham,0.0
632358,Ken,0.0
632948,Nicholas,1.0
637992,Fiona,1.0
641411,Ella,0.0
645767,Cédric,0.0
646165,Yevgeniy,1.0
648725,Michele,0.0
651124,Joel,0.0
651366,Jai,0.0
656399,Tod,0.0
665721,Paul And Stephanie,1.0
667649,Chrysothemis & Luke,0.0
667776,Su,1.0
669052,Hannah,0.0
669109,Alexander,0.0
669357,Deve,1.0
669931,Piya,0.0
675616,Eric,0.0
676063,Helen,1.0
676180,Williams,0.0
684191,Samir,0.0
685865,Gabby,0.0
685892,Zozi,0.0
687943,Andrea,1.0
689052,Virginia,1.0
689471,Patrick,1.0
691827,Clay,1.0
692474,Aim,1.0
694198,Yasmin,0.0
695349,Family Team,1.0
695847,Ozgur,0.0
696065,Tania,0.0
697382,Isabela,0.0
699499,Jirarat,0.0
703944,Parinya,0.0
704466,Clare,1.0
704996,Ben,0.0
706048,Marcia,0.0
713630,Eric,0.0
714434,Rusty,1.0
717339,Maria,0.0
719504,Devindra,0.0
719747,Ilko,0.0
727275,Mim,0.0
729617,Kanchuya,0.0
733574,Tobias,1.0
737373,Iri,1.0
737801,Tish,0.0
737897,Jawad,0.0
738949,Clare,0.0
739226,Dario,1.0
741947,Wynth Cordova,0.0
753542,Agilson,0.0
753961,Barry,0.0
757377,Eilinn,0.0
760101,Kate,0.0
760481,Sasha,0.0
761400,Nathan,1.0
761655,Adriana,0.0
762528,Piya,0.0
763015,Adam,0.0
764740,James,0.0
766056,Trevor,1.0
766237,Eduard,1.0
769488,Reya,0.0
769509,Anna Louise,1.0
772940,Denis,1.0
772970,Vh,1.0
773437,Gabriele,0.0
774165,Kim,0.0
774358,Seli,1.0
775611,Malika,1.0
775624,Kathe,1.0
777501,Chris,0.0
777723,Esteban,0.0
777801,Alex,1.0
779303,Maria Sole,0.0
779877,Mel,0.0
780339,Jess,0.0
781429,Chris,0.0
783627,Siobhan,1.0
784078,Stijn,0.0
786743,Kimberly,1.0
787746,Pummy,0.0
788797,Bliss,1.0
790138,Tony,0.0
791774,Francesca,0.0
793088,Màirianne,1.0
795867,Nathan,1.0
797923,Kany,0.0
799511,Kathleen,0.0
800096,Claudia,1.0
800558,⁨Kim (金)⁩,0.0
802297,Alexandra,1.0
803951,Fawad,0.0
807369,Jacob,0.0
807406,Hollis,0.0
807961,Justin,0.0
813096,Mandy,1.0
813141,Ingrid,0.0
813873,Nathan,0.0
818213,Joao,1.0
819516,Jason,0.0
819894,Montana,1.0
820045,Richard,0.0
822284,Rae And Charlie,1.0
823433,Frank,1.0
824311,Sandeep,0.0
826638,Yarinda,0.0
829269,Elodie,0.0
831665,Jonathan,0.0
832218,Connie,0.0
840491,Sundiatu,1.0
842737,Simon,1.0
843854,Anshera,0.0
846127,Tina,1.0
849519,Skye,0.0
851332,Cyan,0.0
851512,Deb,1.0
852089,Pal,0.0
855772,Robert,1.0
856050,Hugh,0.0
857350,Fahri,1.0
857701,Dirk Herbert Meichler,1.0
858493,Luiz,1.0
859604,Leah,0.0
859759,Tatiana,0.0
862386,Leo And Veneranda,1.0
864814,Alexandru,0.0
865413,Marco,0.0
871053,Doreen &  Nichola,0.0
871182,Patrick,0.0
871935,Neha,1.0
872139,Stephanie,0.0
876774,Heather,1.0
877830,Davide,0.0
878083,Kyri,1.0
878370,Anders Per,0.0
878590,Matt,0.0
880461,Al,0.0
884708,Dawn,1.0
887201,Jessie Liu,1.0
889051,Rosa,0.0
889184,Vadim,1.0
889401,Mae,0.0
889670,Narumon,0.0
892187,Wayne,0.0
892497,Guillermo,0.0
896967,Ana,0.0
900386,Kate,1.0
907547,Nuke,1.0
909122,Luna,1.0
913861,Ann,1.0
913910,Mandy,0.0
914337,Moushe,0.0
916462,Gloria,0.0
923042,Katherine,1.0
923591,Emma,0.0
928918,Dave,0.0
930293,Maria,1.0
930490,Sion,0.0
939005,Magali,0.0
939134,Ren & Nick,0.0
939158,Katherina,0.0
939309,Angela,0.0
940283,Andrew,0.0
942508,Elaine,0.0
943900,Moss,0.0
947858,Rasheed Mahmood,0.0
949926,Tobias & Annette,1.0
951125,Notting Hill Rentals,1.0
953980,Caroline,1.0
954713,Gill,1.0
959965,Sophie,0.0
960024,Swati,0.0
960892,Vajirune,0.0
962554,Arfa,0.0
967089,Carmel,0.0
967537,Ryan,0.0
967645,Radhika And Lorenzo,1.0
968464,Catia,0.0
971520,Denis,1.0
972094,Amos,0.0
973588,Edwin,0.0
974617,Johnny,1.0
974683,Paula,1.0
975628,Vivien,0.0
976809,Adam,0.0
977468,Mike,1.0
979363,Donovan,1.0
979962,Hassan,1.0
982001,Caroline,1.0
982999,Joshua,1.0
985350,Chiana,1.0
987819,Paul,0.0
990215,Chris,0.0
993694,Tara,0.0
994795,Beck,0.0
995335,Julie,0.0
1000630,Erion,1.0
1002497,Maria,1.0
1002864,Dan,0.0
1003607,Alicia,0.0
1009465,Serena,0.0
1011682,Scott,1.0
1021126,Ivan Anjien Bakus,0.0
1022500,Thomas,1.0
1023326,Jocelyn,1.0
1026967,James,0.0
1027094,Lynne,0.0
1029527,Rebecca,0.0
1030040,Marc,0.0
1032838,Chiara,1.0
1034774,Elizabeth,0.0
1038573,Tais,0.0
1090342,John,0.0
1095685,Nichola,0.0
1098013,Angela,1.0
1098320,Stefano,0.0
1099724,John,0.0
1101219,Petrina,0.0
1105535,Rg,0.0
1106081,Xenia,1.0
1106757,Kerry,1.0
1106924,Gladys,0.0
1109768,Darren,0.0
1110910,Jamie,0.0
1111501,Shelene,0.0
1111601,Tobias Mead,1.0
1111645,Daniele,1.0
1111875,Ellen,0.0
1112096,Irene McCarthy,1.0
1113031,Martyna,0.0
1115673,Evan,1.0
1116804,Debbie,1.0
1122857,Jill,0.0
1123533,Justina,0.0
1123788,Thomas John,1.0
1125504,Costas,0.0
1130869,Samuel,0.0
1131701,Cristiane,0.0
1137860,Lucy,0.0
1138474,Tanya,0.0
1139308,David,0.0
1140715,Chonnikan,0.0
1141551,Romana,0.0
1146553,Matt,0.0
1148398,Jennifer,1.0
1148689,Georgiana,1.0
1149448,Henry,0.0
1152351,Pannarai,1.0
1155928,Anahi,0.0
1158429,Anastasia,0.0
1161486,Catherine,0.0
1163220,Mehmet,0.0
1165522,Jagtaj Singh,0.0
1167371,Jacqueline,1.0
1168208,Ashleigh,0.0
1169945,Beverley,0.0
1172627,Audrey,0.0
1173122,Louise,1.0
1175642,Susannah,0.0
1176767,Natalie,0.0
1176859,Justin,1.0
1178001,Dilys,1.0
1178056,Timothy,1.0
1181317,Li Yee,0.0
1181682,Tanya,1.0
1188759,Onur,0.0
1189280,Alexis,0.0
1189878,Hakan,0.0
1190865,James,1.0
1192318,Rodrigo,0.0
1194791,Stepas,1.0
1195419,Maria Ivana,0.0
1197888,Louise,0.0
1198627,Roman,1.0
1199849,Ola,0.0
1202593,Lindsay,0.0
1204416,Hamilton,0.0
1206928,John,0.0
1208878,Damien,0.0
1210082,Lucy,0.0
1212307,Annemarie,0.0
1219410,Kobi,0.0
1220294,Gurvinder,0.0
1223500,Rembrandt Hotel Bangkok,0.0
1224276,Lucy,1.0
1228683,Sanchia,1.0
1233171,Travis,0.0
1236092,Soren,1.0
1237006,⁨T.⁩,0.0
1237638,Caroline,0.0
1238901,Vanessa,1.0
1242644,Cleu,0.0
1244288,David,1.0
1245194,Brigitte Susanne,1.0
1248282,Victoria,0.0
1248871,Rebecca,1.0
1249868,Sabrina,0.0
1249977,Ting,0.0
1251427,Benjamin,0.0
1251752,Gal,0.0
1253276,Jenny,0.0
1253932,Muay-Chuthipak,0.0
1257023,Gulcin,0.0
1258748,Iddo,0.0
1261500,Hugh,0.0
1261783,Hayden,0.0
1267401,Helen,0.0
1269568,Iki,0.0
1270644,Sheridan,1.0
1270755,Claire,1.0
1271134,Sophia,0.0
1273234,Natalie,0.0
1273759,Genevieve,0.0
1275237,Vincenzo,0.0
1275907,Madeleine,1.0
1276356,Anna,0.0
1279002,Hayley,0.0
1286735,Alberto,1.0
1290135,Simon,0.0
1290713,Doerte,1.0
1291445,Winston,0.0
1293895,Prayer,1.0
1294556,Emma,0.0
1296771,Shiromi,0.0
1296849,Brgs,0.0
1296946,Jelena,0.0
1299768,Qadar,1.0
1300581,Orla,0.0
1300603,Julia,1.0
1302320,Rodrigo,0.0
1302747,Helen,1.0
1302946,Robin,1.0
1305178,Judy,1.0
1305388,Angie,0.0
1305938,Mo,0.0
1308132,Erce,1.0
1310030,Claudia,1.0
1310436,Wongsatorn,1.0
1311176,Iseult,1.0
1315562,Nicoletta,0.0
1318523,Tom,0.0
1320734,Tom,0.0
1322611,Patrick,0.0
1324467,Sarah,0.0
1325016,Gig,1.0
1325711,Roman,1.0
1327648,Ryan,1.0
1330009,Annamaria,0.0
1331819,Holidays By Etch,1.0
1332259,Melanie,0.0
1337510,Gloria,1.0
1339807,Tina,1.0
1344485,Abraham,0.0
1344631,Sara And Martin,1.0
1345605,Anoop,1.0
1345727,Kevin,0.0
1345766,Rino,1.0
1346805,Sarah,0.0
1347283,Lisa,1.0
1348549,Jason,0.0
1348667,Tom,1.0
1354765,Issaree,0.0
1354833,Joshua,0.0
1356865,Raymond,0.0
1358673,Sabina,0.0
1361224,Oscar,0.0
1361598,Gary,0.0
1362078,Louise,0.0
1365824,Helen,1.0
1366336,Rafaela,0.0
1367883,Alex,1.0
1368833,Milli,0.0
1369081,Mirjam,1.0
1376700,Sharon & Tom,1.0
1376767,Shirley,1.0
1379577,Jordan,0.0
1379984,Richard,0.0
1380473,Lauren,0.0
1380811,Christina,0.0
1383749,Henrietta,0.0
1384320,Steven,0.0
1384778,Ian,1.0
1387518,Rod,1.0
1387801,Kristin,0.0
1388283,Gisele,0.0
1389063,Sue,0.0
1390376,Juri,0.0
1391360,David,0.0
1398365,Nat,0.0
1405119,Simon,0.0
1405621,Claudius,1.0
1407907,Holiday Patterns,1.0
1408974,Hugh,1.0
1409296,Riley,0.0
1411399,Carlos,0.0
1413893,Razzak,0.0
1416605,Emma,1.0
1416988,Rupal And Josh,1.0
1419403,Marc,0.0
1419856,Ani,0.0
1424990,Scott,1.0
1425167,Jupiter Lee,1.0
1425515,Peter,1.0
1425635,Charlotte,0.0
1428322,Mel,1.0
1428356,Karl,1.0
1428739,Warren,0.0
1428906,Petra,0.0
1429305,Big City Stay,0.0
1431666,Lm,0.0
1432477,City Relay,0.0
1432631,Peachy Stays,1.0
1433228,Laura,0.0
1433765,Eugenie,1.0
1436884,Mahsa,0.0
1438135,Candy,0.0
1438723,Neried,0.0
1439128,Riz,1.0
1440018,Andrea,0.0
1440068,Sarah + Matteo,1.0
1441675,Alastair,0.0
1442539,Heather,0.0
1443431,Kerensa,0.0
1443676,Giulia,0.0
1444374,Livia,1.0
1444493,Alexandre,1.0
1449119,Zoe,0.0
1449557,Gail,1.0
1449797,Greg,0.0
1450313,Sophie,1.0
1451024,Liz,0.0
1456999,Simore Family Guest House,0.0
1458935,Sergio,1.0
1459906,Irene,0.0
1460480,Karren,0.0
1463818,Amporn,0.0
1464975,Sue,1.0
1466786,Francesca,0.0
1466876,Roo,0.0
1468796,Lilian,1.0
1469674,Karla,0.0
1469799,Roogaya,0.0
1470010,Sharon,1.0
1470579,Angelo,0.0
1470975,Abul,0.0
1472490,Inês,0.0
1472591,⁨Sukij M.⁩,1.0
1473838,Mel,0.0
1476568,Tanya,0.0
1476754,Nina,0.0
1477718,Ellie,0.0
1478595,Lynne,0.0
1480363,James,0.0
1481196,Krissy,0.0
1481412,Luca,0.0
1482496,Col,1.0
1482918,Erika,0.0
1482955,Edem,0.0
1484158,Anna,0.0
1488212,Tadeusz,0.0
1489441,Melanie,0.0
1490390,Neocr Ltd,0.0
1491340,Paulina And Cheyne,0.0
1492469,Tanya,0.0
1493019,Adrian,0.0
1493182,Sophie,0.0
1495162,Hannah,0.0
1496340,Pedro,0.0
1496946,Caroline Curate Residences,0.0
1500977,Suraj,0.0
1502158,Gabriela,1.0
1502472,FashionDesign,0.0
1502813,Todd,1.0
1503015,Cecilia,0.0
1503215,Johanna,0.0
1503935,Maya,1.0
1504322,Alex,1.0
1504775,Valentina,0.0
1505205,Laura,0.0
1506835,Peter James,0.0
1512228,Madeline,0.0
1513875,Suchada,1.0
1514376,Emma,0.0
1514565,Birdy,1.0
1515001,Paul,0.0
1515280,Patrick,0.0
1516656,Fei,0.0
1517652,Alex,0.0
1520241,Antonio,1.0
1521032,Oliver,0.0
1521345,Jessica Elizabeth,0.0
1521435,Milena,0.0
1522429,Jackie,0.0
1522887,Mica,1.0
1524875,Tom,0.0
1526109,Andrew,1.0
1526138,Caroline,1.0
1527076,James,0.0
1527176,Gill,0.0
1529715,Jeroen,1.0
1531283,Ceila,1.0
1532431,Teresa,0.0
1537067,Al & Tanya,0.0
1538856,Andrew,0.0
1539156,Anna Marie,0.0
1539491,Di,0.0
1540253,Vera,0.0
1541730,Kalyakorn,0.0
1545619,Zuzie,1.0
1545639,Christopher,0.0
1546794,Richard,1.0
1546859,Mohamed,0.0
1547862,Martin,1.0
1549137,Rita,0.0
1554449,Karl,1.0
1554986,Paul,0.0
1558297,Anne,0.0
1561186,Massimo,1.0
1563154,Ariel,1.0
1568913,Ramon & Marie,1.0
1569164,Colin,0.0
1569444,Jacqueline,1.0
1569696,Shakuntala,1.0
1570344,Virginia,1.0
1573577,Frances,1.0
1573870,Robert,0.0
1574095,Ivan,1.0
1575800,Mary,0.0
1577284,Russell,0.0
1581419,Catherine,0.0
1581431,Rachel,0.0
1581619,Mark,0.0
1582345,Oran,0.0
1583901,Etan,1.0
1584404,Rubina,0.0
1586544,Teresa,0.0
1586698,Lorenzo,0.0
1589079,Lyssiemay,0.0
1589191,Danielle,0.0
1589480,Sam,0.0
1590545,David,0.0
1590736,Candee,0.0
1591664,Boris,1.0
1592032,Anna,1.0
1593717,Alexandra,1.0
1594376,Ruta,1.0
1595429,Alice,0.0
1596176,Shelley,0.0
1598601,Simon,0.0
1599044,Robert And Antonio,1.0
1600996,Diana,0.0
1606230,Jose,1.0
1608226,Pippa,1.0
1610430,Roberto & Yolanda,1.0
1610754,Sasa,0.0
1612510,Julie,0.0
1614011,Karen,0.0
1614205,Lara,0.0
1616720,Anna,1.0
1616806,Rob,1.0
1617271,Kenneth,0.0
1618469,Phillip,0.0
1618665,Mike,1.0
1619024,Sally,0.0
1619435,Chris,0.0
1620965,Peter,0.0
1621004,Gideon,1.0
1621770,Leah & Katie,1.0
1623478,Gavin,0.0
1624629,Alex,1.0
1624979,James,1.0
1625583,Yang Jinhong,1.0
1631033,Sandra,1.0
1631179,Nina,0.0
1638465,Eyup,1.0
1640831,Liv,1.0
1643549,Maxime,0.0
1643986,Andrew,0.0
1645632,Jimmy & Janie,1.0
1646057,Karin,1.0
1647125,Tristan,1.0
1647262,Paula,0.0
1647424,Vishal,0.0
1647950,Celia,1.0
1649775,Joanne,0.0
1650802,Farrah,0.0
1651049,Antonio,0.0
1654085,Rebecca,0.0
1658208,Juli,0.0
1658402,Laura,0.0
1660254,Maz,1.0
1663503,Alex,1.0
1664169,Stephen,1.0
1665232,Nader,0.0
1667508,Siriwipa,1.0
1667665,Michael,0.0
1670164,Filippo,1.0
1672628,Anila,0.0
1673234,Danny,1.0
1674056,Kaye,1.0
1674188,Ronaldo,0.0
1676738,Samantha,1.0
1677270,Rachel,0.0
1677345,Laryssa,0.0
1678281,Jack,0.0
1681901,Pornpan,1.0
1682963,Leo,1.0
1683573,Yvonne,1.0
1687489,David,1.0
1688557,Layla,1.0
1692710,Amar,0.0
1693850,Sabrina,0.0
1694888,Cris,0.0
1696915,Valerio,1.0
1696987,Sandra,0.0
1700191,Param,1.0
1703080,Allan,1.0
1703579,Baxter,0.0
1707033,Dave,1.0
1707628,Michael,0.0
1713192,Dilini,0.0
1714064,Angelica,0.0
1716014,Claire,0.0
1717343,Tom Tyrell,0.0
1718539,Mojdeh,1.0
1722300,Carla Maria Riccitelli,0.0
1726093,Alex,0.0
1727550,Ruth,0.0
1727971,Gregory,1.0
1729294,Tamara,0.0
1733007,Maria,0.0
1734105,Tricia,0.0
1735219,Ger,1.0
1738706,Laura,1.0
1741418,Jim,0.0
1741798,Kari,0.0
1743987,Richard,0.0
1745432,Karen,1.0
1746338,Ekaterina,0.0
1746722,David Shane,1.0
1746782,Fernando,0.0
1747100,Zain,0.0
1752270,Jinny,1.0
1753516,Paul,1.0
1755482,Liz,0.0
1755817,Teresa,0.0
1756532,Julia,1.0
1759367,Julie,0.0
1759410,Nicolas,0.0
1763100,Yvonne,1.0
1766438,Behram,0.0
1766624,Chutiwan,0.0
1768251,Javier Alejandro,0.0
1770926,Ed,0.0
1772654,Reima,0.0
1773176,Arnie,0.0
1775224,Christina,1.0
1775823,Louis,0.0
1780349,Panot,0.0
1780407,Feb,0.0
1781650,Eugenio,0.0
1781664,Hilda,1.0
1782611,Tanan,1.0
1783803,Sophie,0.0
1784279,Tatiana,0.0
1784302,Emilia,0.0
1784778,Christopher Serge,0.0
1788268,Thitima,0.0
1790517,Foluke Catherine,0.0
1790838,Mitt,0.0
1792369,Eleanor,0.0
1793510,Valeria,0.0
1796413,Jn,1.0
1796536,Guneet,0.0
1797656,Ateeq,0.0
1799329,Lesley,1.0
1799966,Simon,0.0
1799991,Jonathan,0.0
1800206,Martina,0.0
1801684,Anne,0.0
1801856,Louise,1.0
1805314,Salema,0.0
1807028,Stephen,0.0
1807787,Inge,1.0
1808313,Robert,1.0
1810415,Egidio,1.0
1810850,Kit,0.0
1811246,Sandra,0.0
1812653,Nana,1.0
1813854,Helen Louise,1.0
1814398,Roopa,0.0
1814506,Allan,1.0
1816847,Jo,0.0
1817516,Micky,0.0
1817558,Alexandra,0.0
1818016,Robert,1.0
1821551,Lija,0.0
1821747,Scott,1.0
1823397,Ed,1.0
1823589,Lucie,0.0
1827865,Francine,1.0
1829259,Martha,0.0
1830103,Anna,0.0
1830359,Antonio,0.0
1830864,TheINVITED.UK,0.0
1833640,Maria,1.0
1835060,Sarah,0.0
1835682,Kad,0.0
1837006,⁨Sebastian (Myron)⁩,0.0
1839840,Nikos,0.0
1840447,Jemma,1.0
1843268,Chloe,0.0
1843614,Alyssa,0.0
1844072,Mary,0.0
1844086,Zaibunisa,0.0
1844141,Lucy,0.0
1845629,Yasmin,0.0
1847762,D & D,0.0
1849646,Rebecca,0.0
1852102,Ann And Mad,0.0
1854741,Vladimir,0.0
1854981,Birch Stays,1.0
1855154,Cristian,0.0
1856858,Emily,0.0
1857893,Pablo,0.0
1858065,Ari,0.0
1861082,Caroline,0.0
1865495,Matt,0.0
1870427,Nick,1.0
1870463,Polly,0.0
1875471,Todd,0.0
1877277,Angela,1.0
1877371,Shane,0.0
1878151,Gianluca,0.0
1879096,Sharen,1.0
1881669,Milk,0.0
1881799,Vilma,0.0
1882266,Ricky,0.0
1882532,Elena,0.0
1883830,Aisling & Matt,0.0
1885733,Sophie,0.0
1886636,Tope,0.0
1886755,Gabi,0.0
1890206,Francien,0.0
1892454,Gail,0.0
1894134,Neal,0.0
1896250,Lexi,0.0
1896744,Jacqueline,1.0
1897107,Jasmine,0.0
1897775,Krisztina Anna,1.0
1898009,Raimonda,0.0
1898676,David,0.0
1899468,Gilly,1.0
1901669,Matt,0.0
1902549,Raymond,1.0
1903242,Åsa,1.0
1903447,Brendon,1.0
1903473,Suzanne,1.0
1906280,Lily,1.0
1907422,Tim,0.0
1908027,Louisa,1.0
1908531,Charlotte + Austin,0.0
1908992,Stefano & Maria,0.0
1910576,Hannah,0.0
1911079,Arvind,0.0
1911628,Cathy,1.0
1913142,Donnaya,0.0
1913634,Julie,0.0
1914882,Ben,0.0
1916213,Safa,0.0
1919859,Christine,1.0
1920255,Dao,0.0
1920828,Marcus,0.0
1921882,Valentina,0.0
1922368,Ros,0.0
1924208,Stephen,0.0
1927254,Idara,1.0
1927968,Evan And Team Kayin,0.0
1928072,Julia & Adam,0.0
1929358,Marilu,0.0
1930716,Brendan,0.0
1930871,Andy,0.0
1932513,Nick,0.0
1933804,Aurora,1.0
1935985,Megan,0.0
1936434,Thais,1.0
1937752,Sarah,1.0
1937776,Alok,0.0
1938576,Preethi,0.0
1939256,Alexandra,0.0
1940288,Emma,1.0
1941155,Nynke,0.0
1941593,Susan,0.0
1942054,Janus,0.0
1942893,Nigel,0.0
1942925,Helena,1.0
1943308,Maurizio,0.0
1944149,Mark,0.0
1944179,Monica,1.0
1944259,Villa Pamilla,0.0
1944640,Alicia,0.0
1944777,Geraldine,0.0
1944867,Colin,0.0
1944986,Julie,0.0
1945624,Louisa,0.0
1946207,Anandraj,0.0
1946856,Esther,1.0
1946900,David,1.0
1947122,Marcel,0.0
1947222,Victoria,1.0
1947334,Gabriel,0.0
1948774,Andrea,1.0
1948909,Sarah,1.0
1950034,Chris,0.0
1950053,Oluwatoyin Ann,0.0
1950414,Annette,0.0
1950947,Helena,0.0
1950992,Frances,1.0
1951049,Claudia,1.0
1951184,Miriam,0.0
1951264,Jenny,1.0
1951373,Julia,0.0
1952637,Blair,0.0
1952645,Julia,1.0
1952786,Anne,1.0
1953374,John Paul,0.0
1953606,Fabiana,1.0
1953756,The Leonard Hotel & Apartments,0.0
1953872,Living In London City,0.0
1954110,Tariq,0.0
1955559,Seán,1.0
1955705,Lark,0.0
1956192,Serge,0.0
1956888,Serge,1.0
1957432,Anke,0.0
1957512,Ola,1.0
1957532,Janet,0.0
1957895,Abdus,0.0
1958174,Joanna,0.0
1958273,Mandeep,1.0
1958420,Ivan,0.0
1958808,Urszula,0.0
1959452,Michael,1.0
1960618,Daniele,1.0
1960867,Gerry,1.0
1961031,Diana Beate,1.0
1961043,Mayda,0.0
1963348,Elizabeth,1.0
1967925,Lena,0.0
1968154,Chloe,0.0
1970230,Jon,1.0
1970947,Callan,0.0
1972133,Phillip,1.0
1973555,Alberto,0.0
1974242,Anna,0.0
1975842,Kinga,0.0
1977490,Justin,0.0
1980646,Louis,0.0
1981538,Daniel,0.0
1986197,Wills,0.0
1986198,Josephine,0.0
1986199,Carolyn,0.0
1987298,James,0.0
1987487,Mia,0.0
1987725,Madeleine,0.0
1987930,Holger,0.0
1988106,Sam,0.0
1988147,Catherine,0.0
1990305,Ian,1.0
1995390,Syed,0.0
1996690,Katharine,0.0
1996718,Ana,0.0
1999195,Niamh,0.0
2006247,Pino,0.0
2006404,Sadakat,1.0
2006709,Opal,0.0
2009685,Carmen,1.0
2009849,Tiberiu,1.0
2010020,Christian,0.0
2010626,Lorraine,0.0
2015996,Kate,0.0
2016652,Mathilde,1.0
2018776,Cynthia,0.0
2020052,Martin,0.0
2022543,Mihai,0.0
2025447,Vlad,1.0
2025542,Lucy,1.0
2026309,Harriet,0.0
2026756,Karen,1.0
2026952,Edson,1.0
2028476,Shain,0.0
2030838,Alexandros,0.0
2031076,Emilie,0.0
2032601,Jonny,0.0
2032750,Brian,1.0
2033181,Lucy,1.0
2033322,Emily,0.0
2035401,Jinny,0.0
2036209,Joshua,1.0
2036946,Italianflat,0.0
2037151,Hannah,0.0
2038514,Hannah,0.0
2038863,Laura,0.0
2039245,Julie,1.0
2041054,John,1.0
2042346,Patrice,0.0
2043043,Jurgita,0.0
2045614,Llinos,0.0
2053884,Miriam,0.0
2054147,Scott,1.0
2054401,Pedro,0.0
2057268,Daniel,0.0
2058408,Christine,0.0
2058682,Elio,0.0
2060188,Mil,0.0
2060682,Alice,1.0
2060953,Portia,0.0
2064436,Alex,0.0
2067676,Faye,1.0
2068822,Ming,0.0
2069875,Nan And Sam,1.0
2072764,Emczek,0.0
2075856,Raquel,0.0
2076086,Caspar,1.0
2076439,Angela,0.0
2079482,Tamara,0.0
2081645,Jayme,1.0
2082014,Leilah,0.0
2089002,Laura,0.0
2090844,Holiday Properties International,0.0
2091917,Lloyd,1.0
2091957,Ros,1.0
2092204,Jirat-Orn,0.0
2092389,Sirichol,0.0
2093754,Antonia,1.0
2093785,James,0.0
2096176,Alisha,1.0
2098245,Dan,0.0
2098345,Fiona,1.0
2098510,James,0.0
2101086,Alistair,0.0
2101841,Kseniia,1.0
2102596,Simon,0.0
2102903,Fraser,0.0
2103623,Paradee,0.0
2106227,Hannah,0.0
2106464,Lexie,1.0
2107017,Natalia,1.0
2109314,Becky,1.0
2110774,Magnus,0.0
2111412,James,1.0
2116075,Manuel,0.0
2117678,London,0.0
2119157,Majella,0.0
2119423,Sarah,0.0
2119490,Sim,0.0
2119492,Ed,0.0
2119740,André,0.0
2119938,Firdoz,1.0
2120084,Costa,0.0
2122799,V J,0.0
2123470,Hannah,1.0
2124052,Joe,0.0
2124088,Corrine,1.0
2124185,Graham & Ivano,0.0
2125123,Sophie,0.0
2125620,Joivy England,0.0
2126954,Carmen,1.0
2127331,Laura,1.0
2128313,Kristian,1.0
2129668,Wimonpak,0.0
2130444,Plamena,1.0
2131052,Cam,0.0
2131091,Salt & City Stays,1.0
2132398,Andrei And Mia,0.0
2132532,Vv,0.0
2134435,Kassim,0.0
2136453,Amy,0.0
2136685,Anita,1.0
2138262,Joye,0.0
2139640,Samantha,0.0
2142370,Cecilia,0.0
2142959,Toby,1.0
2143362,Susan,0.0
2144799,Dulce,0.0
2146560,C,1.0
2147069,Shehani,0.0
2147071,Daniel,0.0
2147202,Pam,1.0
2149548,Jo,0.0
2150692,Wendy,0.0
2150890,Kingjan,0.0
2151378,Simon,1.0
2152059,Carol,0.0
2154457,Gary,1.0
2157755,Lime Street,0.0
2159248,Assi,0.0
2159317,Susana,0.0
2160128,Mercy,0.0
2163206,Judy,1.0
2163829,Sam,0.0
2167833,Roxy,0.0
2167935,Jeanie,0.0
2167992,Richard,1.0
2171005,Atiwat,1.0
2171270,Samuel Maxim,0.0
2171423,Davina,1.0
2173523,Benjamin,0.0
2174619,Adam,0.0
2175875,Alison,1.0
2176040,Udoma London,0.0
2178118,Markus,0.0
2178652,Cecilia,0.0
2178885,Mark,0.0
2182162,Emily,0.0
2182808,Sophie,0.0
2183050,James,1.0
2183938,Ruta,0.0
2187053,Harriet,0.0
2187998,Sicco,0.0
2188323,Guy,1.0
2189236,Fiona,0.0
2190350,Sandip Jashvant,1.0
2192724,Jay,0.0
2193052,Kelly,0.0
2193892,Ruth,0.0
2193944,Martin,0.0
2198017,Louise And Flavio,1.0
2198330,Rob & Emiko,1.0
2198603,Isabelle&Mustafa,0.0
2198824,Skye,0.0
2198860,Berry,0.0
2200681,Sarah,0.0
2201275,Georgina,0.0
2201425,Yoko,1.0
2205425,Aaron,0.0
2207704,Max,1.0
2210404,Ali,0.0
2210555,Sarah Jane,0.0
2210685,Silvia,0.0
2211384,Lori,0.0
2211429,Cleo,0.0
2213565,Gabriele,0.0
2213925,Jean,0.0
2214214,Michelle,0.0
2215101,Tanya,0.0
2218463,Isabelle,0.0
2220535,Joanne Louise,0.0
2221896,Alexia,1.0
2223526,Tunde,0.0
2224181,Judith,1.0
2224786,Annalise,1.0
2226490,Natalie,0.0
2226885,Georgina,0.0
2229160,Chun See Nancy,0.0
2229528,Nita,0.0
2231402,Kal,0.0
2231552,Caroline,0.0
2231664,Andrew,1.0
2231869,Jemma,0.0
2233669,Louis,1.0
2236620,Danna,0.0
2239135,Davide,0.0
2240892,Debbie,0.0
2242000,Charbel,0.0
2245371,Phaiwan,0.0
2246492,Noni,0.0
2246826,Ruth,1.0
2246896,Lindsay,0.0
2247085,Andrea,0.0
2247397,Kia,1.0
2247541,Stella,1.0
2248620,Chris,1.0
2249322,Theresa,1.0
2249366,Stephanie,0.0
2251306,Wendy,0.0
2252755,Jan,0.0
2254466,Dimitri,1.0
2254609,Sharon,1.0
2255011,Sarah,0.0
2255965,Tea,0.0
2256780,Rachael,0.0
2257784,Robert,0.0
2258435,Sarah,0.0
2258529,Erik,0.0
2258773,Laura,0.0
2260784,Michaela,0.0
2261907,Nick,0.0
2262131,Thomas,1.0
2262313,Irmina,0.0
2262785,Maximo,0.0
2264030,Hannah,0.0
2269531,Hannah,0.0
2271191,Alexandra,0.0
2271830,Annabell,1.0
2271979,James,0.0
2272022,Jessie,1.0
2272296,Nain,0.0
2275978,Valeria,0.0
2277028,Dieter,0.0
2281267,Shirin,0.0
2282822,Muzhan,0.0
2284487,Rafik And Evelin,1.0
2286170,Max,1.0
2288587,Imme,0.0
2288917,Matt,0.0
2289186,Serena,0.0
2290030,Alicia,0.0
2291145,Gary,0.0
2292543,Carmen,1.0
2293201,Daniel,0.0
2293668,Tony,0.0
2295417,Oliver,0.0
2296025,Vanessa,0.0
2298412,Simone,1.0
2300619,Annette,1.0
2303052,Caroline,0.0
2303671,Indiana,0.0
2303707,Ian,1.0
2305090,Ian,0.0
2308197,Alizeh,0.0
2308769,Craig,1.0
2308825,Rohan,0.0
2311101,Hannah,0.0
2311627,Nicole,1.0
2315641,John,0.0
2315890,Gianluca,1.0
2317258,Victor,0.0
2318407,Ugo,1.0
2319466,San,0.0
2319926,Mark,1.0
2322208,Giorgia,1.0
2322237,Lucy,0.0
2325433,Riki,0.0
2327623,Sara,0.0
2328765,Hortense,0.0
2328878,Nicki,0.0
2330517,Andrew,0.0
2331407,James,0.0
2332044,R,0.0
2336745,Anna,0.0
2338765,City Chick,0.0
2339482,Christina,0.0
2341641,Eric,1.0
2342789,Thomas,0.0
2343880,Clive & Terese,0.0
2344903,Bruce,1.0
2345859,Scott,0.0
2347320,Claire,0.0
2347450,Michael & Johnny,0.0
2347517,Belinda,0.0
2348054,Kay,0.0
2349744,Here & There Stays,0.0
2350397,Aida,1.0
2350442,Neil,1.0
2351093,Mirko,0.0
2352877,Sophie,0.0
2353375,S,1.0
2353387,Roya,0.0
2354821,Monique,1.0
2355119,Jacob,1.0
2355396,Martin,0.0
2356200,Brendan,0.0
2356970,Garth,0.0
2357596,Loretta,0.0
2357811,Jill,1.0
2362913,Tony,0.0
2366319,Olivia,0.0
2366672,Deborah,1.0
2368660,Anastasios,0.0
2369003,Azfar,0.0
2369445,Regan,0.0
2371677,Agi,1.0
2372338,Stephan,1.0
2374949,Lisa,0.0
2375765,John,1.0
2379677,Lora,0.0
2382601,⁨J (And Family)⁩,0.0
2385029,Elise,0.0
2388217,Jenni,1.0
2389272,Bua,1.0
2392896,Emilio,0.0
2393546,Jack,0.0
2395775,Alexis,1.0
2396101,Lina,0.0
2397013,Jessica,0.0
2398949,Verginett,0.0
2399672,Marco,1.0
2399902,Stephanie,1.0
2401859,Clarissa,0.0
2404902,Prin,1.0
2407025,Greek Bnb,1.0
2407530,Sue,0.0
2407874,Chinanu,0.0
2411163,Giuliana,1.0
2413279,Alice,1.0
2413601,Claire,1.0
2414771,Clare,1.0
2417453,Marcos,0.0
2417517,Joel,0.0
2418349,J@Mes,0.0
2418408,Chait,0.0
2418826,Eytan,0.0
2420883,Andrew,1.0
2421578,Victor,1.0
2424271,Damien,0.0
2424878,Mohammad Omer,0.0
2425903,Nicky,0.0
2426168,Marc,0.0
2430332,Meth,0.0
2430835,Chris,1.0
2433851,Deborah,0.0
2434308,Olesya,1.0
2434390,Pam,0.0
2434639,Anita,0.0
2435093,Pilar,0.0
2435250,Mellani,0.0
2435974,Oana,0.0
2437571,Hindu,0.0
2439819,Zoe,1.0
2440448,Philippa,0.0
2441153,Amy,0.0
2443025,Zazithorn,0.0
2443709,Hanna,0.0
2443946,Basheer,0.0
2445705,Mo Nazim,0.0
2447574,Nesho,0.0
2450066,Hotelesque,1.0
2452343,Yitzhak-Balfour,0.0
2453353,Anthony,0.0
2453397,Dan,0.0
2454461,Dean,1.0
2458331,Umi,0.0
2462563,J,0.0
2465356,Wamiq,0.0
2465634,Steven,1.0
2467762,Jonathan,0.0
2472356,Justine,0.0
2473149,Anna,1.0
2473538,Ailin,0.0
2473959,Louise,1.0
2477639,John,0.0
2477928,Teresa,0.0
2479900,Portia,1.0
2480582,Mandy,0.0
2481199,Karan,0.0
2481602,Sunny,1.0
2481790,Abbie,0.0
2482516,Katrin,0.0
2483466,Yeonju,0.0
2484288,Violetta,1.0
2486565,Dror,0.0
2487652,Alex,0.0
2488718,Stuart,1.0
2489206,Jack,0.0
2489330,Darius,0.0
2489382,Mari,0.0
2489500,David,0.0
2489676,John,0.0
2490200,Mj,0.0
2490323,Ben,0.0
2490500,Lucas,0.0
2491284,Georgia,0.0
2491723,Gina,0.0
2492065,Corrado,0.0
2494583,Nabila,1.0
2495327,Jude,0.0
2497826,Thanawat,0.0
2498515,Robert,0.0
2500068,John,0.0
2500672,Gabriella,1.0
2501830,Neela,0.0
2501849,Violeta,0.0
2501970,Esteban,0.0
2502356,Victoria,1.0
2504162,Melissa,0.0
2504644,Renata,1.0
2510876,Gaziza,0.0
2514268,Mizanur,0.0
2514843,Ms Yura,1.0
2517726,Marco,1.0
2517950,Kate,1.0
2518600,Carolina,1.0
2519975,Lynne,0.0
2520069,Chris,0.0
2520997,Kasia,1.0
2523031,Michael,0.0
2523614,Soon,1.0
2524195,Aron,1.0
2526454,Stefania,0.0
2526516,Lol,0.0
2527148,Imogen,1.0
2528030,Geraldine,0.0
2528837,Ugo,0.0
2529374,Olaomo,0.0
2531619,Jelena,1.0
2532222,Guy,0.0
2533187,Petra,1.0
2534228,Duccio,1.0
2534693,Jane,0.0
2536030,Lisa,0.0
2536349,Jeremy,1.0
2536951,Diego,0.0
2540535,Anastasia,0.0
2540787,Ksenia,0.0
2540943,Ana,1.0
2546459,Susan,1.0
2549418,Danielle,0.0
2549882,Josh,0.0
2550655,Aline,1.0
2550828,Jodie,1.0
2551917,Kate,0.0
2553226,Bethia,1.0
2554266,Kate,0.0
2554669,Louisa,0.0
2557253,Astrid Schulz,0.0
2558794,Zhenzhen,0.0
2559874,Sabine,0.0
2560793,Valerie,1.0
2562216,Robert,0.0
2562792,Joe,0.0
2563886,Patsy,1.0
2564851,Rls,0.0
2565061,Edris,0.0
2565699,Maria Cecilia,1.0
2567739,Lai,1.0
2568669,Issara,0.0
2570209,Maria & Graham,1.0
2570218,Sarah,0.0
2570275,Phil,0.0
2571346,Apiwat,0.0
2571400,Emre,0.0
2571671,Daria,1.0
2571908,Vera,1.0
2573225,Ward,0.0
2574023,Leah,0.0
2574291,Malcolm,0.0
2574556,Sam,0.0
2577380,Louise,1.0
2579007,Anna,0.0
2579329,Johann,0.0
2583508,Adrian,0.0
2586526,Anna,0.0
2587136,Melody,1.0
2587956,Dharshan,1.0
2588754,Della,0.0
2589828,Max,0.0
2590194,Olivia,0.0
2594842,Justin,0.0
2594885,Robert,1.0
2595072,Derek,0.0
2596260,Markus,1.0
2596412,Sara,0.0
2597684,Karthik,0.0
2599290,Chris And Renata,1.0
2601954,Katie,0.0
2603416,Polly,0.0
2603579,Flavia,1.0
2604545,Pierre,0.0
2604557,Suresh,0.0
2605151,Dana,0.0
2608240,Luis,1.0
2610426,Mehregan,0.0
2612848,Marcus,0.0
2614934,Renata,0.0
2615196,Simone,0.0
2617107,Michelle,1.0
2624304,Baggie,1.0
2625384,Mike,0.0
2627586,Ronald,0.0
2628902,Kyle,0.0
2630651,Michael,0.0
2631683,Renata,0.0
2631986,Wanjiru,0.0
2633371,Sophie,0.0
2634129,Daniel,0.0
2634160,Raul And Carolina,0.0
2635417,Sabrina,0.0
2636784,ChanSlow,1.0
2636935,Natasha,0.0
2638204,Brandon,0.0
2639063,May,0.0
2641196,Cecilia,0.0
2641876,Pim,0.0
2642660,Daniel,0.0
2643245,Tom,0.0
2645336,Philip,0.0
2645421,Sybille,0.0
2648082,Sarah,1.0
2649331,Ann-Maree & Malcolm,1.0
2652000,Diana,1.0
2653265,Spencer,0.0
2653397,Claire,0.0
2653461,Esther,1.0
2653911,"Françoise, Maurice",0.0
2659258,Graham,1.0
2659876,Michele,1.0
2660135,Brendan,1.0
2662178,Jamie,1.0
2662335,Omer,0.0
2663774,Veronika,0.0
2663868,Ann,0.0
2664467,Camilla,0.0
2665185,Maryam,0.0
2666480,Sarah,0.0
2667699,Natacha,1.0
2668011,Shereen,0.0
2669472,Sarah,1.0
2669599,Alastair,0.0
2672153,Rich,0.0
2673201,Daryl,0.0
2676835,Hsoloscargo Residentcubes,0.0
2677068,Georgina,0.0
2677631,Kingsley,0.0
2678790,DRoo,0.0
2679927,Áine,0.0
2689290,Tatyana,0.0
2689849,Matt,0.0
2690474,Rob,0.0
2691048,Marsha,1.0
2691769,Marc,1.0
2692893,Giorgio,1.0
2695504,Kim,1.0
2695724,Irena,0.0
2699450,Sonya,0.0
2700283,YildiZ,0.0
2701246,Michal,1.0
2701975,Amy,0.0
2703897,Christina,0.0
2705499,Julie,0.0
2705906,Patricio Sean,0.0
2707173,David,0.0
2709474,Monica,1.0
2710582,Daniel,0.0
2710982,Rhonda,1.0
2712908,Freddy,1.0
2713883,Roza,0.0
2715013,S,0.0
2716950,Marie,0.0
2718130,Yeazmin,0.0
2720314,Susanne,0.0
2722884,Sophie,0.0
2723671,Kurt,1.0
2724587,Kate,0.0
2725108,Annabelle And Ben,1.0
2725174,Michele,0.0
2730797,Sophie,0.0
2731071,Natalie,0.0
2731087,Mark,0.0
2731638,Noor,0.0
2739217,Rebecca,1.0
2741606,Jenny,0.0
2743831,Imogen,1.0
2745406,Matteo,0.0
2746462,Alex,1.0
2747119,Clare Frances,1.0
2749047,Hedge And Britt,1.0
2749987,Anne,0.0
2751830,Alan,0.0
2752858,Jennie,1.0
2753430,Benjamin,0.0
2754020,Raquel,0.0
2754089,Goldy,0.0
2754890,Tasneemi,0.0
2756287,Courtney,0.0
2756771,Haritini,1.0
2758778,Tess,1.0
2759383,Alexis,0.0
2759967,Matthew,0.0
2766666,Monika,0.0
2768594,Samia,0.0
2769192,Jesse,0.0
2769843,Ewan,1.0
2769968,Hugo,1.0
2770598,Moriya Rockman,1.0
2771080,Francesca,0.0
2771991,Martin,1.0
2773120,Lila,0.0
2776658,Leigh,0.0
2778256,Dominic,1.0
2778469,Flora,0.0
2779990,Howard,0.0
2781211,Nisa,1.0
2785341,Peter,0.0
2786127,Rob,0.0
2786215,Emma,0.0
2786490,Ben,0.0
2787767,Clare,0.0
2792135,Kathy,0.0
2794642,Claire,0.0
2797111,Kirstine,0.0
2797552,Amalia,0.0
2797706,Spyro,0.0
2798276,Barna,0.0
2798663,Paul,0.0
2799789,Botanical Boys,1.0
2800733,Michael,1.0
2804404,Jennifer,1.0
2807074,Barbara,1.0
2807309,Natalie,0.0
2809042,Michele,1.0
2810758,Roberta,0.0
2811689,Josh,0.0
2814073,Matthew,0.0
2814730,Jennifer,1.0
2817806,Emily,0.0
2819024,Daniel,0.0
2819865,Rasa,1.0
2820770,Viktorija,0.0
2820891,Chris,1.0
2821260,Jana,0.0
2821391,Kim,0.0
2822938,Roland,0.0
2825027,Stephanie,0.0
2827057,Timothy William,0.0
2827493,Jayne,0.0
2828480,Jeanne,0.0
2829357,Nataliia,1.0
2829675,Rebecca,1.0
2830283,Lucile,1.0
2831055,Marisa,0.0
2832315,Lau,0.0
2839073,Kirsty,0.0
2839115,Indra,0.0
2839193,Kevin,1.0
2841313,Vali Waltraud Ingrid,0.0
2844049,Naila,0.0
2845755,Sophia,0.0
2847618,Maggie,0.0
2849451,Champ,0.0
2851435,Narayan,0.0
2852742,Andrew Tse M,1.0
2855698,David,1.0
2856353,Kallirroi,0.0
2859602,Becky,0.0
2863862,Nickie & Greg,0.0
2864686,Anastasia,0.0
2865675,Thor,0.0
2867125,Lily,0.0
2867413,Gemma,1.0
2867920,Hannah,1.0
2872981,Allison,1.0
2874517,Ross,1.0
2876123,Vilma,1.0
2878662,Tiron,0.0
2882565,Shazia,1.0
2884044,Nina,1.0
2884088,Angelika,1.0
2884347,William,0.0
2884661,Sami,0.0
2887305,Claudio,0.0
2887751,Peter,0.0
2889915,Apollinariia,0.0
2892789,Lexi,0.0
2895538,Guy,0.0
2896612,Brett,1.0
2896961,Naile,1.0
2896963,Sid,0.0
2898126,Charles,0.0
2899698,Guillaume,0.0
2900824,Mick,0.0
2901897,Phillip,0.0
2902129,Sert,0.0
2902563,N,0.0
2907469,Joan,1.0
2907594,John,0.0
2911829,Aliona,1.0
2912115,Tara,1.0
2914419,Liz,1.0
2915683,Jason,0.0
2919661,Paul,1.0
2920392,Vijay,1.0
2924223,Fernanda,1.0
2924579,Rob,1.0
2924974,Rupert,0.0
2928543,Jamie,0.0
2928652,Claire,0.0
2929405,Caroline,0.0
2931187,Watcharee,0.0
2931343,Jon,0.0
2932604,Kevin,1.0
2933052,Xenia,0.0
2933941,Iain,0.0
2934677,Joanna,1.0
2937442,Spider,0.0
2938071,Eddie,0.0
2938681,Shushann,1.0
2939069,John,0.0
2939650,Sarah,0.0
2939705,Laura,1.0
2940182,Stan And Monica,1.0
2940283,Gael,0.0
2940314,Villi,1.0
2940438,Kinifrog,1.0
2943461,Christina,1.0
2947320,Fatmatta Bintu,0.0
2948820,Margaret,0.0
2950360,Alana,0.0
2951231,Binit,1.0
2951257,William,0.0
2952090,Joelle,1.0
2953299,Sarah,0.0
2953480,Philippa,0.0
2953790,Laszlo,0.0
2954058,Charles,1.0
2958507,Patrick Eztaban,1.0
2963990,Felix,0.0
2964847,Jacob,0.0
2965863,Graziella,0.0
2968294,Clare,0.0
2971591,Simon,0.0
2973550,Hywel,1.0
2973845,The Residences At C&C,1.0
2974624,Kirsty,0.0
2974942,Alexandr,0.0
2975454,Emma,0.0
2975807,Ingo,0.0
2976123,Eryka,0.0
2978987,Atin,0.0
2979288,Rosalind,0.0
2980009,Lee,0.0
2980956,Nava,0.0
2981012,Val,1.0
2982363,Indi,1.0
2985376,Lynn,0.0
2988308,Matthew,1.0
2989926,Sarita,1.0
2992210,Veronika,0.0
2993971,Joel,0.0
2994072,Sophie,0.0
2994605,Francesca,0.0
2997213,Venetia,0.0
2998091,Ted,1.0
2999259,Dino,1.0
2999334,Dana And Benjamin,1.0
3003150,Rosey,1.0
3003247,Lotte,0.0
3004161,Sean,0.0
3005827,Simon,0.0
3005980,Christine,0.0
3008010,Anders,1.0
3008235,Monika,0.0
3008577,Johnny,1.0
3011339,Patrizia,0.0
3013746,Brooke,0.0
3014890,Hazel,0.0
3014928,Alex,1.0
3015174,Jeremy,1.0
3015706,Liza,1.0
3017392,Amanda,1.0
3018331,Patrick,0.0
3018545,Susan,0.0
3018812,Jeff,1.0
3018968,Marta,0.0
3019200,Zoe,0.0
3020848,Mayank,0.0
3024412,Clare,0.0
3024859,Katie,0.0
3026698,Shamil,1.0
3030663,Elizabeth,0.0
3030957,Tryce,0.0
3032019,Lauren,1.0
3033888,Lynda,1.0
3034347,Jonothan Geoffrey Tulloch,1.0
3038768,Sophie,0.0
3041035,Lisa,0.0
3046924,Contemporary Hotels,1.0
3047357,Carly Amber,1.0
3047659,Pan,0.0
3050781,Julie,0.0
3050788,Ali,1.0
3051527,Sacha,0.0
3053083,Stephen,0.0
3054279,Sam & Nidhi,0.0
3055618,Devi,0.0
3061512,Simone,1.0
3062365,Claudia,0.0
3062665,Marion,0.0
3063829,Jan,0.0
3066011,Angelica,1.0
3066403,Susan,0.0
3068646,Mariah,1.0
3073893,Yuvraj,0.0
3075895,Katherine,1.0
3075938,Stefania,1.0
3076231,Sara,0.0
3077523,Anais,0.0
3077719,Raissa,0.0
3078364,Karjvit,1.0
3079356,Graeme Douglas,0.0
3080227,May,0.0
3080722,Lily,0.0
3080977,Tal And Des,0.0
3084930,Kathrin,0.0
3086158,Mehul,0.0
3087031,Frances,1.0
3088023,Maureen,0.0
3088843,Paulo,0.0
3090814,Annie And James,1.0
3094383,Femi,0.0
3095762,Elaine,0.0
3096504,Alice,0.0
3097848,Ellenor,0.0
3098292,Maryam,0.0
3100545,Martin,0.0
3100588,Toby,0.0
3100627,Sarah,0.0
3101655,Megan,0.0
3106351,Beth,0.0
3107604,Benjamin,0.0
3108757,Maria,1.0
3109728,Bart | MoreThanStays,0.0
3111269,Ruth,1.0
3113361,Neelam,0.0
3118099,Debbie,0.0
3118724,Mariano,0.0
3123304,Karina,0.0
3123721,Jesse,1.0
3126616,Felicity,1.0
3126759,Jamie,0.0
3130997,Gina,0.0
3131083,Deb,1.0
3132949,John,0.0
3133774,Enrico,1.0
3134379,Sophie,0.0
3134457,Charlotte,0.0
3134972,Jonnie,1.0
3135297,Jose,0.0
3135841,Donovan,0.0
3141280,Mi Casa Su Casa London,1.0
3145792,Natalie,1.0
3145905,Barry,0.0
3145908,London Todd,1.0
3147764,Janetta,1.0
3154748,Sarah,0.0
3155500,Paul,0.0
3155639,Marcus,1.0
3163454,Annabelle,1.0
3164426,Sophie,0.0
3167749,Natacha,1.0
3167784,Rauf,0.0
3170617,Ava,1.0
3170793,Charlotte,0.0
3171401,Sophie,0.0
3171576,Adam,0.0
3174021,Albena,0.0
3174606,Kelly & Dan,1.0
3181256,Nastasha,1.0
3181521,Jakub,1.0
3181709,Tobias,0.0
3182622,Dana,0.0
3182961,Isaiah,1.0
3183123,Edwin,0.0
3185353,Jacina,0.0
3189446,Parveen,0.0
3192020,Mary Ann,0.0
3192596,Lucy,0.0
3194586,Adam,0.0
3196065,Jack,0.0
3204577,Georgia,0.0
3204676,Robin,0.0
3204843,Sam,0.0
3206655,Christine,0.0
3207193,Sebastian,0.0
3208777,Dries,0.0
3210443,Angeliki,0.0
3211701,Jordan,1.0
3215621,Shazia,1.0
3216572,Felix,0.0
3217459,Bumble Bee,0.0
3220682,Havana,0.0
3222935,Aki,0.0
3224826,Nurcan,0.0
3227710,Roxanne,0.0
3231864,Richard,0.0
3232710,Lone,0.0
3235585,Mariana,1.0
3235957,Samantha,1.0
3236232,Abraham,0.0
3237847,Sarah,0.0
3239679,Alexandra,0.0
3242912,Monika,0.0
3243013,Leah,0.0
3244084,Loukia,0.0
3248912,Maria,0.0
3252176,Richard,1.0
3253429,Daniel,0.0
3255905,Natasha,1.0
3256838,Ken,1.0
3262637,Carmen,1.0
3266569,Marion,1.0
3267176,Mirko,0.0
3269101,Jayne,0.0
3272822,Monica,0.0
3274605,Tom,1.0
3276177,Domenico,1.0
3276545,Kat,1.0
3278685,My Modernist Home,1.0
3279750,John,1.0
3286645,Angel,0.0
3288386,Rusla,0.0
3289153,Naynesh,0.0
3289190,Lara,0.0
3289296,Anton,1.0
3293536,Eve,0.0
3296933,Kristen,0.0
3297080,Sabrina,0.0
3297469,Raymond,0.0
3297576,Lesta,0.0
3306325,Jennifer,0.0
3307388,Joanna,1.0
3309009,Suzanne,1.0
3310113,Jeremy,0.0
3312814,John,1.0
3313818,Sofia,0.0
3315162,Pupe,1.0
3315887,Joel,1.0
3316223,Kathryn,0.0
3318107,Cherry,1.0
3318280,Rafael,0.0
3321284,Henry,0.0
3321706,Iain,0.0
3321910,Carl,0.0
3322446,Neil,0.0
3328473,Christian,0.0
3328651,David,0.0
3329259,David,0.0
3331038,Bronte,0.0
3331920,Rufus,0.0
3335256,Tamara,0.0
3337011,Lisa,0.0
3337265,Christine,0.0
3337868,Dante,1.0
3338642,Leo,1.0
3339039,Chantal,1.0
3341963,Samira,0.0
3346331,Bee,1.0
3347616,Nel,1.0
3347732,Osvaldo,0.0
3347956,Emily And Eduardo,0.0
3348412,Mikki,0.0
3350968,Paresha,1.0
3357180,Christina And Nic,1.0
3357227,Grace,0.0
3357385,Sarah,0.0
3357474,Rebecca,1.0
3358460,Lina,0.0
3359272,Vera,0.0
3363054,Judith,1.0
3364327,Fabio,0.0
3365272,Patrick,1.0
3366272,Catalina,0.0
3366941,Kristina,0.0
3367180,Melinda,1.0
3368580,Hannah,0.0
3370009,Danielle,1.0
3374137,Andrew,0.0
3377890,Bernadette,0.0
3379872,Sara,0.0
3381734,Jane,1.0
3385544,Troy,1.0
3385806,Victoria,0.0
3386393,Brad,1.0
3391161,Gerhard,1.0
3392914,Massimo,0.0
3393096,Peter,1.0
3393100,Fergus,0.0
3397153,Juanjo,0.0
3397262,Xavier,0.0
3399224,Jeff,1.0
3399772,Julie,1.0
3399875,Zalia,0.0
3403348,Catriona,0.0
3403527,Adam,0.0
3404572,CYcy,0.0
3408164,Nicholas,1.0
3410606,Kate,1.0
3414173,Alex,1.0
3414939,Renata,1.0
3415820,Ana,0.0
3420086,Taimi,0.0
3423320,Sergio Boutique Collection,0.0
3429421,Jennifer,0.0
3430588,Laura,1.0
3430668,Mark,1.0
3431957,Nicola,1.0
3432020,Lisa,0.0
3438029,Rayna,1.0
3438314,Kate,0.0
3438597,Katie,0.0
3438956,Jennifer,1.0
3442146,Aimee,1.0
3443618,John,0.0
3444941,Jingjing,0.0
3446686,Gilles,0.0
3448916,Alexandros,0.0
3450997,Martyn,0.0
3451820,Leah,0.0
3452873,Shannon,0.0
3454496,Chris,1.0
3454785,Gary,0.0
3455244,Firoozeh,1.0
3455498,Paul,1.0
3456253,Susannah,0.0
3459498,Kay,0.0
3460100,Vicky,0.0
3463134,Pauline,0.0
3463824,Josh,0.0
3467055,Upko,0.0
3467363,Olivia,1.0
3468091,Pakorn,0.0
3468105,Sarah,0.0
3468881,Sarah,0.0
3472841,Virginie,0.0
3472888,David & Natalja,0.0
3474122,Ilenia,0.0
3475606,Jane,1.0
3476950,Elisa,1.0
3478187,Jaz,1.0
3483909,Simon,0.0
3484381,Marie,0.0
3484536,Whitney,1.0
3488689,Patrick And Bea,1.0
3488854,Sayes,0.0
3492473,Christina,0.0
3494121,Oliver,1.0
3498310,Prema,0.0
3500914,Joanna,1.0
3503937,Naj,1.0
3505869,Sue,0.0
3508052,Jeanefer,0.0
3511146,Nemile,0.0
3511295,Lillian,1.0
3513282,Natalie,1.0
3513553,Maurice,0.0
3514791,Grace,0.0
3516160,Sarah,0.0
3516476,Ric,0.0
3519575,Roya,0.0
3519865,Felipe,0.0
3524679,Ioana,0.0
3526500,Maurice,0.0
3526741,Sam,0.0
3527804,Alissa,0.0
3529792,Hollie,0.0
3530023,Eileen,1.0
3532023,Ben,0.0
3534254,Enrico,0.0
3534945,Taylan,0.0
3535378,Ann,1.0
3536706,Supasid,1.0
3537498,Hilda,1.0
3539387,Paul,0.0
3540731,Anna,0.0
3545179,Lotte And Alex,0.0
3546350,Angela,0.0
3548234,Samantha,1.0
3551811,Sam,1.0
3556114,Carmen,0.0
3557636,Jan,0.0
3558255,Jill,1.0
3562576,Lee,1.0
3562761,Alexandre,0.0
3564414,Paris,0.0
3565042,Lorraine,0.0
3565123,Katherine,0.0
3565846,Craig,1.0
3566607,Divya,0.0
3569660,Rajesh,0.0
3570687,Trish,0.0
3572959,Adrian,1.0
3575498,Claudia,0.0
3578531,Jo,0.0
3580912,Aylin,0.0
3581160,Gordon,1.0
3581217,Céline,0.0
3581824,Genevieve,0.0
3582151,Esther,1.0
3582895,Krista,0.0
3582986,Antonio,0.0
3583301,Louisa,1.0
3584833,Shirley,1.0
3589764,Erika,0.0
3591722,Wesley,0.0
3594086,Louise,1.0
3596279,Kriszti,0.0
3598020,Robin,0.0
3598054,Gabriella,0.0
3600805,Pedro,0.0
3600837,Maryellen,0.0
3600856,Angus,1.0
3601892,Manuel,0.0
3603425,Matilda,1.0
3604469,Samantha,1.0
3605245,Garry,0.0
3605488,Laura,0.0
3608972,Francisco,0.0
3608981,Amy,0.0
3610926,Remo,1.0
3611573,Joe,0.0
3615148,Chris,0.0
3617088,Tim,1.0
3620038,Way,0.0
3624229,Giovanna,0.0
3624672,Nick,1.0
3627525,Leonardo,1.0
3630544,Germán,0.0
3631357,Marianne,1.0
3634213,Kieran,0.0
3634826,Zoe,0.0
3636203,Helen,1.0
3637552,Camilla,0.0
3637709,Zak,1.0
3639963,Shi Yue,0.0
3641888,Kathryn,0.0
3644025,Pavlos,1.0
3645455,Tracey,1.0
3646310,Preeti,1.0
3647652,Jane And Jamil,1.0
3651007,Emma,1.0
3651202,Amaia,0.0
3651690,Sophie,0.0
3652271,Ashley,0.0
3653022,Matt,0.0
3653313,Susie,0.0
3658214,Lenny,0.0
3658861,Rebecca,0.0
3659073,Bea,0.0
3660280,Arno,1.0
3660836,Julia,1.0
3663268,Catherine,0.0
3664279,Jeremy,0.0
3666625,Gustavo,0.0
3668050,Abi,1.0
3670579,Lorna,0.0
3675892,Carolina,0.0
3677837,Leah,1.0
3677845,Matthew,1.0
3678992,Neil,0.0
3680193,Sam,0.0
3680524,Victoria,0.0
3680566,Billy,1.0
3680814,Blaise,0.0
3681944,Wolfgang,1.0
3684814,Aysu,0.0
3684834,Denesh,0.0
3685456,Aamir,0.0
3687352,Caz,0.0
3687903,Heather,0.0
3689012,Sophie,0.0
3689364,Aodh,0.0
3690214,Samantha,0.0
3690609,Zoe,0.0
3690733,Rachel,0.0
3691056,Galina & Roman,0.0
3697142,Claire,1.0
3697847,Josh,0.0
3698299,Rachel,1.0
3699017,Yolande,1.0
3699168,Leoni,0.0
3702527,Leisel,0.0
3706591,Felicity,1.0
3707831,Ollie,0.0
3708918,Daisy,1.0
3712910,John,0.0
3714303,Ming,1.0
3718610,Mitch,0.0
3720410,Jane,0.0
3722803,Michael,0.0
3722837,Mel,1.0
3723223,Jules,0.0
3723289,Amir,1.0
3723472,Matti,1.0
3724145,Alexis,0.0
3725101,Lucy,0.0
3725490,Wilder,0.0
3725538,Mirella,0.0
3725657,Louise,0.0
3726453,Ekin,0.0
3727024,Helena,0.0
3727723,Katy,0.0
3729161,Paula,0.0
3729906,Christina,0.0
3732655,Mante,0.0
3733174,Vanessa,0.0
3733238,Lg,1.0
3734436,Chok,0.0
3739313,Sally,0.0
3745613,Yvonne,0.0
3746016,Ben,1.0
3747398,Skyfall,0.0
3750190,Gary,1.0
3750791,Artur,0.0
3754754,Ashley,0.0
3756306,Annamaria,1.0
3756593,Aimi,0.0
3757079,Nadapat,0.0
3757960,Sov,1.0
3760598,Saida,0.0
3761693,Elena,1.0
3764952,Nicky,0.0
3765042,Grant,1.0
3768503,Phyllis,0.0
3771741,Dominic And Rex,0.0
3773160,Kate,1.0
3774030,The Boutique,1.0
3775524,Marcus,0.0
3776073,Miklos,0.0
3779475,Kyle,1.0
3780598,Rose,0.0
3781276,Sophie,0.0
3781441,David,0.0
3782079,Gerri,1.0
3785627,Nils & Julia,0.0
3785907,Tavis,0.0
3787384,Michael,0.0
3788492,Hannah,0.0
3788658,Simon,0.0
3788724,Kong,1.0
3790746,Natasha,0.0
3792022,Laurie,1.0
3794797,Maria,0.0
3797580,Smart Solutions,0.0
3797598,Anika & Gwith,1.0
3801633,Ana & Matt,0.0
3804702,Sophie,0.0
3809805,Kseniya,1.0
3809876,Alessandra,0.0
3809995,Charlotte,1.0
3810158,Carol-Anne,0.0
3811830,Filipa,0.0
3811886,Mawa,0.0
3814081,Siobhan,0.0
3815614,Diane,0.0
3821178,Jordan,0.0
3821609,Amanda,1.0
3822323,Julia,0.0
3822639,Sylwia,1.0
3827459,Pascal,0.0
3829218,Sophie,0.0
3832033,Angela,1.0
3832480,Stephanie,0.0
3832718,Ahmad,0.0
3836100,Alex,0.0
3836752,Carolina,0.0
3837371,Joel,0.0
3843820,Flora,1.0
3844170,Chaochao,0.0
3844610,Louise,0.0
3850262,Liri,0.0
3851320,Kenny,0.0
3851961,Mark,0.0
3853211,Dalia,1.0
3856232,Antonia,0.0
3856476,Gayle,0.0
3857242,Sarah,0.0
3858599,Smita,1.0
3865759,Reza,0.0
3865811,Joseph,0.0
3866268,Renata,0.0
3868159,Anjalika,0.0
3870708,Keagon,0.0
3873406,Jennifer,1.0
3875323,Lee,0.0
3877382,Paul,1.0
3881571,Suzanna,1.0
3882146,Suzanna,0.0
3882199,Sarah,0.0
3884878,Michael,0.0
3887131,Vasilica,0.0
3888113,Jubilee,0.0
3888806,Nulek,1.0
3891159,Andrea,0.0
3891987,Sam,0.0
3893383,Brianna,0.0
3893507,Manuel,1.0
3893762,Greg & Vanessa,1.0
3894968,Victoria,0.0
3899030,Xin,0.0
3911595,Giorgio,0.0
3912616,Rachel,0.0
3917790,Mark,1.0
3919106,Bernadine,1.0
3923861,Jonathan,0.0
3927575,Tope,1.0
3928336,Sarah,0.0
3931060,Michelle,0.0
3932725,Paul,0.0
3934826,Guy,1.0
3936839,Caitriana,0.0
3937347,Nina,0.0
3941326,Ali,0.0
3943009,Julie,1.0
3945160,William,1.0
3945855,Suriya,0.0
3947137,Maria,0.0
3948344,Siobhan,1.0
3949549,Paula,0.0
3949857,Kerry,0.0
3950110,Chris,1.0
3950725,Alberto,0.0
3954308,Matthew,1.0
3954596,Finn,0.0
3955539,Sam,0.0
3957749,Matthew,0.0
3958736,Al,0.0
3962510,Stuart,0.0
3968086,Deborah Mekbib,1.0
3969502,Maxine,0.0
3972585,Julie,0.0
3973749,David,1.0
3976074,Wai,0.0
3976961,Nevena,0.0
3979460,Jacob,0.0
3979490,Timothy,0.0
3981835,Gil,1.0
3983924,Katie,0.0
3985112,Sean,0.0
3988747,Natasha,0.0
3989023,Samantha,0.0
3989204,Joey,0.0
3989678,Prem,0.0
3990592,Sophie,0.0
3993655,Jessica,0.0
3993692,Naomi,0.0
3995775,Eric,1.0
3996408,Eleanor,0.0
3998345,Veronica,1.0
4000290,Bruce,0.0
4002998,Ajay,0.0
4007228,Arsupol,1.0
4009698,Andre,0.0
4012362,Susannah,0.0
4015426,Jack,0.0
4016506,Alexander Thomas,0.0
4016755,Nunthanut,0.0
4021141,Izo,0.0
4021812,Rastic,0.0
4027232,Tian,0.0
4032805,Angela,0.0
4035623,Fred,1.0
4036485,Nicola,0.0
4036676,Jean,0.0
4037665,Keya,0.0
4039075,Ian,1.0
4039436,Ian,0.0
4039532,Martina,1.0
4040795,Dora,0.0
4045737,Emily,0.0
4045965,Angela,0.0
4046728,Vivien,0.0
4050814,Sophie,0.0
4053630,Elena,0.0
4054638,Mona,0.0
4058388,Herb,1.0
4058583,Paolo,0.0
4061302,Iva,0.0
4062301,Hannah,1.0
4063419,Bartley,0.0
4064238,Rosalind,1.0
4064740,Leanne,0.0
4068265,Daniela,0.0
4069503,Laura,0.0
4070318,Rosana,1.0
4070562,Ben,1.0
4072553,Lucy,0.0
4073179,Mariam,0.0
4073204,Lindsay,1.0
4076178,Toral,0.0
4076280,Thomas,1.0
4078782,Dean,0.0
4083252,Marigold,1.0
4086714,Raluca,0.0
4089104,Nick,1.0
4089777,Sandra,1.0
4091781,Giuls,1.0
4091939,Amona,0.0
4093276,Dionne,0.0
4095939,Alexia,0.0
4096361,Laurence,0.0
4098517,Wai Kuen,0.0
4099655,Hong,0.0
4100838,Siri,1.0
4100931,Louise,1.0
4101374,Nikoleta,0.0
4103739,Alexander,0.0
4105211,Xanthe,0.0
4105985,Aleksandra,1.0
4106216,Kateryna,0.0
4108669,Lydia,1.0
4109713,Mita,1.0
4113664,Suchada,1.0
4115838,Primrose,0.0
4117536,Pim,0.0
4117986,Sam,0.0
4118485,Holly,0.0
4118810,Siro,1.0
4120423,Clem,0.0
4120451,Grace,0.0
4123572,Laura,1.0
4123671,Sarah,0.0
4124696,Baraa,0.0
4125956,Katy,0.0
4127889,Pedro,0.0
4132298,Lee,1.0
4132677,Gordana,1.0
4133166,Pasquale,0.0
4134681,Courtney,0.0
4137192,May,0.0
4138170,Kevin,1.0
4146800,Christine,0.0
4149574,Amy,0.0
4151041,Bath Hosting,1.0
4154571,Pamina,0.0
4154759,Mimi,0.0
4157822,Sarah,1.0
4158082,Emily Helen,0.0
4162633,Robert,0.0
4164976,Alice,0.0
4166360,Catalin,0.0
4167816,George,1.0
4168259,Jamie,1.0
4168657,Barry,0.0
4171457,Nabila & Ben,1.0
4171658,S,0.0
4174018,Ulyana,0.0
4174315,Photoulla,0.0
4174387,Kevin,0.0
4175000,Sophie,0.0
4177809,Shannon,0.0
4178584,Sheena,1.0
4182982,Caz,0.0
4183968,Lucy,0.0
4185654,Vivian,1.0
4187991,Henri,0.0
4190287,Andrew,0.0
4192558,Ann,0.0
4194823,Janet,0.0
4195809,Paul,0.0
4196698,Neal,0.0
4197874,Kerry,1.0
4204314,Ilana,0.0
4205284,Danielle,0.0
4205591,Paul,0.0
4205622,Samantha,1.0
4206143,German,0.0
4207633,Peter,0.0
4208875,James,1.0
4209065,Onyi,0.0
4209940,Mark,0.0
4210529,Devi,1.0
4211663,Robyn,0.0
4212574,Tulio,0.0
4212735,Pui-Yu,0.0
4214864,Roisin,0.0
4216110,Alana,0.0
4218453,M,1.0
4221972,Emile,1.0
4223421,Martin,0.0
4227629,Jennie,0.0
4228177,Kasia,0.0
4228676,Bola,0.0
4228925,Pamela,0.0
4232117,Julie,0.0
4235413,Claire,1.0
4235518,Jeremy,0.0
4236093,Tessa,1.0
4238453,Jan,0.0
4244931,Lisa & Mark,0.0
4246851,Nikita,0.0
4249898,Kingsley,0.0
4250965,Jonathan,0.0
4253475,Pat,0.0
4254184,Dinda,0.0
4255646,Natasha,0.0
4257086,Gamal,0.0
4258487,James,1.0
4261235,Ajit,0.0
4262990,Simone,1.0
4268095,Ann,0.0
4271896,Nathaniel,0.0
4276537,Stefanie,0.0
4277518,Shyama,1.0
4277796,Firas,1.0
4277891,Bastian,1.0
4279663,Gema,0.0
4280165,Patricia,1.0
4281380,Andy,0.0
4281874,Daniel,0.0
4283004,Ian,0.0
4284237,Marcio Junji,0.0
4285042,Nooi,0.0
4285900,Ashley,0.0
4286437,Arnaud,0.0
4293833,Jefferson,0.0
4295000,Nathaniel,1.0
4296487,Paul,0.0
4298915,Awaba,0.0
4305356,Daniel,1.0
4307103,Julz,0.0
4308147,Dave,0.0
4310336,Paul,0.0
4311157,Et,0.0
4312000,Gervase,1.0
4312921,Tony,0.0
4313783,Caroline,0.0
4315388,Maria,0.0
4321720,"Jan, Ad & Dee",0.0
4322883,Cornel,0.0
4330005,Laura,0.0
4331441,Dan,0.0
4331787,Elizabeth,1.0
4333846,Claire,1.0
4334139,Dinesh,0.0
4335030,Hien,0.0
4337053,Dan,1.0
4340028,Rachel,0.0
4340898,Lisa,0.0
4342578,Adam & Eve,1.0
4344770,Andrea,0.0
4351250,Janio,0.0
4352187,Sunny,0.0
4357088,Fabio,0.0
4358703,Galina,0.0
4360298,Hannah,0.0
4360821,Wayne,0.0
4360903,Tara,1.0
4361433,Anna,0.0
4365801,Odysseus,0.0
4365977,Alexandra,1.0
4371695,Angeles,0.0
4375372,John,0.0
4376496,Don,0.0
4376844,Joe,1.0
4378157,Jason,0.0
4378205,Jane,0.0
4380787,Xenia,0.0
4380832,Martin,0.0
4381025,Thomas Andrew,0.0
4381385,Phil,1.0
4381402,Alice,0.0
4383007,David,0.0
4383054,Chris,1.0
4385665,野楓,0.0
4386102,Sarah,0.0
4390656,Catherine,0.0
4392096,Lara,0.0
4392470,Heidi,0.0
4394286,Eduardo,1.0
4394372,Allen Wing Sang,0.0
4395552,Daniel,0.0
4396217,Angela,0.0
4396337,Nicolo,0.0
4396467,Sujin,0.0
4398597,Robin,1.0
4399153,João Danilo,0.0
4400083,David,1.0
4401959,Marine,0.0
4403011,Flora,0.0
4403467,Kary,0.0
4404283,Miha,0.0
4410616,Joe,0.0
4412141,Laurie,0.0
4414697,Jah,0.0
4416247,Cassi,0.0
4416320,Gian,1.0
4420304,Jo,1.0
4421010,Amy,1.0
4421231,Randall,0.0
4422333,Clancy,0.0
4426496,Lucy,1.0
4430429,Kirsten,0.0
4430432,Marty,0.0
4432195,Adam,1.0
4434833,George,1.0
4435648,Chee Wah,0.0
4439257,Jasmina,0.0
4439317,Shannon,0.0
4440777,Iain,0.0
4442117,Ariane,1.0
4444165,Ravi,1.0
4445393,Benny,1.0
4446655,Manuel,0.0
4449539,Sha,1.0
4455728,Julie,0.0
4461562,Tiziana,0.0
4464739,Alan,1.0
4465697,Stephanie,0.0
4468266,Sofia,0.0
4470018,Sophie,0.0
4472286,James,0.0
4473322,Derek,1.0
4474430,Wendie,0.0
4474838,Sirihathai,0.0
4475443,Arnold,0.0
4479453,Jérôme,0.0
4480012,Andrew,0.0
4491009,Tony,0.0
4492294,Sonja,1.0
4493287,Jonathan,0.0
4498930,Vendula,0.0
4499065,Shakirah,0.0
4501829,John,0.0
4502887,Jeannie-Marie,0.0
4511944,Alina And Francisco,1.0
4515091,Sophie,1.0
4517723,Kannicha,1.0
4519270,Dorine,1.0
4519316,Richard,1.0
4520460,Karim,0.0
4523018,Sue,1.0
4523872,Jerome,1.0
4524553,Nico,1.0
4525598,Min,0.0
4526309,Juliette,1.0
4528479,David,1.0
4528986,Harold,1.0
4531267,Guneet,0.0
4531512,Harriet,1.0
4532360,Alexander,1.0
4536798,Dan,0.0
4539963,Sascha,1.0
4540801,Renee,1.0
4542626,Tina,1.0
4544731,Nazim,0.0
4549405,Carlos,1.0
4550426,Devin,0.0
4551633,JayJay,1.0
4551885,Kirsti,1.0
4556178,Alberto,1.0
4564252,Kay,1.0
4569434,Susan Mary,1.0
4572966,Eleonora,1.0
4578564,Samantha,0.0
4579254,Denis,0.0
4579491,AJ And Kris,1.0
4582767,Hannah,1.0
4584508,Leslie,0.0
4584641,Alina,1.0
4586306,Kannan,0.0
4586871,Felix,0.0
4590519,Rebecca,0.0
4592900,Kieran,0.0
4594144,Jacqueline,0.0
4595879,Gill,1.0
4597870,Daniela,0.0
4599008,Abimbola,0.0
4599351,Rebecca,0.0
4603075,Rory,0.0
4603320,Jonas,0.0
4604049,Neil,0.0
4604814,Livia,0.0
4604894,Gianmaria,0.0
4607908,Sophie,1.0
4607930,Hayley,1.0
4609520,Katherine,1.0
4610658,Caroline,0.0
4610858,Elly,0.0
4612396,Kate,0.0
4618565,Suraia,1.0
4619525,Elen,1.0
4620037,Talitha,0.0
4620366,Juliet,1.0
4620609,Alison,1.0
4622485,Charlotte,1.0
4622786,Gigi And Kieran,0.0
4626114,Mary,1.0
4632603,Paul,0.0
4635875,Julie,0.0
4637714,Patrick,0.0
4638701,Julien,0.0
4638757,Yael,1.0
4638873,Gregory,0.0
4638957,Aaron,1.0
4642504,Dasha,0.0
4644157,Tanya,0.0
4645697,Shirley,0.0
4647917,Chris,0.0
4654230,Clare,1.0
4655397,Jane,1.0
4657735,Jennifer,1.0
4658163,Amirreza,0.0
4659085,Maha,0.0
4660343,Sue,1.0
4661237,Chayanid,1.0
4664352,Kim,0.0
4665303,Lynne,1.0
4671121,Amelie,1.0
4674300,Rick,1.0
4674498,Patrick,0.0
4675097,Patricia,0.0
4679034,Michael,0.0
4685024,Adrienne,0.0
4688442,Colette,0.0
4690652,Thomas,0.0
4696220,Ricky,0.0
4696375,Jerry,1.0
4698912,James,1.0
4700593,Aliette,0.0
4700729,Simon,1.0
4701494,Vanessa,0.0
4701832,Matt,1.0
4703678,Amelia,0.0
4706094,Shivani,0.0
4706929,Sam,0.0
4712535,Andy,0.0
4714349,Haidee,0.0
4715770,Dipika,0.0
4715944,Ulrich,1.0
4719322,Philip,0.0
4720471,Wiliam,0.0
4721829,Silvia,0.0
4724381,Dan,0.0
4728645,Laura,0.0
4732220,Brooke,0.0
4734750,Tanya,1.0
4734940,Carmel,0.0
4735312,S Eddo,0.0
4735697,Renjit,0.0
4736514,Cammie,0.0
4738305,Laurie,0.0
4738694,Ildi,1.0
4741321,Gerry,1.0
4742495,Yatin,0.0
4745246,Majo,0.0
4745875,Ola,0.0
4746159,Eleni,0.0
4746489,Susie,0.0
4751570,Sophie,0.0
4753940,Sergio,1.0
4755816,Leslie,0.0
4757350,Jill,0.0
4758004,Webb,0.0
4759084,Ton,0.0
4759578,Naomi,1.0
4760016,Benjamin,0.0
4764802,Christina,0.0
4774834,Ingerlie,0.0
4775512,David,0.0
4785832,Thomas,0.0
4787208,Trish,1.0
4788832,Charlotte,0.0
4800856,Axel,0.0
4801305,Louisa,1.0
4802523,Richard,1.0
4803135,Tyson,0.0
4806486,Ana,0.0
4812718,Emma,1.0
4813247,Kristin,0.0
4815458,Lucia,1.0
4816622,Robert,0.0
4821653,Max,1.0
4822279,Max,1.0
4822404,Dea,0.0
4822639,Dan,1.0
4826200,Robin,1.0
4830153,Emma,1.0
4837112,Pimpatai,0.0
4840657,Laura,0.0
4842253,Pooh,1.0
4844413,Elena,0.0
4850692,Marco,0.0
4851065,Timothy,0.0
4852408,Elizabeth,0.0
4852890,Eric,0.0
4855233,Ian,1.0
4858906,Daniel,0.0
4860520,Ava,1.0
4862033,Adrian,1.0
4865874,Alyson Mowat,1.0
4866201,Olga,0.0
4868137,Simona,0.0
4868471,Greg,0.0
4869280,Gillian,0.0
4871762,Cheryl,1.0
4873609,Nicholas,0.0
4875176,Zarul,1.0
4879473,Noel,0.0
4882466,Pandora,1.0
4884180,German,0.0
4884561,Jenny,1.0
4885921,Phil,0.0
4886521,Sam,0.0
4887010,Kerry,0.0
4891639,Richard,0.0
4891955,Simon,1.0
4893835,Nicola,0.0
4895707,Sofia,0.0
4898704,Bea,0.0
4900267,Chris,0.0
4900644,Amanda,0.0
4903347,Roberto,0.0
4903605,Bernadette,1.0
4903912,Emmy,0.0
4906207,Joanna,0.0
4907836,Nady,1.0
4909547,Kurtulus,1.0
4910925,Ben,1.0
4911023,Jimmy,0.0
4912002,Moshe,0.0
4913308,Attakorn,0.0
4915356,Paan,1.0
4915883,Elizabeth,0.0
4916527,Matt,0.0
4916637,Chantal & Adam,0.0
4920960,Rosalind,1.0
4924053,Bee,0.0
4929115,Jonathan,0.0
4930265,Esmeralda,1.0
4931920,Leo,0.0
4936550,Choon,0.0
4938422,Mwa,0.0
4942765,Sergiy,1.0
4949582,Deirdre,0.0
4951625,Sven,1.0
4954454,Clara,0.0
4956113,Sarah,0.0
4958252,Claudia,0.0
4958358,Rosa,0.0
4958402,Kylie,0.0
4958587,Luciana,0.0
4959734,Sam,0.0
4961804,Charles,0.0
4966105,Serena,0.0
4966667,Hélène,0.0
4967724,Christiana,0.0
4972194,Alexa,0.0
4977155,Mervyn,1.0
4978219,Beatrice Mei P,0.0
4979010,DanstaysUK,0.0
4979028,Isabella,0.0
4980997,Michael,0.0
4981820,Emlyn,0.0
4985686,Zaccaria,0.0
4985825,Alex,0.0
4986150,Jo,1.0
4986361,Peter,0.0
4990088,Shahzad,0.0
4992917,Caitlin,0.0
4995302,Anthony,0.0
4995690,Faith,0.0
4997434,Brent,0.0
4999188,Jozef,0.0
5000790,Vanessa,1.0
5004324,Ray,1.0
5005074,Harriet,0.0
5005088,Kristos,0.0
5007351,Amy-Louise,0.0
5008895,Sukit,0.0
5009425,Vicki,1.0
5010029,Paul,0.0
5010512,Bibi,1.0
5010513,Michael,0.0
5014298,Marilena,0.0
5017743,Edward,1.0
5020007,Sandy,0.0
5021651,Trisita,1.0
5024528,Harry,0.0
5027083,Melanie,0.0
5028166,Dorothy,1.0
5030374,Gillian,0.0
5031559,Jamie,0.0
5032649,Laura,1.0
5033257,Polly,1.0
5034486,Luca,0.0
5034612,Moses,0.0
5036739,Vesna,1.0
5036811,David,0.0
5037477,Kate,1.0
5038059,William,0.0
5040447,Valerie,0.0
5041727,Linda,0.0
5047300,Katerina,0.0
5047820,Laurie,0.0
5056018,Lauren Melissa,0.0
5056094,Jen,0.0
5058197,Jonathan,0.0
5059233,Sophie,0.0
5061684,Zoe,0.0
5063192,Belinda,0.0
5065210,Alexandra,0.0
5065803,Jenny,1.0
5070959,Mark,1.0
5071539,Non,1.0
5071988,Sarah,0.0
5072454,Ko,0.0
5075979,Daniela,0.0
5076210,Rafael,0.0
5077821,Jon Paul,0.0
5078500,Charlotte,1.0
5079023,Anna,1.0
5082135,Sandra,1.0
5083636,Gabriela,1.0
5085889,Erika,0.0
5088183,Carolina,0.0
5089633,Kenny,0.0
5090135,Ciro,0.0
5091020,Tania,0.0
5093159,Jack,1.0
5097265,Henrietta,0.0
5099394,Hod,0.0
5100889,Steffen,0.0
5104017,Alejandro,1.0
5105271,Charlotte,0.0
5105333,Kojo,0.0
5110999,Jennifer,1.0
5112319,Sarah,1.0
5115364,Sergii,0.0
5116211,Teresa,0.0
5119233,Kate,1.0
5119882,Žuborova,0.0
5121932,Rebecca,0.0
5123509,Sian,0.0
5126382,Irma,0.0
5126383,Annie,0.0
5126633,Allan And Ashley,0.0
5128421,Sarah,1.0
5129317,Diana,0.0
5134198,RoPu,0.0
5135416,Ilana,1.0
5136768,Bhaarat,0.0
5136896,Bojan,0.0
5138321,Lachlan,1.0
5140133,Ning,0.0
5141116,Ami,1.0
5141827,Sandy,1.0
5142847,Jill,1.0
5144857,Luci,0.0
5145065,Ricardo,0.0
5147047,Sam,0.0
5147193,Supercity Aparthotels The Rosebery,1.0
5148333,Alena,1.0
5152107,Deborah,0.0
5152186,Senta,1.0
5152660,Marta,0.0
5154601,Frances,0.0
5155582,Amie,0.0
5155599,Rosa,0.0
5156889,Anneka,0.0
5157015,Lauren,0.0
5158298,Sandi,0.0
5158815,Sarah,0.0
5159158,Emma,0.0
5160290,Barry,0.0
5160715,Marleen,1.0
5161389,Kathy,0.0
5165543,Carolina,0.0
5165604,Adil,0.0
5167219,Kerrie,1.0
5167360,Bailey,1.0
5170859,Ben,0.0
5171118,Niklaus,0.0
5171286,Malka,0.0
5171292,Somsak,0.0
5172638,Jonathan,0.0
5173442,Steven,0.0
5177863,Antonio,0.0
5178131,Kal,0.0
5178903,Sally,1.0
5185211,Hugh,0.0
5186392,Nina,1.0
5188261,Kristi,1.0
5193297,Linda And Cem,1.0
5193888,Ruyu,0.0
5196358,Cecilia,0.0
5200952,Marina,0.0
5201194,Ralima,1.0
5201581,Richard,0.0
5204760,Caroline,0.0
5210937,Curated Property,1.0
5211090,Giovanni,1.0
5211945,Calum,0.0
5212668,Faye,0.0
5215877,Milan,1.0
5217605,Melanie,1.0
5218685,Meado,1.0
5219987,Bhakavadee,1.0
5223240,Sathianpong,0.0
5226702,Orp,1.0
5228252,Estelle,1.0
5231539,Portia,1.0
5233395,Richard,0.0
5236090,Alexandra And Leon,1.0
5241771,Fredrik,0.0
5243160,Stella,0.0
5245439,Ric,0.0
5245925,Yuxi,1.0
5249313,Mathilde,0.0
5252171,Denis,1.0
5254157,Dora,0.0
5255255,Tessa,0.0
5255614,Aude,1.0
5256028,Christopher,1.0
5260038,Great,0.0
5262100,Laurence,0.0
5262292,Kay,1.0
5262684,Rosa,0.0
5262934,Helen,0.0
5267689,Becky,0.0
5268435,Louise,0.0
5270576,Allison,0.0
5272505,Grace,0.0
5276255,Patisorn,1.0
5276314,Kulpreet,0.0
5282827,Peter,0.0
5286456,Rick,0.0
5286494,Maz,0.0
5290472,Elise,0.0
5295623,Perrine Elise,1.0
5295814,Colin,0.0
5296187,Nici,1.0
5297049,Charlotte,1.0
5299390,Lydia,0.0
5302150,Betty,1.0
5302348,Tj,1.0
5302878,Jacob,0.0
5303189,Helena,0.0
5308835,Louisa,1.0
5309416,Michele,1.0
5309669,Apiradee,0.0
5310363,Krystina,0.0
5311087,Iva,0.0
5314212,Carol,0.0
5315079,Anna,0.0
5317044,Jasper,1.0
5318927,Claudia,0.0
5322510,Karen,0.0
5325171,Matt,1.0
5325748,Daniela,0.0
5325919,⁨วสวัตติ์⁩,1.0
5328641,Flora,0.0
5332186,Glen,1.0
5334038,Patrick,0.0
5338057,John,1.0
5338225,Laura,0.0
5342604,Peter,1.0
5344120,Nattavut,0.0
5348862,Gilberto,1.0
5351598,Maria,0.0
5357273,Vichai,0.0
5357753,Caryn,0.0
5358785,Danny,0.0
5359158,Phillipa,0.0
5360414,Samira,0.0
5367027,Renate,0.0
5367093,Thibault,1.0
5367548,Zed,0.0
5368354,Laura,1.0
5368506,Celia,0.0
5368579,Kara,0.0
5371130,Kathy,0.0
5371660,Nim,1.0
5372989,Rachel,0.0
5373681,Daisy,0.0
5375308,Bethany,0.0
5375403,A,0.0
5378444,Evis,1.0
5379614,Love Apartments Ltd,0.0
5382276,Pimwadee,0.0
5383558,Angus,1.0
5384887,Antonio,1.0
5387627,Roberto & Agata,1.0
5388183,Gail,0.0
5389090,Sophie,0.0
5389343,Grazia,1.0
5392754,Kaye,0.0
5394070,Eva,1.0
5394166,Moss Khetty,0.0
5396018,Peter,0.0
5396573,Chris,1.0
5396624,Jo,0.0
5396875,James,0.0
5398870,Silvia,0.0
5400697,Bruno,0.0
5402740,Nattha,0.0
5406592,Zia,1.0
5412272,Abigail,0.0
5412977,Tom,0.0
5414251,Natasha,0.0
5416361,Duncan,0.0
5416611,Sandra,0.0
5417309,Colleen,0.0
5418446,Nini,1.0
5420998,Danielle,1.0
5421051,Anthony,0.0
5421759,Mitchel,0.0
5421804,Daniel,0.0
5422084,Sahra,0.0
5423637,Sam,0.0
5423856,Suraphong,0.0
5427426,Tom,1.0
5428376,Linda,0.0
5430878,Elif,0.0
5430921,Georgiana,0.0
5431902,Hayley,0.0
5435057,Tom,1.0
5436552,Michael,0.0
5436806,Michael David,0.0
5437512,Lyssetta,0.0
5441219,Tan,0.0
5442314,Carina,0.0
5442764,Maxine,1.0
5445984,Tam,0.0
5447177,Peter,1.0
5447804,Rosalind,1.0
5457691,Andrew,0.0
5459099,Johnny,1.0
5463438,Corinne,0.0
5465546,Despina,0.0
5469059,Andrew,1.0
5469970,Yair,0.0
5470342,Gabrielle,0.0
5471269,Kinga,1.0
5473088,John Cal,0.0
5473487,Clementine,1.0
5478758,Tony,1.0
5479050,Andy,1.0
5479113,Nicole,0.0
5483360,Stefano,0.0
5484135,David,0.0
5486540,Daniel,0.0
5487135,Minnie,0.0
5487948,Annie And Belinda,1.0
5490506,Lizzy,0.0
5492152,Celi,0.0
5494059,Carole,0.0
5495560,Thai Ping,1.0
5498408,Claire,0.0
5500071,Inessa,0.0
5507642,Yuli,1.0
5508932,Craig,1.0
5509052,Maria,0.0
5509185,Anna,0.0
5511250,Lisa,1.0
5512847,Dave,1.0
5514629,Belle,0.0
5516065,Sophia,1.0
5516147,Pavel,0.0
5516729,Anne-Marie,0.0
5517479,Emma,1.0
5522135,Nathaly,0.0
5525392,Aimee,0.0
5526561,Jason,0.0
5532566,Ron,0.0
5532800,Dimitra,0.0
5535189,Jessica,0.0
5535459,Martin,0.0
5540766,Jodie,0.0
5541741,Sarah,0.0
5545534,Rob,0.0
5547805,Vivian,1.0
5550217,Oded,0.0
5558230,Robert,0.0
5558596,Nisia,0.0
5558751,Jon,0.0
5561320,Rose,0.0
5567294,Maral,0.0
5571692,Emily,0.0
5573419,Christel,0.0
5579902,Jono & Netti,1.0
5580478,Monica,0.0
5582608,Dean,0.0
5584457,Julie,0.0
5584797,J,0.0
5586767,Jess,0.0
5587814,Flaure,0.0
5588124,Maria Teresa,1.0
5588909,Harry,0.0
5590593,Martin,1.0
5590678,Jonah,0.0
5593593,Joanne,0.0
5595435,Anastasios,1.0
5598148,Louise,1.0
5598680,Mary B,0.0
5599193,Edward,0.0
5604060,Barry,1.0
5605663,Noah,0.0
5607818,Ankit,0.0
5613147,Jessica,0.0
5613442,Benjamin,0.0
5613597,Kris,0.0
5616687,Poppy,0.0
5617143,Kim,0.0
5617257,Munro,1.0
5619903,Theo,0.0
5623554,Gergely,0.0
5623980,Rachel,0.0
5628346,Hayley,0.0
5628565,Ricardo,0.0
5628814,Emily,0.0
5629418,Angelina,1.0
5630067,Simone,0.0
5631643,Gail,1.0
5632163,Koj & Pear,0.0
5632497,Jonnie,0.0
5633049,Thaís,0.0
5636717,Rory,0.0
5637652,Inna,0.0
5641524,Sarah,0.0
5641686,Oksana,0.0
5642723,François,0.0
5643163,Breandan,1.0
5643787,Adam,0.0
5643806,Jessica,0.0
5643903,Alex,0.0
5647462,Tess,0.0
5647861,Janet,0.0
5650669,Rachel,0.0
5656873,Noor,1.0
5660073,Aimee,0.0
5660435,Sophie And Sam,0.0
5660692,Kirsty,0.0
5663837,Ayeisha,0.0
5663985,Giacomo,0.0
5664526,Ilana,0.0
5665576,Joshua,1.0
5669425,Peter,0.0
5671594,Sean,0.0
5674110,Michael,1.0
5674993,Emma,0.0
5680255,Louis,1.0
5683526,Farah,0.0
5692701,Catherine,0.0
5693150,Jack,0.0
5696989,La,0.0
5698416,Daniel,1.0
5699188,Pridi And June,1.0
5699208,Natalia,1.0
5700567,Olly,1.0
5702056,Est,0.0
5703113,Matthew,1.0
5703994,Anne,0.0
5708092,Olu,0.0
5711286,Susan,1.0
5713450,Sarah,1.0
5716744,Thea,0.0
5718796,Mike,1.0
5721868,Michael,0.0
5727462,Julia,1.0
5727736,A.M,1.0
5729364,Elisa,0.0
5731353,Natasha,0.0
5733957,Sam,1.0
5735895,Pariya,1.0
5740343,Sara,0.0
5740584,Christian,0.0
5741171,Alexandra,0.0
5745606,Rosemarie,0.0
5746227,Anna,0.0
5747021,Juliet,1.0
5747048,Amira,0.0
5747106,Salwa,0.0
5749906,Danish,0.0
5751656,Gwen,1.0
5752210,Jules,0.0
5753773,Alison,0.0
5754975,Rachael,1.0
5757044,Carolina,0.0
5758175,Emma,1.0
5758849,Judith,1.0
5760128,Sophie,0.0
5762688,Wendell,1.0
5763138,Mark,1.0
5763777,Lorraine,1.0
5765512,Mehregan,0.0
5765901,Ram,0.0
5767165,Mark Leon Everett,0.0
5774902,Rebecca,0.0
5776669,Christopher,0.0
5780509,Keren,0.0
5780951,Celia,1.0
5781531,Gaëlle,1.0
5786367,Matt,1.0
5789595,Emma,1.0
5791782,Lauren,1.0
5793490,Nicky,1.0
5793506,Kara,0.0
5794459,Victoria,1.0
5797643,Nat,1.0
5797949,Nicole,0.0
5801212,Toro,0.0
5801419,Kirsty,0.0
5802449,Lina,0.0
5805162,Georgia,0.0
5806521,Cameron,1.0
5806809,Erin,0.0
5808874,Ezel,1.0
5810588,Emma,0.0
5811216,Ayse,0.0
5811421,Wendy,0.0
5811639,Ariana,0.0
5813224,Helena,0.0
5813298,Delphine,0.0
5814819,Freddie,0.0
5816412,Rebecca,1.0
5818194,Rod,0.0
5819887,Ponti,0.0
5822937,Piya,1.0
5823779,Helen,0.0
5825641,Bikash,1.0
5826085,Thierry,1.0
5826637,Edmund,1.0
5827642,A J,0.0
5828171,Rob,1.0
5828898,Melissa,0.0
5829644,Haydar,0.0
5833895,Lara,0.0
5834016,Lucy,0.0
5842871,Mary,1.0
5843725,Konstantinos,0.0
5848499,Maria,0.0
5849740,Claudia,0.0
5849871,⁨Alberto +⁩,0.0
5851530,Dora Luz,1.0
5852153,Sara,1.0
5858049,Steuart,0.0
5858411,Henno,0.0
5860065,Vanessa,1.0
5860970,Laura,0.0
5861471,Patrick,0.0
5865632,Philip & Augusto,1.0
5869956,Jessica,0.0
5874715,Sophie,1.0
5875663,Raff,0.0
5876335,Rosalind,0.0
5876650,Helen & Koksal,1.0
5890277,Tori,0.0
5891911,Annick,0.0
5899174,Tam,0.0
5900275,Paul,0.0
5900433,Daniel,0.0
5900774,Ross,1.0
5900788,Benedetto,1.0
5901179,Amanda,0.0
5906304,Andonis,0.0
5910641,Frances,0.0
5910776,Hannah,0.0
5912429,Alex,0.0
5915466,Ben,0.0
5916710,Damiano,1.0
5917880,Erik Bernard,1.0
5920141,Anna,0.0
5920738,Benoit,1.0
5921240,Bojan,1.0
5923438,Alua,0.0
5923685,Luke,0.0
5931862,Ben,1.0
5933317,Rosie,0.0
5935196,Erica,1.0
5935474,Tisa,0.0
5942510,Alex,0.0
5944717,Luiza,0.0
5949562,Amy,0.0
5951613,Lucas,0.0
5952959,Alice,0.0
5954687,Leonora,1.0
5955480,Carol,1.0
5958419,Chloe,0.0
5966598,Jo,0.0
5974230,Patrick,0.0
5974887,Sergei,0.0
5976295,Hannah,0.0
5978573,Orla,0.0
5980591,Lulu,0.0
5980746,Anzor,1.0
5984433,Sunnot,1.0
5984481,Jane,0.0
5988099,Lisa,1.0
5989041,Anaïs,0.0
5989365,Jade,0.0
5989793,Goodie,1.0
5990852,Anna,0.0
5991977,Dayse,0.0
5995196,Brian,1.0
5996874,Victoria,0.0
6000055,Ato,0.0
6003760,Anahita,0.0
6009107,Gareth,0.0
6010134,Jenny,0.0
6010300,Antonella,0.0
6015743,Dianna,0.0
6021406,Star Yixuan,0.0
6028386,James,0.0
6028848,Cydonia,0.0
6029853,Alice,0.0
6030056,Simon,0.0
6030709,Charlie,0.0
6032854,Tina,1.0
6034294,Natasha,0.0
6036502,Cordelia,0.0
6038650,Beatrice,0.0
6041385,Mette,1.0
6044154,Chowee,1.0
6044202,Nancy,1.0
6045516,Momo,0.0
6053949,Paula,0.0
6053998,Jack,1.0
6057488,Paphada,1.0
6059253,Petch,0.0
6064341,Petra,0.0
6064766,Paulo,0.0
6065091,David,0.0
6066453,Reeham,0.0
6068202,Sally,1.0
6068810,Georges,0.0
6069814,Vanessa,1.0
6070670,Charles,1.0
6072967,Joey,1.0
6073740,B,0.0
6081974,Alexandra,0.0
6084357,Jon,0.0
6086744,Jessie,0.0
6086785,Eiji,0.0
6095043,Laura,0.0
6099137,Vijay,0.0
6101104,Rosie,0.0
6101837,Simon,0.0
6102742,Peter,0.0
6103121,Samantha,0.0
6105558,Emily,0.0
6109406,Jonathan,1.0
6109564,Maya,1.0
6111530,Hannah,0.0
6118483,Dharani,0.0
6118634,Dipen,0.0
6120340,Andrew,0.0
6121398,Lucia,0.0
6123881,Micha,0.0
6124865,Robert Owen,0.0
6127498,TDM Lux,0.0
6128312,Taviras,0.0
6132593,Salvatore,1.0
6134944,Donna-Marie,0.0
6135063,Jane,1.0
6141701,Kaye,0.0
6142222,Dylan,0.0
6143052,Tom,0.0
6145978,Roddy,1.0
6150575,Annabel,0.0
6151273,Yvonne,1.0
6154998,David,0.0
6160077,Amanda,1.0
6160577,SOS House - London & Aylesbury,0.0
6161279,Benedict,0.0
6162100,Laura,0.0
6163090,Piers,1.0
6163477,Murtaza,0.0
6164095,Alexandre,1.0
6164307,Sacha,1.0
6166419,Alberto,0.0
6167557,Alton,1.0
6170559,Lukas,1.0
6172276,Adam,0.0
6174957,Oliver,0.0
6178214,Eleonore,0.0
6188258,Massimo,0.0
6189280,Paula,0.0
6189663,Annie,1.0
6189814,Ingrid,0.0
6190168,Paul,0.0
6191078,Jessy,0.0
6192771,Laurie,0.0
6195443,Matt,0.0
6198298,Alexi,1.0
6205300,Sarah,0.0
6207016,Jeremy,0.0
6207438,KellyMaxine,0.0
6207941,Peter,1.0
6214703,Emmanuel,0.0
6215076,Marcos Javier,0.0
6216815,Andrew,1.0
6220032,Paul,0.0
6220893,Orca Property Services Mosman,0.0
6223057,Poh Gaik,0.0
6225405,Joshua,0.0
6231117,Tim,0.0
6233059,Lisbeth,1.0
6233575,Janne,1.0
6241620,Filip,1.0
6241972,Benyam,0.0
6242262,Abdelhak,0.0
6250414,Gillian,0.0
6251923,Camille,0.0
6258624,Suha,1.0
6258865,Jessica,0.0
6262478,Mariana,0.0
6262801,Andrea,0.0
6266484,Ritchi,1.0
6268731,Rachael,0.0
6268812,Erica,0.0
6277075,Lance,0.0
6279449,Téa,0.0
6280726,Deborah,0.0
6288325,Nicola,0.0
6290240,Shona,0.0
6290546,Ruth,0.0
6294918,Natalia,1.0
6295047,Rumman,0.0
6295633,Jay,0.0
6297474,Andres,1.0
6299215,Stephanie,0.0
6301390,Sophie,0.0
6301805,Fiona,1.0
6302695,Harriet,0.0
6302707,Cedrick,1.0
6302846,Andrea,1.0
6303671,Lucy,0.0
6304595,David,1.0
6305218,Giuseppe,0.0
6308634,Nanthwan,0.0
6309765,Samantha,0.0
6309782,Julien,0.0
6310817,Kayne,0.0
6312508,Peta,0.0
6315768,Damaris,1.0
6316839,Charlotte,0.0
6322276,Federica,0.0
6322940,John And Ellen,0.0
6322943,Great View,0.0
6323365,Juliana,1.0
6324136,Paul & Grace,0.0
6327377,Adam,0.0
6328735,Yvonne,1.0
6329900,Louise,0.0
6330956,Tan,1.0
6331663,Franciszka,0.0
6332094,Joe,0.0
6334367,Saul,1.0
6335670,Luigi,0.0
6346667,Alexander,1.0
6349260,Alberto,0.0
6350261,Oli,1.0
6353866,Klaas-Harm,0.0
6359407,June,0.0
6361157,Michelle,0.0
6361762,Tanya,0.0
6361832,Lena,0.0
6363709,Kate,0.0
6372543,Andrew,1.0
6372907,Brendan,0.0
6373461,Dan,1.0
6374000,Svetlana,0.0
6378590,Sandi,0.0
6379413,Rekha,0.0
6379641,Tony,1.0
6383626,Emma & Cédric,0.0
6388104,Immo,0.0
6391141,Ralph,1.0
6396861,ToniVic,0.0
6398768,Joseph,1.0
6401370,Clare,1.0
6405280,Alan,0.0
6406298,Poovarat,0.0
6408851,Vikram,0.0
6409519,Nastasia,1.0
6411250,Katherine,0.0
6411422,Lucy,0.0
6412025,Borbala,0.0
6413124,Ed,0.0
6413637,Sallie,0.0
6413685,Tabs,1.0
6416650,Badier,0.0
6416651,Kate,0.0
6422255,Scott,1.0
6426041,Bethan,1.0
6427603,Alison,0.0
6427701,Linda,1.0
6435318,Uldis,0.0
6435817,Drew,0.0
6435906,Lydia,0.0
6436096,Nans,1.0
6436215,Matthieu,1.0
6436429,Annie Combe,0.0
6436528,Emanuele,1.0
6437100,Sona,1.0
6437590,Mark,0.0
6437933,Anna,0.0
6437980,Louisa,0.0
6438801,Ben,0.0
6439688,Mel,1.0
6442364,Xavier,0.0
6453787,Solomon,0.0
6455476,Lucilla,1.0
6460146,Gift,0.0
6460610,Violeta,0.0
6462282,Jessie,1.0
6466821,Julia,1.0
6469711,Shannon,0.0
6472863,Verity,1.0
6478828,Ana V,0.0
6478844,Geoff,1.0
6479237,Nikki,1.0
6479323,Alice,0.0
6480770,Kerstin,0.0
6481601,Johan,0.0
6482384,Emmie,1.0
6483890,Sebastien,0.0
6488174,Sara,1.0
6488608,Nathalie,1.0
6489984,Barry,0.0
6490061,Emily,0.0
6492541,Marie,1.0
6494829,Eric,1.0
6494914,Irena,0.0
6495570,Nick,0.0
6496398,Anne,1.0
6496994,Grisel,0.0
6498223,Kate,0.0
6498538,Christabel,0.0
6498776,Jash,0.0
6499759,Kamil,0.0
6500971,Alisa,0.0
6503428,Liam,0.0
6505121,Shane,1.0
6505819,Brenda,1.0
6507541,Katarina,0.0
6508674,Barnaby,0.0
6509455,Robin & Hannah,0.0
6509768,Imran & Zara,0.0
6514584,Regina,0.0
6516452,Mehmet,1.0
6517277,AIX Collective,0.0
6518672,Victoria,0.0
6522474,Hattie,0.0
6523214,Justine,0.0
6523396,Thanomsak,0.0
6523719,Richard,0.0
6528429,Marta,1.0
6528806,Elisa,0.0
6531626,Makiko,0.0
6535472,Liam,0.0
6535853,Antonella,0.0
6537603,Helen,0.0
6539888,Laura,0.0
6541243,Antoine Gabriel,0.0
6546013,Chaghig Filian,0.0
6549244,Adam,0.0
6550154,Sam,0.0
6551485,Barbara,1.0
6551607,Paul,0.0
6553080,Charlie,0.0
6554377,Parmita,0.0
6554610,Lili,0.0
6559267,Bekkie,0.0
6564355,Luke,0.0
6565700,Natalie,0.0
6567022,Humeyra,0.0
6568946,Georgia,0.0
6568966,Emma,0.0
6572486,Josh,0.0
6575294,Stephan,0.0
6576714,Lizzie,0.0
6578762,Jen,0.0
6584942,Ellie,0.0
6592602,Derek,1.0
6594977,Elissa,1.0
6595261,Noi,1.0
6595467,Paulo,0.0
6597291,Dan,0.0
6598378,Mark,0.0
6598548,Amornsukh,1.0
6598685,Alanna,0.0
6599322,Peter,0.0
6602011,Sara,0.0
6603082,Mitchell,0.0
6605306,Sarah,0.0
6605915,Julia,0.0
6610996,Angi And Nadia,0.0
6612849,Claire,0.0
6613002,Li,0.0
6614363,Cait,0.0
6617776,Steve,0.0
6618127,Nieto,0.0
6621019,Rizwana,0.0
6624976,Paride,0.0
6624989,Richard,0.0
6628709,Zoe,0.0
6631382,Jankajorn,0.0
6631623,Andrew,1.0
6632570,Ethan,1.0
6632929,Helen,0.0
6635780,Paul,0.0
6638312,Anichko,0.0
6638449,Alison,1.0
6640576,Bobby,0.0
6640929,Callan,1.0
6641472,Hugh,1.0
6642165,Helen,0.0
6643075,Tom,0.0
6647138,NiNew,0.0
6648638,Yamilah,1.0
6650443,Aj,0.0
6651187,Ravin,0.0
6651783,Maria,0.0
6653951,Samantha,1.0
6655470,Luisa,0.0
6655947,Robert,1.0
6659993,Thomas,0.0
6662999,Amelia,1.0
6663719,Kananun,1.0
6665468,Alex,0.0
6665711,Josette,0.0
6668061,Kate,1.0
6670942,James,1.0
6671863,David,0.0
6675582,Alice,0.0
6676972,Astrid,0.0
6677867,Joanne,1.0
6682225,Lisa,0.0
6684637,Catia,0.0
6687681,Corrie,0.0
6691371,Ben,0.0
6691400,Chatchai,0.0
6691430,Dennis,0.0
6695855,Holly,0.0
6695948,Annie,0.0
6697848,Janna,0.0
6698986,Emma,0.0
6699456,Olga,1.0
6703379,Andrew,0.0
6704587,Liam,0.0
6710539,Daniele,0.0
6712622,Lily,0.0
6713903,Raquel,0.0
6714613,Maximilian James,1.0
6717859,Steve,1.0
6720618,Jeremy,0.0
6721942,Nathan,0.0
6722350,Corinna,0.0
6728502,Nic,1.0
6730895,Johnny,1.0
6731675,Darren,0.0
6733611,Louis,0.0
6735762,Payman,0.0
6738369,Laurence,1.0
6738967,Aoife,0.0
6741296,Caitlin,0.0
6746746,Sleep And Co,0.0
6747492,Zonda,0.0
6748041,Vita,0.0
6748158,Can,1.0
6750716,Crispin,1.0
6753191,Catherine,0.0
6760416,Giuseppe,1.0
6761193,LayanLayan,0.0
6764821,Sadan,0.0
6765061,Andy,0.0
6767832,Tom,1.0
6767882,Hugh,0.0
6768173,Coco,0.0
6770136,Lorenzo,0.0
6776687,Maurizio,1.0
6778796,Rajvant,0.0
6779186,Heather,1.0
6782236,Peter,0.0
6782603,Tony,0.0
6784520,Stephanie,0.0
6786447,Michael,0.0
6789745,Lindsay,0.0
6793973,Sophie,1.0
6796433,Abi,0.0
6797015,Rita,0.0
6799573,Laura,0.0
6800585,Roisin,0.0
6803265,Liz,0.0
6812481,Amy,0.0
6819769,Louise,1.0
6820739,Omer,1.0
6823687,Natasha,1.0
6824076,Marianna,0.0
6826459,Ian,1.0
6827689,Martine,1.0
6827954,Jordan,0.0
6829706,Gigi,1.0
6829922,Tali,0.0
6832324,Andrew,0.0
6833187,James,0.0
6835079,Faz,1.0
6837638,Morven,0.0
6838199,Sirikamol,0.0
6840987,Mandi,0.0
6845136,Kelly,0.0
6845196,Simona,1.0
6845855,Chris,1.0
6846960,Alice,0.0
6849924,Yana,1.0
6850026,Mari,1.0
6853843,Louis,0.0
6854870,Jon,1.0
6855894,Bruno,0.0
6855921,Mark,1.0
6861945,Tracey,0.0
6864431,Tracy,0.0
6865177,Ricardo,0.0
6867317,Janai,1.0
6872393,Juliet,0.0
6872850,Sukhy,0.0
6873746,Clemency Elizabeth,0.0
6873824,Sarah,1.0
6874315,Nicolas,0.0
6875353,Nathan,1.0
6879716,Bilal,0.0
6881701,Charles David,0.0
6881750,Stefany,1.0
6886554,Bernard,0.0
6889278,Virginie,0.0
6889505,Magda,1.0
6890598,Pius,0.0
6896495,Amit,1.0
6902966,Kim,0.0
6906718,Anne Araya,1.0
6910764,Mani,0.0
6914279,Natasha,1.0
6917256,Matthew,0.0
6917755,Umberto,0.0
6918288,Emine,1.0
6918494,Yan,0.0
6919796,Dahlia,1.0
6920564,Anna,0.0
6922096,Linda,0.0
6922748,Christelle,0.0
6924283,Amelia,0.0
6924905,James,0.0
6925131,Shupeng,0.0
6930933,Alexander William,0.0
6933129,Kwai Cheng,1.0
6934021,David,0.0
6934242,Kim,0.0
6937083,Kirsta,0.0
6938364,Gio,1.0
6939876,Nina,0.0
6941305,Priyanka,0.0
6945300,Thomas,0.0
6946686,Henrik,0.0
6947486,Sharon,0.0
6947502,Kari,0.0
6947971,Timothy,1.0
6949862,David,1.0
6950593,Simon,1.0
6952015,Sahin,0.0
6955367,Walter,1.0
6955480,Dem,1.0
6955549,Edward,1.0
6961244,Rohin,1.0
6962451,Roksana,1.0
6963028,Martha,1.0
6964585,Ellwood-Leo Tyler,0.0
6965510,Alice,1.0
6966708,Victor,0.0
6973157,Hannah,0.0
6974224,Helen,0.0
6975945,Maris,0.0
6976199,Dunsin,0.0
6976775,Anton,0.0
6977899,Alexi,1.0
6979198,Paolo,1.0
6979205,Nicole,0.0
6979312,Desley,1.0
6980236,Andree,0.0
6982082,Clare,0.0
6988190,Asha,0.0
6988987,Angus,0.0
6991085,Penny,1.0
6991914,Niladri,1.0
6994007,Benjamin,0.0
6994722,Claire,0.0
6994925,Mandy,0.0
6996100,Fran,0.0
6996572,Claire,0.0
6996679,Bohdi,0.0
6998446,India,0.0
7000133,Georgia,0.0
7000579,Nena,0.0
7000961,Alessandro,0.0
7006701,Pat,1.0
7006896,Carlee,0.0
7006987,Tatiana,0.0
7007208,Rachel,0.0
7007819,Tai,0.0
7010749,Spiros,0.0
7011176,Katie,1.0
7017279,Christian,0.0
7024907,Michael,1.0
7025418,Laura,1.0
7025648,Juliette,0.0
7026093,Rob,0.0
7026225,Anna,0.0
7030219,Tarryn,0.0
7030226,Kelley,0.0
7031647,Anna,0.0
7033617,Belinda,1.0
7035509,Natalie,0.0
7042740,David,0.0
7044418,Narelle,1.0
7056367,Elana,0.0
7056491,Kylie,1.0
7058720,Vincenzina,0.0
7059215,Meryl,0.0
7059922,Zia,0.0
7060305,Kelly,0.0
7062340,Robert,1.0
7062703,Nivedita,1.0
7065663,Johan,1.0
7066351,Georgia,0.0
7067078,Tory,0.0
7070610,Bryony,0.0
7071469,Shambala,0.0
7072553,Mark,0.0
7073601,Isi,0.0
7075027,Sophia,1.0
7080452,Nicole,1.0
7082443,Neti,1.0
7082552,Marion,0.0
7083147,Sian,0.0
7083446,Kathy,0.0
7088576,Jessica,0.0
7091225,Victoria,0.0
7091624,Karin,0.0
7091965,Emma Jane,0.0
7094967,Richard,0.0
7095304,Crispin,0.0
7097009,Johnny,1.0
7098717,Alex,0.0
7099166,Alexis,0.0
7101160,Naomi,0.0
7101317,Rachel,0.0
7101594,Ann,0.0
7101964,Thomas,0.0
7102547,Joseph,0.0
7105808,Caroline,0.0
7106277,Marion,0.0
7108710,Katie,0.0
7111917,Samuel,0.0
7115975,Stuart & Claire,0.0
7117102,Shelly,1.0
7117517,Dan,0.0
7125941,Joe,0.0
7126393,Gigi,0.0
7128231,Martha,1.0
7131429,Emily,0.0
7134019,Aaron,0.0
7134284,Karine,1.0
7135222,Ani,0.0
7136697,Said,1.0
7140879,Jonathan,1.0
7141151,Izabela,0.0
7143970,Paul,1.0
7145696,Damien,0.0
7145710,Achraf Pedro,0.0
7146297,Jo,1.0
7147000,Richard,1.0
7147284,Rick,1.0
7148060,Liam,0.0
7153910,Marianna,1.0
7155746,Priscila,0.0
7157769,Fatima,0.0
7163112,Julia,1.0
7163509,Carli,0.0
7164040,Moh,0.0
7164695,Maddy,1.0
7164841,Deborah,1.0
7165149,Emma,0.0
7172592,Sonia,0.0
7174727,Caroline,0.0
7175210,Philipp,0.0
7182407,Darren,1.0
7184730,Kass,1.0
7185907,Gil,0.0
7190339,Jose,0.0
7191553,Phoebe,0.0
7194564,Emrah & Mariliis,0.0
7203203,Ada,1.0
7208534,Oaklek - Peerapong Wongprateep,1.0
7209717,Allison,1.0
7213055,Sophie,0.0
7213451,Jo,1.0
7214315,Meg,0.0
7227946,Bronwyn,1.0
7230083,Judi,0.0
7232822,Annette,1.0
7232895,Hanan,0.0
7233129,Lianna,0.0
7233201,Sam,0.0
7234573,Stephen,1.0
7235550,Rachel,0.0
7238009,Raquel,1.0
7238020,Skye,0.0
7238971,Adam,1.0
7241596,Paolo,1.0
7245238,Soner,0.0
7246922,Jonathan,0.0
7247878,Ashley,1.0
7248019,Zibi,1.0
7248646,Rosie,0.0
7249427,Pablo,0.0
7254181,Demian,0.0
7254373,Ahmet,0.0
7258144,Biljana,1.0
7258745,Curate,0.0
7259693,Liz,0.0
7262436,Emily,0.0
7270224,Darrell,0.0
7271357,Arabella,1.0
7271554,Somayeh,1.0
7272391,Monica,1.0
7273604,Nim,1.0
7275518,Tania,1.0
7276015,GuestReady,0.0
7277395,Sara,1.0
7277461,Federica,0.0
7278395,Niramol,0.0
7281406,Marianela,1.0
7282743,Mark,0.0
7282860,Paul,0.0
7282883,Rachel,1.0
7283663,Paola,0.0
7284854,Vanessa,0.0
7286159,Maya,0.0
7287411,Jemma,0.0
7293725,Elizabeth Ann,0.0
7295333,Jayne,0.0
7297965,Michael,1.0
7300999,Celine,0.0
7302707,Elaine,0.0
7304799,Jelena,0.0
7307492,Fariba,1.0
7312521,Lotje,0.0
7313218,Cesar,0.0
7313346,Anna,0.0
7313554,Nicholas,1.0
7316683,Olof,1.0
7318840,Anna,0.0
7321410,Malindi,1.0
7322751,Vito,1.0
7324937,Tim And Natalie,0.0
7325516,Tobias,1.0
7325789,Tracy,0.0
7327298,Notee,1.0
7328014,Catalina,1.0
7329491,Ben,0.0
7337548,Ewa,1.0
7347434,Marta,0.0
7348474,Simona,0.0
7350337,Nese Ceren,0.0
7350595,Ginny,0.0
7356924,Van,0.0
7359852,Igor & Deborah,0.0
7368006,Duc C,0.0
7382863,Jane,0.0
7384044,Duska,0.0
7386066,Wasim,1.0
7387087,Lara,0.0
7393470,Alex,0.0
7394530,Sue,0.0
7406140,Benedict,0.0
7409016,Olti,0.0
7409213,L'Abode Accommodation,1.0
7412306,Robert,0.0
7415020,Emma,0.0
7418086,Zen Stays,0.0
7418850,Eric,1.0
7420979,Anthony,0.0
7424656,Alain,0.0
7425380,Kelly,1.0
7426980,Saasha,0.0
7431573,Sharon Byron,0.0
7432661,Dorota,1.0
7433603,Nuttachai,0.0
7436675,Heather,1.0
7438253,Stephen,1.0
7438992,Wendy & Roy,0.0
7448079,Maria,0.0
7452470,Tamara,0.0
7454779,Lily Duangdao,1.0
7454858,Christina,0.0
7455029,Alessandra,1.0
7456703,Sara,0.0
7459377,Satchaphan,0.0
7466109,Laura,0.0
7466577,Agnieszka,1.0
7467716,Jeremy,1.0
7469815,Paul And Angela,1.0
7470741,Ali,1.0
7471543,Larnce,1.0
7472382,Chatri,1.0
7473935,Luke,1.0
7474135,Stella,1.0
7478774,Victoria,1.0
7487909,Fran,0.0
7488474,Sarah,0.0
7489121,Anis,1.0
7490987,Matthew,0.0
7493759,Christina,0.0
7495073,Cherith,1.0
7495745,Helia,0.0
7498056,Dorje,1.0
7505762,Juan,0.0
7508205,Nicece,0.0
7511122,⁨Kub (Ratha)⁩,0.0
7511818,Rojanayol,1.0
7513436,Tim,0.0
7513953,Lucy,0.0
7515228,Jack,0.0
7518502,Steve,0.0
7520210,Irene,0.0
7520925,Miranda,0.0
7522108,Louise,0.0
7522164,Gitana,1.0
7526234,Saba,0.0
7527299,Caroline,1.0
7530520,Rosanna,0.0
7531689,Seila,0.0
7536468,Vanessa,0.0
7537762,Olivia,1.0
7538098,Malek,1.0
7538351,Laura,0.0
7539151,Holly,0.0
7539459,Tanja,0.0
7539544,Jo,0.0
7540873,Rosie,1.0
7542698,Rory,0.0
7543481,Laura,1.0
7544765,Alice,0.0
7545550,Lianna,1.0
7546618,Christopher,0.0
7547438,Isobel,0.0
7547989,James,0.0
7549197,Rafael,1.0
7553706,Giovanni,0.0
7554000,Rebecca,1.0
7554577,Katherine,0.0
7554829,James,0.0
7556444,Verity,1.0
7558035,Danielle,0.0
7563916,Claire,0.0
7564489,Ajay,0.0
7566198,Will,0.0
7576191,Kate,1.0
7577646,Lorna,0.0
7585186,Rachel Kim,0.0
7585960,Cheryl,0.0
7586218,Pete,1.0
7586582,Viktoria,0.0
7594003,Pawel,0.0
7597312,Cian,0.0
7597638,Gloria Helena,0.0
7597942,Heidi,1.0
7598416,Penny,0.0
7601041,Dan,1.0
7602630,Amanda,0.0
7602732,Anna,0.0
7606763,Jaana,0.0
7610956,Janet,0.0
7611648,Michael,1.0
7614289,Duygu,1.0
7615004,Khalid,0.0
7615793,Ben,0.0
7616231,Jeab,0.0
7617642,Ceylan,0.0
7617959,Amber,1.0
7619672,Deb,1.0
7620588,David,0.0
7623566,George,0.0
7626002,Fab & Jaa,0.0
7626797,Margaux,0.0
7627855,Reena,1.0
7628310,Ana Carolina,0.0
7628640,Sarah,0.0
7631161,Kate,1.0
7638343,Naomi,0.0
7640126,Vincent,0.0
7644106,Jirapha,1.0
7644612,Molly,0.0
7644679,Monique,1.0
7647607,Tom,0.0
7647775,Hataipat,0.0
7648688,Andy,1.0
7652967,Lizzie,1.0
7653971,Deborah,1.0
7655772,Kat,1.0
7656667,Ella,0.0
7659978,Krongkamon,0.0
7660527,Bindi,1.0
7665108,Cathy,0.0
7667399,Graham,1.0
7669487,Tianyan,1.0
7670025,Richard,0.0
7671758,Xavier,0.0
7672223,Nnamdi,0.0
7674862,Antonia,0.0
7679081,Alex,1.0
7679576,Charlie,1.0
7686754,Ren,0.0
7687405,Claudia Michelle,1.0
7689950,Gary,0.0
7691020,Adam,0.0
7691250,Umar,0.0
7691307,Catherine,1.0
7691550,Hope,0.0
7692820,Prudence,0.0
7694730,Yoav,0.0
7701687,Arcore London,0.0
7708365,Apichai,0.0
7710148,Kate,1.0
7715554,Dane,0.0
7715760,Iris,0.0
7716124,Hettie,0.0
7718484,Russell,1.0
7724775,Jenna,0.0
7724893,Louise,1.0
7732367,Sally,0.0
7733323,Nick,0.0
7734346,Mike,1.0
7736004,Prim,1.0
7747814,Maya,0.0
7749255,Stanislav,0.0
7753006,Mar,0.0
7753623,Kia,0.0
7759450,Jah And Tom,1.0
7760618,Aisling,0.0
7763336,Elsa,1.0
7763755,Jess,0.0
7772121,Ruj,1.0
7773328,Juan Carlos,0.0
7779277,Shveta,0.0
7787633,Jorge,0.0
7789892,Dorian,0.0
7792858,Misty,0.0
7793248,Claire,0.0
7795146,Carmelina,0.0
7807031,Julia,0.0
7813214,Kim,0.0
7813800,Alasdair,1.0
7813812,Roz,1.0
7814485,Katherine,0.0
7815306,Catherine,0.0
7815499,Helene,1.0
7818860,Ella,0.0
7820400,Kamila,1.0
7820774,Toby,0.0
7825073,Jenny,0.0
7825375,Sutasinee,1.0
7830760,Vera,1.0
7832211,Eleanor,1.0
7832821,Giacomo,1.0
7842105,Kim,0.0
7848003,Jack,0.0
7851320,Tanya,0.0
7851432,Tassia,0.0
7851711,Matilda,0.0
7851779,Jeanne,0.0
7852544,Le,0.0
7852752,Jessica,0.0
7853459,Adam,0.0
7854351,Topher,0.0
7855216,Tatiana,0.0
7857891,Morgan,0.0
7860651,Rory,0.0
7866206,Sara,0.0
7867228,Helen,1.0
7867935,Robyn Anne,0.0
7871960,Eugene,0.0
7872766,José,0.0
7875553,Pattaya,0.0
7875561,Asli,0.0
7876513,George,0.0
7877756,Esther,0.0
7883342,Myles,1.0
7885437,Melvin,0.0
7886625,Paksinee,0.0
7887071,Margaux,0.0
7888542,Johan,0.0
7889186,Letizia,0.0
7889511,Mark,1.0
7893686,Rosemary,0.0
7895400,Scott,0.0
7897017,Mark,0.0
7897299,Claire,1.0
7899325,Andrew,1.0
7905169,Alexandra,0.0
7907817,Emma,0.0
7909312,Laura,1.0
7911190,Slobodan,1.0
7919219,Kusalin,0.0
7922646,Julie,0.0
7922860,Andrew,1.0
7923754,Maureen,0.0
7926463,Kat,0.0
7930869,Kavita,0.0
7931445,Marc,0.0
7934697,Tom,1.0
7940457,Donna,0.0
7944166,Nathalie Rani,0.0
7949850,Lizzie,0.0
7950441,Em,0.0
7955610,Coco,0.0
7956219,Sophie,0.0
7957300,Damian,0.0
7960520,Ana,0.0
7962901,Asli,0.0
7970299,Claudia,0.0
7971933,Veronika,0.0
7973680,Emma,0.0
7977158,Shaun,0.0
7981078,Jeannine,0.0
7982115,Fran,1.0
7991767,Carolina,1.0
7993905,Louise,0.0
7994451,Jennifer,1.0
7995610,Panagiota,1.0
7996346,Cindy,0.0
7999606,Daniel,0.0
8006332,Sian,1.0
8008475,Anton,0.0
8009119,Miranda,0.0
8012342,Daniel,1.0
8017063,Andrea,0.0
8017228,Zach,1.0
8017672,Jenny,1.0
8018964,Julien,0.0
8022303,Kelly,0.0
8027475,Priyan,1.0
8029012,M,0.0
8040737,Ocean Beach,0.0
8044819,Catherine,0.0
8047188,Lucia,0.0
8051747,Susie,0.0
8052026,Sebastian,0.0
8054304,Jason,0.0
8058993,Sima,0.0
8061046,Julie,1.0
8062136,Luke,0.0
8066742,Bertie,1.0
8069200,Emma,0.0
8076904,Cherie,1.0
8080044,Zaisha,0.0
8082922,Alpa,0.0
8084240,Natalie,0.0
8086685,Dan,0.0
8091073,Julia,0.0
8094649,Coleen,1.0
8095367,Tracy,0.0
8095513,Monika,0.0
8098910,Michael,1.0
8102534,⁨โกมลเรสซิเดนซ์⁩,0.0
8102773,Siv Pheng,0.0
8104732,Alex,1.0
8107884,Hannah,1.0
8109746,Anjan,0.0
8110634,Isabelle,0.0
8110918,Soraya,0.0
8112627,Daira,1.0
8114762,David,0.0
8115593,Eva,1.0
8115623,Naomi,1.0
8118632,Elena,0.0
8123510,Tatiya,1.0
8126613,Dana,0.0
8127344,Jonathan,0.0
8134288,WinaiMedHeLp,1.0
8134752,Tete Quarters,1.0
8135088,Nick,0.0
8137353,Morellis,0.0
8138227,Charley,0.0
8140171,Sam,0.0
8140769,Edward Peter,0.0
8146872,Marius,1.0
8147612,Karl,0.0
8148955,Mari,0.0
8150153,Janet,0.0
8150347,Sendy,0.0
8154539,Gabriella,0.0
8155901,James,0.0
8160671,Titawat,1.0
8164105,Ana,0.0
8171616,Rosie & Jake,1.0
8174045,Adriana DeVere,1.0
8179352,Axenia,0.0
8179965,Jody,0.0
8183457,Nir,0.0
8185171,Kalu,0.0
8186336,Vidaal,0.0
8191587,David,0.0
8191888,Nan,0.0
8193456,Luke,0.0
8195095,Dan,0.0
8198676,Grazia,1.0
8199575,Gianluca,0.0
8201927,Désirée,0.0
8210210,Diana & Steve,0.0
8212122,Arun,1.0
8214044,EvanTM And Karen Crew,0.0
8217675,Lorna,0.0
8220928,Joanna,0.0
8224824,Ormy,0.0
8224902,Gert,1.0
8230082,Nathalie,0.0
8235618,Gry,0.0
8238996,Laura,0.0
8241548,James,1.0
8241867,Jennifer,0.0
8250732,Kee,0.0
8251314,Henry,0.0
8252125,Giovanni,0.0
8257427,Ronit,0.0
8264100,Camilla,0.0
8264868,Jenny,0.0
8270548,Kendall,0.0
8271125,Joanne,1.0
8272509,Jessica,0.0
8272680,Gokce,1.0
8275909,Sasha,0.0
8279850,Georgia,1.0
8281724,Dee,0.0
8283755,Jean-Michel,0.0
8283966,Cloé,1.0
8285203,Anthony,0.0
8286125,Aleksandra,0.0
8286355,Usha,0.0
8287467,Morgan,1.0
8294528,Sophie,0.0
8295077,Tori,1.0
8296243,Jamie & Thi,0.0
8297457,Lenn,1.0
8297981,Andy,0.0
8298756,Caroline,1.0
8298885,Stefano,0.0
8300717,Jules,0.0
8302590,Phoebe,0.0
8303756,Kayvahn,0.0
8306588,Nicky,0.0
8309128,Jon,1.0
8309256,Adelaide,1.0
8310678,Marie,1.0
8312717,Nicky,0.0
8315180,Ben,0.0
8316804,Karen,0.0
8321227,Nicolas,0.0
8323663,Laura,0.0
8326463,Fredy,0.0
8336793,Victoria,0.0
8336931,Tontrakun,0.0
8341137,Georgie,0.0
8341521,Karan,0.0
8341634,Rebecca,1.0
8343365,Max,0.0
8346498,Dennis,0.0
8347118,Paul,0.0
8347618,Anna Viktorija,0.0
8352059,David,1.0
8352502,Sylvia,0.0
8353043,Khaled Jamal Mohammad,1.0
8353978,Silva,0.0
8354240,Nicola,0.0
8354297,Weeraya,0.0
8356801,Juliette,0.0
8357353,John,1.0
8362130,Luckana,0.0
8364764,Matthew,0.0
8365079,Adam,0.0
8365367,Ashley,0.0
8368940,Dilek,0.0
8375019,Lovely Stays,0.0
8375097,Kunlatida,0.0
8375199,Kendal,0.0
8375230,Evangeline,0.0
8375887,Rodrigo,0.0
8376016,Andrew,1.0
8377014,G,0.0
8385217,Eve,0.0
8387816,Victoria,0.0
8390270,Androulla,1.0
8391278,Yaniv,0.0
8392251,Tricia,1.0
8394828,Irma,1.0
8398997,Sandra,1.0
8402583,Janice,0.0
8408801,Eva,0.0
8412991,M,0.0
8424929,Paola,1.0
8426774,Apichaya,0.0
8427981,Polina,0.0
8428642,Anna,0.0
8443371,Daniel,0.0
8444265,Watcharaphan,1.0
8444643,Kiattisak,0.0
8448633,Gillian,0.0
8449701,Angela,0.0
8450959,Michele,1.0
8451192,Timothy,1.0
8472914,Nadine,0.0
8473023,Dave,1.0
8475690,Ioanna,0.0
8479978,Tristan,0.0
8484345,Adam,1.0
8485861,Guillaume,1.0
8489023,Chantelle,0.0
8489565,Serena,0.0
8489730,Phoenix,0.0
8492603,Sudhichai,1.0
8492621,Aisling,0.0
8493242,Jay,0.0
8496128,Oleg,0.0
8498777,Georgina,0.0
8501102,Chris,0.0
8504099,A P,1.0
8507380,Elena,1.0
8507793,James,1.0
8511237,Jo,0.0
8512442,Thomas,0.0
8513935,Justine,0.0
8521764,Wizzo,0.0
8524633,EdgeTrip,1.0
8525807,Mary,1.0
8526419,Andy,1.0
8528521,Lise,0.0
8535511,Ruth,0.0
8536255,Olivier,0.0
8536632,Chun,1.0
8536672,Kayleigh,1.0
8542671,Anne Sophie Et Marius,1.0
8543112,Jasmina,1.0
8543485,Lisa,0.0
8549791,Sonal,0.0
8551039,Kojo,0.0
8551063,David,0.0
8556462,Violeta,0.0
8557626,Veronica,1.0
8561622,Christian,0.0
8562521,Pamela,0.0
8565804,Kit,1.0
8569505,Sylvia,1.0
8578036,Emma,0.0
8578728,Daniel,0.0
8580265,Cem,0.0
8580701,Jhai,0.0
8581542,Lesley,0.0
8582474,Amy,0.0
8589083,Graeme,0.0
8589307,Andra,0.0
8598070,Dalv,1.0
8599029,Caelia,1.0
8599811,Natalie,0.0
8601814,Felix,0.0
8603620,Katherine,1.0
8608613,Kunnida,0.0
8613539,June & Pop,1.0
8613986,Amelia,0.0
8614552,Ben,0.0
8621427,Beverley,1.0
8626494,Paula,0.0
8627928,Arani,1.0
8628657,Adrienne,0.0
8631161,Joanne,0.0
8632650,John,1.0
8633774,Sarah,1.0
8636961,Katia,1.0
8637005,Lauren,0.0
8637030,Je,0.0
8639927,Michelle  And Rob,1.0
8640743,Luke,1.0
8644154,Louise,0.0
8648340,Johan,0.0
8651978,Olga,1.0
8653571,Daniel,0.0
8654970,Jo & Justin,0.0
8660452,Natasha,0.0
8663142,ISanook,0.0
8665332,Max,0.0
8667216,Ayu,1.0
8672381,Kloi,0.0
8677156,James,0.0
8678096,Kima,0.0
8681880,(User removed),0.0
8682969,Pattie,1.0
8685175,Raymund,1.0
8685601,Ram,0.0
8686144,David,0.0
8686604,Janusz,0.0
8688010,Tessa,0.0
8688342,Andrea,1.0
8690046,Matteo,1.0
8692837,Bruno,0.0
8696999,Alex @ Maison Siam,1.0
8697997,Sarah,0.0
8701054,Natalie,0.0
8702620,Nattanee,1.0
8702985,Clarence John,1.0
8705058,Stefan,1.0
8707479,Yifat,0.0
8711370,Arturo,0.0
8711783,Geoff,1.0
8713079,Tiama,0.0
8713347,Thanida,1.0
8717795,Ravi,0.0
8721994,Oriane,0.0
8722207,Lori,0.0
8725397,Alexandra,1.0
8729789,Adam,0.0
8731258,Ollie,0.0
8735000,Andre,0.0
8741290,Ritesh,0.0
8742226,Jeremy,1.0
8742746,Kasia,0.0
8745870,Anna,0.0
8754336,Simon,1.0
8756475,Robert,0.0
8763182,Dan,1.0
8765524,Clive,0.0
8766191,Sunil,0.0
8767667,Helen,0.0
8770918,Lucy,1.0
8781084,Rob,0.0
8785279,Freya,0.0
8793138,Nevidita,0.0
8795354,Sutharinee,0.0
8796815,Ana,0.0
8797545,Sav,0.0
8799040,Hannah,0.0
8800178,Steffi,0.0
8801861,Gemma,0.0
8803757,Steve,1.0
8805259,Lalitphatr,0.0
8807172,Rebecca,0.0
8807437,Oillie,0.0
8807802,Elizabeth,1.0
8810059,Alexia,1.0
8812578,Azer,0.0
8813064,Niranjan,1.0
8816929,Julia,0.0
8819120,Lisa And Mark,1.0
8820011,Jim,1.0
8821322,Vanessa,1.0
8822004,Simon,0.0
8822864,Clare,1.0
8825601,Melanie,0.0
8832715,Alberto,0.0
8834053,Sam,0.0
8839651,Wilma,1.0
8839919,Lujia,1.0
8840012,Alexander,0.0
8842750,Jules,0.0
8843728,Mimi,0.0
8843737,Fernanda & Michael,0.0
8846430,Khoshal,0.0
8847923,Camilla,1.0
8849538,Aurelie,0.0
8853155,Lara,1.0
8854477,Nadia,0.0
8854634,Alifia,0.0
8855535,Paul,1.0
8857671,Liad,0.0
8857852,Dave,1.0
8860807,Leila,0.0
8862925,Khachen,1.0
8863924,Nicola,0.0
8864939,Alizée,0.0
8865078,Katie,0.0
8866523,Remo,0.0
8870038,Charlotte,0.0
8874005,Miki,1.0
8874814,Hashmat,0.0
8875465,Luke,1.0
8880819,Ilana,0.0
8883416,Nino,1.0
8889564,Marc,0.0
8889826,Suki,0.0
8889912,Victoria,1.0
8892167,Frax,1.0
8893347,Kuldip,0.0
8894423,Mey,0.0
8899780,Mara,0.0
8900575,Gabrielle,0.0
8902135,Francesca,1.0
8908026,Geoffrey,0.0
8908921,Dan,1.0
8910548,Ingrid & Jamie,1.0
8911141,Simon,0.0
8915800,Charlotte,0.0
8916523,Hannah,0.0
8920238,Mike,0.0
8924853,Terrence,0.0
8926996,Nick,0.0
8933334,Karolis & Uran,0.0
8937405,Sanya,0.0
8939894,Alastair,0.0
8940753,Ms Angela Marie,0.0
8941085,Nicole,1.0
8945736,Alba,0.0
8945737,Karen,0.0
8946114,Abigail,0.0
8946958,Lisa,0.0
8949708,Desiree,0.0
8953830,Michael,1.0
8954182,Stefano,1.0
8955915,Benedetta,0.0
8956615,Andy,1.0
8957730,Dorothee,1.0
8957830,Ozlem,0.0
8960113,Iram,1.0
8965267,Thomas,1.0
8965407,Sam,1.0
8969239,Meag,1.0
8974115,Adrian,0.0
8975321,Christian,0.0
8976420,Chris,0.0
8977222,Asim,0.0
8981617,Frank,0.0
8983438,Oliver,1.0
8984388,Andrew,0.0
8986384,Nadda,0.0
8989166,David,1.0
8989997,Maria,1.0
8990717,Natasha,1.0
8991836,Raja + Christian,0.0
8992969,Marisa,0.0
8995815,Savannah,0.0
8998159,Elizabeth,0.0
8998185,Sue,1.0
8999485,Ratchadaporn,0.0
9000254,Harry,0.0
9002476,Katrina,0.0
9002626,Gokce,1.0
9002798,Pina,1.0
9003003,Cecily,1.0
9003378,Judith,0.0
9004378,Olga,1.0
9006942,Andrew,1.0
9007130,Leila,0.0
9014268,Helen,0.0
9015341,Raymond,0.0
9016363,Rebecca,1.0
9017293,Louis,0.0
9020131,Marianne,1.0
9022819,Yva,1.0
9023049,Paulina,0.0
9024155,James,0.0
9024705,Donie,0.0
9029930,Tanya,0.0
9041452,Richard & Claudia,1.0
9044100,Ricardo,1.0
9046786,Clémence,1.0
9048011,Jenny,0.0
9050467,Nathalia,0.0
9051478,Chaand,0.0
9053793,Olivia,0.0
9055131,Sinead,0.0
9056437,Emily,0.0
9056857,Trevor,1.0
9056962,Farski,1.0
9057722,Louis,0.0
9057743,Nina,0.0
9063235,Roomspace Ltd,0.0
9064322,Thomas,1.0
9065900,Sithichai,1.0
9066630,Toby,0.0
9066698,Ar,0.0
9066721,Khanh,0.0
9071003,Lucy Antigone,0.0
9073380,Imad,0.0
9075900,Madi,0.0
9076363,Paulina,0.0
9076852,Quina,1.0
9078201,Svetlana,1.0
9079679,Lisanne,0.0
9084011,Catey,0.0
9088749,Natalie,0.0
9091710,Ben,0.0
9098734,Adam,1.0
9102302,Benjamin,1.0
9103769,Noxley London,1.0
9104313,Kim,0.0
9104390,Josh,1.0
9111192,Rod,0.0
9113472,Michael,0.0
9118194,Charlotte,0.0
9118972,Kyle,1.0
9119867,Nicola,0.0
9127479,Eleonora,0.0
9128476,Peter,1.0
9128504,Marissa,0.0
9134197,Tom,0.0
9135745,Tim,0.0
9137891,Sarah Jane,0.0
9140482,Sinead,0.0
9141511,Vito,0.0
9142839,Grace,1.0
9144963,Qing,1.0
9148805,Sandra,0.0
9149153,Emma,1.0
9157690,Roslyn,1.0
9158568,Allen,0.0
9175566,Richard,0.0
9180849,Leigh,0.0
9181188,Siavash,1.0
9181232,Bienvenido,0.0
9182301,Nicky,0.0
9185534,Dawn,0.0
9195390,Naomi,0.0
9198188,Jason,0.0
9200398,Phillip,0.0
9202982,Rebecca,0.0
9204903,Nell,0.0
9205040,Nancy,1.0
9207879,Lydia & Simon,0.0
9209115,César,1.0
9210716,Charles & Jana,1.0
9212530,Sarah,0.0
9213845,Cara,0.0
9214823,Chris,1.0
9224702,Stephen,1.0
9230572,Rasheed,0.0
9237104,Som,1.0
9239522,Jude,1.0
9240325,Theresa,0.0
9240658,Mary,1.0
9241022,Rick,1.0
9250200,Ulla,0.0
9252122,Priya,0.0
9252797,Ratthapol,0.0
9257666,Cassandra,1.0
9261289,Dominic,0.0
9268420,Mikaela,0.0
9268864,Jessica,0.0
9269438,Joy,0.0
9269872,Katie,0.0
9279712,Jing,1.0
9286376,Harry,0.0
9290028,Mick,1.0
9290095,Maira,1.0
9292207,Eric,1.0
9292993,Bruno,1.0
9300658,Tony & Fatma,1.0
9300729,Jacki,1.0
9302224,Aimee,0.0
9304706,Georgina,0.0
9306639,Martin,1.0
9308742,Marcela,0.0
9314237,Daniel Jonathan,1.0
9314285,Marianne,1.0
9314895,Cole,1.0
9319883,Daniele,1.0
9324425,Samantha,1.0
9328872,Jessica,0.0
9339349,Joanne,1.0
9342622,Norah,0.0
9343829,Elsie,0.0
9346665,Clara,0.0
9350626,Grace,0.0
9351319,Seonaid,0.0
9359294,LTS.Travel,0.0
9361814,Lynn,0.0
9363850,Sara,1.0
9364073,Side By Side,1.0
9367331,Tracy,0.0
9371932,Éadaoin,0.0
9373496,Marcus,1.0
9373713,Vija,0.0
9378757,Nancy,1.0
9379606,Ben,1.0
9381623,Alex,0.0
9381624,Fiona,1.0
9381959,Jason,1.0
9382234,Shirley,0.0
9390848,VeeZa,1.0
9391659,Jessica,0.0
9392348,Helena,0.0
9392383,Emili,0.0
9393133,Francisca,1.0
9396431,Fiona-Pass The Keys,0.0
9396905,Andrew,1.0
9401567,Anshuman,0.0
9404634,Lydia,0.0
9405148,Noemi,1.0
9407280,Timo,0.0
9407358,Elle,0.0
9408516,Nicola,1.0
9414117,Peter,0.0
9415157,Andrew,1.0
9416243,Gonzalo,0.0
9416727,Rodrigo,0.0
9420403,Kitt,1.0
9426008,Giulia,0.0
9426756,Ronit,0.0
9426952,Mirela,0.0
9430512,Loryn,0.0
9434109,Sander,0.0
9435259,DistributionAdvice,0.0
9435898,Claire,0.0
9437627,Anne,1.0
9447948,Nicholas,0.0
9449290,Charlie,0.0
9452095,Helen,1.0
9455236,Mo,1.0
9455871,Alex,0.0
9459332,David,1.0
9461437,Elisabeth,1.0
9463560,Sara,0.0
9467077,Charlotte,0.0
9471279,Jira,1.0
9471613,Valentina,0.0
9474663,Eden,0.0
9478184,Shine,0.0
9479706,Susanne,0.0
9479914,Nisar,0.0
9484456,Neil,0.0
9485996,Marisa,0.0
9487528,Sophie,0.0
9494799,Greg And Trish,1.0
9496086,Lior,0.0
9496739,Oliver,0.0
9497551,Nicola,0.0
9502222,Jason,1.0
9509219,Pee,0.0
9509286,Mardi-Louise,0.0
9511762,Giacomo,0.0
9521642,Pat,0.0
9522668,Martin,0.0
9525808,Piyanut,0.0
9527523,Mary Ann,1.0
9529597,Pierre,1.0
9533353,Deborah,0.0
9540969,Lydia,1.0
9545111,Penjit,0.0
9546435,Christian,0.0
9550104,Krittiya,1.0
9555038,Tanja,0.0
9557370,Ruth,0.0
9568092,Jonathan,1.0
9568877,⁨Sascha (Short For Alexandra)⁩,1.0
9568994,Maria Novella,0.0
9568995,Lloyd,1.0
9569430,Nonnakorn,1.0
9569532,Pauline,1.0
9571469,Jane,1.0
9572552,Liz,0.0
9573627,Seth,0.0
9574658,La,0.0
9577141,Yuliya,0.0
9580549,Thanut,0.0
9581871,Paul,1.0
9585895,Chantal,0.0
9593091,Oliver,0.0
9601144,Maria,0.0
9601899,Georgia,0.0
9603183,Catherine,1.0
9608094,Neil,1.0
9608265,Jennifer,0.0
9610452,Kirsty,0.0
9614555,Amaya,0.0
9620951,Tom,0.0
9636723,Patrick,0.0
9640443,Isabel,0.0
9655457,Jun Xin,0.0
9656582,Catherine,1.0
9661968,Neena,0.0
9663126,Dandan,0.0
9665674,Anthony,0.0
9672431,Muti,0.0
9674919,Loretta,0.0
9675420,Fanny,1.0
9679022,Warren,1.0
9679474,Greta,0.0
9683986,Benny,1.0
9684327,Amalia,0.0
9686424,Frances,0.0
9696296,Mel,1.0
9696710,Benjamin,0.0
9700234,Fotina,0.0
9703235,Alexandrian,0.0
9704690,Kate,0.0
9705818,Simone,0.0
9706636,Alex,0.0
9706688,Zita,0.0
9706731,Jimmy,0.0
9711346,Joanna,0.0
9716423,Olivier,0.0
9716668,Cathleen,1.0
9727431,Nicky,1.0
9731947,Raz,0.0
9732893,Tanjinah,0.0
9734084,Mark,0.0
9744028,Shara,0.0
9748918,Pieter Martin,1.0
9752176,Rebecca,0.0
9757216,Arlene,0.0
9759877,Linda,0.0
9763537,Paul,0.0
9774262,Fred,0.0
9775335,Aika,0.0
9778022,Toby,0.0
9778258,Gemma,1.0
9780231,Gabriel,0.0
9782038,Kate,0.0
9782811,Emilia,0.0
9787290,Emer,0.0
9787929,Fabrizio,1.0
9791627,Manisha,0.0
9793025,Jing,1.0
9793166,Duy,1.0
9793505,Tiffany,1.0
9793975,Enno,0.0
9794787,Garry,0.0
9797902,Roger,0.0
9798361,Guillaume,0.0
9798600,Lucille,1.0
9799113,Emma,0.0
9802516,Susan,1.0
9802850,Rachel,0.0
9803784,David,1.0
9808140,Megan,0.0
9808496,Emilie,0.0
9810342,Karla,0.0
9815264,Elisa,0.0
9820705,Tom,0.0
9821998,Pichanee,0.0
9823729,Aisling,0.0
9824816,Jeremy,0.0
9825064,Jitesh,1.0
9829996,Daniel,0.0
9832511,Mark,1.0
9835129,Deryck,0.0
9835962,Aruchuna,0.0
9840368,Max,0.0
9840835,Ben,0.0
9844340,Ramiro,1.0
9846173,Charlene,0.0
9846375,Angela,1.0
9846532,Chloe,0.0
9848276,Sophie,0.0
9849856,Otávio,0.0
9851915,Stephen,1.0
9857694,Helen,1.0
9864331,Jon,0.0
9864607,Ryan,0.0
9865985,Isabella,0.0
9866135,Lesley,1.0
9869735,Maud,0.0
9874301,Brian,1.0
9880940,Laura,0.0
9880950,Tamsin,1.0
9881747,Mari,0.0
9885253,Anna,0.0
9889774,Tracey,0.0
9897283,Gabriel,1.0
9897457,Heather,0.0
9898323,Teri,0.0
9901433,Martine,1.0
9901656,Sue,1.0
9905390,Eliza,0.0
9906827,Nokiko,1.0
9907162,Becky,0.0
9910719,Sophia,1.0
9911242,Lauren,0.0
9911797,Sophie,0.0
9912170,Megan,1.0
9913963,Carolina,0.0
9914622,Victor,0.0
9916428,Jake,0.0
9917420,Jane,0.0
9917446,Bella,0.0
9923011,Chi,1.0
9923073,Rachael,0.0
9924422,Boris,1.0
9928246,Andrea Elizabeth,1.0
9928865,Lorena,0.0
9929919,Erik,1.0
9930256,Rhea Living,0.0
9931757,Sarah Elizabeth,0.0
9933118,Kirley,0.0
9933340,Will,0.0
9934650,Ralph,0.0
9936665,Alia,0.0
9940152,Tawat,1.0
9942008,Hannah,0.0
9944904,Caroline,0.0
9947931,Sarah,0.0
9950005,Bernadette,0.0
9950821,Michael,0.0
9951125,Sean,1.0
9952590,Jessica,0.0
9955279,Panu,0.0
9958619,Felicia,0.0
9959882,Sim,0.0
9967336,Ligia,1.0
9969405,Charlotte,0.0
9971762,Jordan,0.0
9973210,Matthew,0.0
9986669,Nick,0.0
9991442,Cordelia,0.0
9994110,Georgina,0.0
9994911,Camilla,0.0
10005164,Sontana,1.0
10005361,Vyacheslav,0.0
10007090,Glenn,1.0
10008486,Tom,0.0
10017430,Maria & Emmanuel,1.0
10022223,Alexia,1.0
10028883,Ikram,0.0
10033168,Kari,0.0
10038276,Rosemary,0.0
10038719,Nathan,0.0
10039357,Jake,0.0
10040389,Paul,0.0
10041515,Anastasia,0.0
10046561,Tiffany,0.0
10047160,Fai,1.0
10048256,Theodore,0.0
10056568,Jean-Baptiste,0.0
10061428,Wipawe,1.0
10061993,Virginie,1.0
10069452,Sansiri,1.0
10076693,Uliana,0.0
10076879,Laura,0.0
10077533,Ger,1.0
10079522,Marianna,0.0
10080087,Matthew,0.0
10085733,Enes,1.0
10091555,Ash,1.0
10092054,Aom,0.0
10093181,Daniel,1.0
10096715,Peter,0.0
10096963,Rachel,0.0
10105328,Keelin,0.0
10113957,Gloria,0.0
10121785,Sabrina,1.0
10124168,Sarah,0.0
10128978,Cherry,1.0
10130595,Natalia,0.0
10131434,Agne,0.0
10131614,Zinab,0.0
10132125,Dyana,1.0
10132237,Louise,1.0
10133067,Simone,1.0
10134735,Ed,0.0
10137333,Yoleitza Josefina,0.0
10137646,Jet,1.0
10138065,⁨S1⁩,0.0
10139635,Tom,0.0
10140520,Rebecca,1.0
10141957,Angela,0.0
10143464,Elin,1.0
10143557,Matthew,1.0
10144169,Shruti,1.0
10144294,Mandy,0.0
10146514,Benja,0.0
10149602,Jackie,0.0
10151674,Honey,1.0
10161166,Philip,0.0
10162778,⁨Mr.⁩,0.0
10169590,Caitlin,0.0
10170452,Narn,0.0
10172980,Alice,0.0
10175761,Anna-Joy And Guy,0.0
10177028,Shohrey,1.0
10179322,Christina,0.0
10183870,Eve,1.0
10184386,Andrew,0.0
10190050,Mey,1.0
10191434,Leila,0.0
10192845,Ms Rebecca,1.0
10196814,Elizabeth,0.0
10197941,Francois,0.0
10197985,Anna,0.0
10199970,Maria,1.0
10201033,Kampanart,1.0
10204166,Jane,1.0
10204167,Daniel,0.0
10205769,Eugenie,0.0
10211986,Napa,1.0
10217099,Jeremy,1.0
10219285,Matt,0.0
10222460,Preeda,0.0
10223891,Aida,0.0
10226696,Arta,0.0
10228100,Claudia,1.0
10233530,Leon,0.0
10234849,Kersti,1.0
10238205,Rob,0.0
10244100,Serena,0.0
10244117,Lauren,0.0
10245909,Timothy,1.0
10246374,Arika,1.0
10247151,Giorgia,0.0
10247958,Simon,0.0
10255155,Rhys And Magda,1.0
10255328,Michael,0.0
10258574,Polly,0.0
10262340,Jacquie,0.0
10264950,Patrizia,0.0
10267028,Aleks,0.0
10267087,Adrian,0.0
10271482,James,0.0
10273648,Ricardo,0.0
10279295,Alex And Bao,0.0
10282392,Tristan,0.0
10282702,Tatiana,1.0
10289027,Erik,1.0
10289928,Amir,1.0
10297726,Simone,0.0
10298857,Victoria,0.0
10301116,Constantinos,1.0
10305326,Victoria,0.0
10305439,Monique,0.0
10306551,Georgia,0.0
10309639,Abe,0.0
10310551,Gaby,0.0
10311860,Jack,1.0
10314996,Julie,1.0
10320118,Driss,0.0
10321003,Vivian,0.0
10322347,Briony,0.0
10322683,Abbie's Homes Rental,0.0
10329348,Joyce,0.0
10330741,Vladimir,1.0
10332452,Angela,1.0
10335825,Thea & Rafal,0.0
10338830,Jack & Diane,0.0
10342322,Kerry,0.0
10344333,David,0.0
10353492,Jose,0.0
10355323,Marie,0.0
10360165,Anya,0.0
10362294,Mohanjit,0.0
10363164,Philly,0.0
10367531,Yolanda Maegan,0.0
10370524,Be London,1.0
10372099,Renata,0.0
10374968,Carly,0.0
10376122,Mathupani,0.0
10378743,Joyce From Anchor And Flow Stays,0.0
10379076,Eloise,0.0
10381196,Laura,0.0
10382625,Claire,0.0
10385798,May,0.0
10388470,Ben,0.0
10391419,Andreia,0.0
10391474,Nicola,1.0
10397055,Ramey,0.0
10398617,Nathan,1.0
10398979,Mike,1.0
10400019,Charlotte,0.0
10401086,Sam,1.0
10404896,Juliette,1.0
10407628,Mark,0.0
10408201,Miguel,0.0
10413812,Nattarom,0.0
10415671,Branka,1.0
10417843,May,0.0
10418173,Jess,1.0
10418836,Rebecca,0.0
10420105,Linda,0.0
10423397,Katherine,0.0
10424523,Nebojsa,0.0
10428943,Mary,1.0
10431475,Dani,0.0
10431866,Tree,0.0
10432357,Robert,1.0
10433411,L,0.0
10436752,Bianca,0.0
10441624,Angela,0.0
10442898,Lasse,0.0
10443937,Lawrence,0.0
10448282,Alicia,0.0
10450167,Aliyah,0.0
10453358,Kezia,0.0
10453702,Piyanuch,0.0
10459867,Andrew,0.0
10462380,Frankie,0.0
10462547,William,0.0
10464660,Tom,0.0
10464799,Alba,1.0
10467673,Eliza,1.0
10468855,Loizos,1.0
10469992,Maria Christina,1.0
10470232,Tina,1.0
10477079,Heide Emigre,1.0
10478194,Min,0.0
10482591,Kalim,0.0
10485950,Laurence,1.0
10499526,Josie,0.0
10504179,Kevis,1.0
10505514,Gilles,1.0
10507189,Katy,0.0
10507438,Olivia,0.0
10511615,Kian,1.0
10516636,Nicola,0.0
10518366,Andrew,0.0
10519939,Nicole,0.0
10522532,Fanny Marie,0.0
10524921,Bryce,1.0
10525179,Edmund,0.0
10526009,Anna,0.0
10526420,Diana,0.0
10530999,Mo,0.0
10535148,Panumas,0.0
10537491,Mary,0.0
10539010,Justin,0.0
10539455,Bradley,0.0
10540114,Kat,0.0
10540179,A,0.0
10540550,Ayanda,1.0
10542436,Rosie,0.0
10542870,Emily,0.0
10543640,Phuong,0.0
10544481,Peter,0.0
10548134,Mike,1.0
10552380,Vickie,0.0
10561005,Samantha,0.0
10561115,Emily,0.0
10575181,Emma,0.0
10577551,Andrew,0.0
10581150,Danling,1.0
10581237,Anchana,0.0
10583152,Sonja,0.0
10585918,Mario,0.0
10591938,Kamil,0.0
10592387,Olimpia,0.0
10597850,Denise,1.0
10597911,Jessica,0.0
10599211,Matthew,0.0
10599752,Sheryl,0.0
10605558,Madeleine,0.0
10608612,Mark,0.0
10611351,Duncan,0.0
10612266,Grigor Collections By Dom,0.0
10612400,Dilmar,1.0
10612950,Dean,0.0
10614179,Josefina,0.0
10614482,Eoin,0.0
10614714,Alex,0.0
10618486,Alla,0.0
10620402,Abhishek,0.0
10620777,Nicholas,0.0
10621908,Sara,0.0
10623677,Claire,0.0
10625415,Noor,0.0
10625912,Lisa,0.0
10626085,Damien,0.0
10626450,Joanne,1.0
10627656,Jes,1.0
10628048,Pam,1.0
10628701,Genevieve,1.0
10629537,Kristopher,1.0
10638153,Victoria,0.0
10648337,Daniela,0.0
10649195,Jasmine,0.0
10650609,Sebastian,0.0
10656359,Alexis,0.0
10656945,Pantanida,0.0
10657757,Karen,0.0
10662640,Jay,0.0
10663477,Paul,0.0
10669173,Michael,0.0
10673524,Milena,1.0
10682631,St Athans,0.0
10683266,Dillon,0.0
10685770,Rachel Ma,1.0
10689181,Peter,0.0
10694289,Benjamin,0.0
10694461,Terence Patrick,0.0
10696005,Ferry,0.0
10702151,Jakk,1.0
10707598,Janelle,1.0
10708006,Barbara,1.0
10708278,Kate,0.0
10709138,Veronique,0.0
10710061,Tae,0.0
10711719,Abigail,0.0
10712248,Éimear,0.0
10718244,Kylie,1.0
10719679,Daniel,0.0
10719696,Mahantesh,0.0
10720419,India,0.0
10724049,Benedikt,0.0
10725256,Cedric,0.0
10725411,Giorgio Co Host London,0.0
10725590,Charlotte,0.0
10730664,Dylan,0.0
10732394,Emma,0.0
10735529,Sarah,1.0
10748378,Claire,0.0
10750882,Dominic,0.0
10757202,Alice,1.0
10763589,Loanne,0.0
10765511,Elshan,0.0
10768293,Erin,0.0
10772869,⁨Your Perfect Stay™⁩,1.0
10772928,Yair,0.0
10773317,Kourosh,1.0
10774061,Dee,0.0
10778559,Freddie,0.0
10787366,Julie,0.0
10798432,Elizabeth,0.0
10798674,Gemma,0.0
10800957,Nadezda,0.0
10801131,Payu,1.0
10802696,Hans-Lothar,1.0
10802851,Susie,0.0
10820626,Laura,1.0
10825267,Angela,0.0
10836022,Bradley,0.0
10836633,Josh And Natasha,0.0
10841943,Tom,0.0
10848992,Naomi,0.0
10850496,Dario,0.0
10860147,Sarah,1.0
10862919,Monique,0.0
10869306,Malgorzata,0.0
10870959,Andrew,1.0
10877240,David,1.0
10887588,Anuj,1.0
10890950,G&N,1.0
10893303,Usman,0.0
10895641,Nicky,0.0
10898056,Habiba,1.0
10899693,Gerald,1.0
10906049,Alice,0.0
10906523,Bob,0.0
10909690,Bertie,1.0
10917108,Matteo,0.0
10918670,Julie,0.0
10920387,Charlotte,0.0
10924824,Sirisak,0.0
10925707,Rebecca,0.0
10926416,Kit,0.0
10936165,Alexandra,0.0
10937185,Marlene,1.0
10938022,Ambre And Matt,0.0
10938098,Jon,0.0
10950957,Pia,0.0
10952003,Danielle,0.0
10954712,Simon,0.0
10955997,Kristina,0.0
10960595,Arsira,1.0
10960852,Elita,0.0
10961046,Guy John,1.0
10964578,Tina,0.0
10966518,Peter,0.0
10982120,Nina Maya,1.0
10983593,Clare Rosina,1.0
10993319,GuestReady,0.0
10994989,Gavin,0.0
10995170,Farzana,0.0
10998423,Kate,0.0
11000923,Nathalie,0.0
11005873,Pat,1.0
11007254,Stefano,1.0
11009991,Lili,1.0
11011740,Sarah,0.0
11015540,Pawel,1.0
11016143,Nicolas,1.0
11018756,Evan,0.0
11019196,Eva,0.0
11022260,Rafal,1.0
11025076,Alim,0.0
11027939,Lucy,1.0
11029665,Jatupoom,1.0
11030697,Tanya,0.0
11031366,Dee & Pierre,0.0
11032010,小居Ju,0.0
11032949,Rina,0.0
11036499,Rachelle,1.0
11039420,Nana,0.0
11040891,Tatiana,0.0
11043311,Manish,0.0
11045386,Pamina Rebecca,0.0
11048941,Peter,0.0
11056733,Tyron,0.0
11057279,Jay,1.0
11059668,Sophie,0.0
11062335,Rianna,0.0
11063857,Samson,0.0
11067634,Louise,1.0
11068486,Emina,0.0
11069711,Stella,1.0
11070002,Pam,0.0
11072464,Jenny,0.0
11074510,Cmc,0.0
11077504,Juan,0.0
11084537,Robyn,1.0
11085651,Benjamin,0.0
11085882,Felipe,0.0
11085967,Annette,0.0
11086036,Calandra,0.0
11087097,Jacqueline,1.0
11087254,Steve,0.0
11087754,Suchada,0.0
11087764,Hanna,0.0
11088597,Kie,0.0
11094825,Rachael,0.0
11095276,Jirajate,0.0
11096539,Ted,1.0
11098436,Ljubica,0.0
11098670,Carolyn,0.0
11103088,Marie-Louise,0.0
11103664,Sophie,0.0
11104803,Kadir,1.0
11112780,Sheree,0.0
11114101,Ignacio,0.0
11114535,Amrita,0.0
11117954,Gia,0.0
11118042,Kay,0.0
11124022,Eleonora,0.0
11125553,Mariana,0.0
11129980,Barry,0.0
11130619,Ozlem,0.0
11131109,Ambra,0.0
11131445,Joe,1.0
11131496,HoK Living,0.0
11135687,Rachel,0.0
11138134,Thanwarat,0.0
11138456,Edson,0.0
11140776,Alexandra,0.0
11140978,Chris And Loi,1.0
11143510,Freya,0.0
11144135,Justine,0.0
11144223,Maggie,0.0
11156740,Juno,0.0
11159170,Olalekan,0.0
11161214,Emma,1.0
11161676,Simon,0.0
11165953,Alex,0.0
11176333,Ruben,0.0
11181165,Lorenzo,0.0
11181542,Sarah,0.0
11181920,T,0.0
11187208,Anna,1.0
11193300,Lucyne,0.0
11195460,Trinity,0.0
11196275,Emma,0.0
11196842,Cécile,1.0
11200193,Filippo,0.0
11200661,Alex,0.0
11205521,Eva,0.0
11207477,Katherine,0.0
11207925,Sey,1.0
11213082,Danni,1.0
11221480,Weerakorn,1.0
11225176,Mael,0.0
11226260,Victoria,0.0
11226658,Lleyam,0.0
11229186,Liam,1.0
11238220,Paul,0.0
11240160,Amber,1.0
11240922,Monika,0.0
11242534,Eva,1.0
11250352,Ha,0.0
11251628,J,0.0
11251956,Sarah,0.0
11256846,Timothy John,0.0
11259251,Alexia,0.0
11265684,Blanka,0.0
11265880,Nadine,1.0
11267539,Jennifer,1.0
11270435,Olusegun,0.0
11273285,Heather,0.0
11274153,Marci,0.0
11282160,LukGal,1.0
11282221,Sarah And Simon,0.0
11282756,Jimena,0.0
11284055,Tanya,1.0
11286801,Mark,0.0
11287986,Maya,0.0
11288480,Laura,1.0
11291827,Gabriela,0.0
11295754,Harriet,0.0
11299037,Mette,0.0
11299583,Swati,1.0
11301886,Ned,0.0
11308362,Mo,1.0
11309760,Simon,1.0
11312166,Jeremy,1.0
11312841,Kim,0.0
11313789,Chris,1.0
11313951,Daniella,0.0
11315491,Geoff,0.0
11317238,Brent,0.0
11319843,Diana,0.0
11320608,Tanya,1.0
11324395,Paul,1.0
11328321,Laura,0.0
11332867,Alex,0.0
11335611,Robbie,1.0
11339871,Boris,0.0
11340782,Natalie,0.0
11342528,Gerardo,0.0
11345400,Caron,0.0
11350319,Visnja,0.0
11350464,Tong,1.0
11351624,Ben,0.0
11352238,Tom,0.0
11354003,Ariel,1.0
11355263,Sarah,0.0
11362786,Timea,0.0
11366889,Chris,1.0
11367538,Cora,0.0
11369903,Hilary And Robert,1.0
11377726,Mirella,0.0
11386593,Warangkana,0.0
11387740,Ellie,0.0
11391223,Vasu,1.0
11399615,Barry,0.0
11400803,Jonathan,0.0
11407589,Antonio,1.0
11412655,Ant,0.0
11429211,Marie,0.0
11431199,Juliana,0.0
11435432,Ms Regina,1.0
11440591,Adam,1.0
11449482,Adele,0.0
11452369,Ed,1.0
11454671,Sn,1.0
11465052,Lydia,0.0
11468021,Jane,1.0
11469310,Olivia Kai,1.0
11471140,Elaine,1.0
11473965,Richard,1.0
11474283,Stephen,0.0
11475060,St. John,0.0
11485922,Tom,1.0
11487876,Alexander,1.0
11491575,Caitlin,0.0
11494404,Geoffrey,1.0
11495081,Pemigar,0.0
11501289,Steven,0.0
11501750,Jeannie,0.0
11502140,May,1.0
11508312,Rafaella,0.0
11510424,Richard,0.0
11511744,Jessica,1.0
11515631,Charlotte,1.0
11519718,Pacome,0.0
11520322,Floriane,0.0
11522006,Roberta,0.0
11522690,Celia,0.0
11523433,Annette,1.0
11536193,Miele,0.0
11542078,Damian,0.0
11542660,Paul,0.0
11546721,Dora,0.0
11549986,Ronald,0.0
11553701,Phillip,0.0
11553881,Jo,0.0
11554321,Artra,1.0
11555761,Sarah,1.0
11557120,Giulia,1.0
11561286,Arthur,0.0
11561416,Chris And Barbara,0.0
11562409,Pearse,0.0
11563941,Annchristin,0.0
11564493,Helen,1.0
11564813,Dean,0.0
11565953,Lubna,0.0
11566180,Francesca,0.0
11569727,Adrienn,0.0
11570657,My Property Host,0.0
11579485,Moshe,0.0
11579568,Louise And Raphael,0.0
11580321,Samuel,0.0
11584397,Errol,0.0
11593203,John,0.0
11594621,Dino,0.0
11596025,Maic,0.0
11596528,Emilie,0.0
11596783,Saida,0.0
11599359,Phyllis,0.0
11600595,Aparna,0.0
11607128,Sophie,0.0
11607389,Danilo,0.0
11611962,Clara,0.0
11614331,Wayne,1.0
11614723,Dee,0.0
11616348,Jay,0.0
11617758,Phyllis,1.0
11619267,Angelica Maria,0.0
11619453,Tania,0.0
11624388,Denise Patricia,0.0
11628972,AriYOUTOPIA,1.0
11630844,Joanne,0.0
11637352,Emma,0.0
11641322,Daz,1.0
11642386,Em,1.0
11642482,Steven,1.0
11643427,Di,0.0
11643622,Lisa,0.0
11653549,Julian,0.0
11661475,Laura,0.0
11665487,Matthew,0.0
11669034,Josiah,0.0
11673189,Lorena,0.0
11673564,Sandra,0.0
11674136,Seyen,0.0
11675790,Meagan,0.0
11676301,Victoria,0.0
11677233,Will,0.0
11677823,Jan,1.0
11680669,Paul,0.0
11685875,Idomile,0.0
11685900,Roseview,0.0
11688785,Emma,0.0
11695851,Holly,0.0
11695903,Dan,0.0
11695932,Camille,0.0
11710316,Jon Ander,1.0
11714119,Kim,0.0
11714520,Fleur,0.0
11716275,Geanne,1.0
11720090,Kim,0.0
11724101,Lerrin,0.0
11724996,Nakrit,0.0
11726358,Veronika,0.0
11727133,Simeon,0.0
11743565,Thiti,0.0
11744985,Lachlan,1.0
11747646,Stephen John,0.0
11750948,Itooram,0.0
11751006,Oliver,1.0
11754890,Giulia,1.0
11757499,Max,0.0
11757943,Vera Jean,0.0
11759057,Benjamin Harry,1.0
11760746,Rob,0.0
11761583,Anita,0.0
11762883,Bek,1.0
11763255,Tim,1.0
11764616,Daniel,0.0
11764739,Pete,0.0
11766486,Prabir,1.0
11767307,Fiona,0.0
11767747,Miriam,0.0
11772331,Nantiruj,0.0
11776109,Denise,0.0
11778428,Michelle,0.0
11779432,Dipo,1.0
11784548,Barbara,0.0
11788165,Lyn & Gavin,1.0
11792648,Tara,0.0
11796171,Katie,0.0
11796363,Sladana,0.0
11798157,Kylie,0.0
11799632,Claire,0.0
11805466,Donna,0.0
11806690,Craig,1.0
11806780,Cassandra,0.0
11808145,Joseph,0.0
11810287,Johnny,0.0
11813578,Ashley,0.0
11813803,Ratto,1.0
11819978,Rachel,0.0
11820288,Rozana,0.0
11823608,Lucy,0.0
11824322,Agamemnon,1.0
11829672,Marie,0.0
11830601,Karla,1.0
11834380,Iveta,0.0
11836830,Rhiannon,0.0
11839978,Øyvind,1.0
11848185,Ruchira,1.0
11858530,Lorelei,0.0
11860571,Bhavna,0.0
11863942,Jacqueline,0.0
11863974,George,0.0
11873702,Sadiq,1.0
11873954,Aideen,1.0
11879277,Sophie,0.0
11881819,Siobhan,1.0
11882116,Janet,0.0
11883141,June,1.0
11883183,James,0.0
11885189,Randel,0.0
11886109,Euigu,0.0
11887852,Andrea,0.0
11887883,Benjamin,0.0
11894798,Alessandra,0.0
11897894,Xavier,0.0
11900082,Petra,1.0
11903982,Angelina,1.0
11906353,Emma,0.0
11909720,Loula,0.0
11911602,Dominique,0.0
11914644,Luxico,1.0
11920725,Anastasia Katerina,0.0
11923922,MaisonNets,1.0
11924795,Fairuz,0.0
11929193,Thanapol,0.0
11929567,Iwona,0.0
11930234,Halle,0.0
11934084,Paul,0.0
11941109,Chloe,1.0
11941290,Yeshie,0.0
11943107,Elizabeth,0.0
11943599,Oliver,1.0
11943874,Pinyada,0.0
11945111,Mao,0.0
11947101,Sophie,1.0
11948031,Hicaro,0.0
11953062,Ploypan,1.0
11959232,Hari,0.0
11959494,Beps,0.0
11959628,Kristin,0.0
11975521,Beverley,0.0
11976985,Jane,1.0
11977965,Gail,1.0
11982636,Sarah,0.0
11983039,Walid,0.0
11983335,Gregory Charles,0.0
11984140,Emma,0.0
11987122,Pete,0.0
11987452,Emily,1.0
11988561,Caroline,0.0
11990109,Charlotte,0.0
11994204,Rebecca,0.0
11994578,Anna,1.0
11997785,Marianne,0.0
12000445,Sahra,0.0
12003163,Edward,1.0
12003628,Sophie,1.0
12005089,Allison,0.0
12007593,James And Manon,0.0
12010993,Anna,0.0
12011727,Boythai,0.0
12021862,Fazile,1.0
12034420,Payal,0.0
12034620,Belinda,0.0
12046796,Georgia,1.0
12049151,Gemma,0.0
12049206,Alex,0.0
12049631,Rose,0.0
12052974,Nisith,0.0
12059298,Net E Daniele,0.0
12060025,Catherine,1.0
12067531,Sherri,1.0
12069479,Ms Zuzana,1.0
12069531,Christina,0.0
12076164,Marina Paghunda,0.0
12078221,Federico,1.0
12090139,Freya,0.0
12093024,Mimi,0.0
12093464,Tracy,1.0
12093616,Fabrizio,1.0
12093625,Dorothy,0.0
12096150,Karina,1.0
12103171,Cher,1.0
12103275,David,1.0
12105325,Charlie And Emma,0.0
12135394,Vickie,0.0
12138098,Monica,1.0
12141487,Kay,1.0
12145458,Stephen,0.0
12157186,Owain,1.0
12158772,Lucinda,0.0
12160101,Maud,0.0
12160163,Marta,0.0
12160267,Thomas Edward,0.0
12161456,Michelle,1.0
12164190,Vanessa,0.0
12168117,Brian,0.0
12177733,Terry,0.0
12177903,Antonio,0.0
12187337,Gem,1.0
12194345,Chiara,0.0
12196870,Mark,1.0
12200588,Kir,1.0
12201352,Chikh,0.0
12202755,Axelle,0.0
12203504,Vivienne,0.0
12203593,Sofi,0.0
12210904,Roman,0.0
12214924,Peter,1.0
12216996,Elettra,0.0
12219951,Oliver,0.0
12222505,Deborah,1.0
12222937,Joel,0.0
12228213,Nadina,0.0
12230193,Anis,0.0
12230493,Benjamn,0.0
12243966,Margaret,0.0
12247470,Nym,0.0
12250466,Belinda Karen,0.0
12252025,Joe,0.0
12252703,Simone,0.0
12259470,Andy,0.0
12259631,Karen,1.0
12259715,Philippe,0.0
12260283,Holly,0.0
12266335,Narelle,0.0
12266346,Sarah,0.0
12271824,Kiat,0.0
12273916,Sonya,0.0
12275052,Rhonda,1.0
12276032,Wantipa,0.0
12276910,Rebecca,0.0
12278497,Jenny,0.0
12279977,Caroline,1.0
12281058,Elvinas,0.0
12281741,Maha,0.0
12284144,Marziyeh,1.0
12287888,Justine,0.0
12291293,Jay,0.0
12291566,Sofia,0.0
12293568,Maria,1.0
12294084,Rebecca,0.0
12294704,Lindsay,1.0
12294887,Francine,1.0
12295036,Manuel,0.0
12300880,Debbie And Ross,0.0
12304405,Siamaze,0.0
12312118,Lijuan,0.0
12316660,Alejandro,0.0
12317450,Sutatip,1.0
12320543,Alya,0.0
12326869,Vanni,1.0
12332548,James,0.0
12332648,Andy,0.0
12335081,Thanad,0.0
12344709,Rachele,0.0
12345921,Victoria,1.0
12346226,Yuri,0.0
12346465,Kwan,0.0
12346944,Mariana,0.0
12350932,Jonathan,0.0
12352790,Joseph,1.0
12363863,Claudia,1.0
12366995,Clementine,0.0
12372954,Kristy,1.0
12374751,Heather,0.0
12379856,David,0.0
12384136,Martina,0.0
12384950,Lucia,0.0
12389048,Neil,0.0
12390762,Francesca,0.0
12402075,Joy,1.0
12409628,Sura & Mayu,0.0
12409938,Jessica,1.0
12410890,Alene,1.0
12412464,Vlad,0.0
12415330,Danny,0.0
12418704,Ping,0.0
12419233,Stella,1.0
12421237,Fiona Jane,0.0
12430321,Viva,1.0
12439561,Jasmine,0.0
12440693,Margie,1.0
12445454,Panpilas,1.0
12446098,Belinda,0.0
12448045,Mathew,0.0
12448759,Rosie,0.0
12450889,Savva,0.0
12455811,⁨Maricar “Rikki”⁩,0.0
12456055,Flora,0.0
12456338,Marie,0.0
12456937,Cameron,0.0
12457660,Katrina,1.0
12458066,Natasha,0.0
12461888,Jane,0.0
12462870,Saisunee,1.0
12464021,Rebecca,0.0
12464546,Daniel,0.0
12464705,Lucio,0.0
12465452,Matthew,1.0
12469528,Debbie,0.0
12469621,Auang,1.0
12470455,Liberto,0.0
12481384,Bahia,1.0
12481990,Andrew,1.0
12482815,Ali,0.0
12484815,Simone,1.0
12486239,Kathleen,1.0
12488457,Janet,1.0
12492993,Aurelia,1.0
12495643,Phillippa Reymonde A,0.0
12504812,Rosie,0.0
12507262,Berengere,0.0
12508555,Grit,0.0
12509254,Stefanie,1.0
12510562,Joel,0.0
12524705,Julie,0.0
12525402,Christy,0.0
12527732,Grace,0.0
12531687,Domenico,0.0
12535565,Stephanie,0.0
12537027,Vikki,0.0
12542490,Arabella,0.0
12545063,Christina,0.0
12545424,Matthew,1.0
12547068,Hannah,0.0
12549016,Ed,0.0
12557032,Gap,0.0
12560756,Jingting,0.0
12564407,Simon,0.0
12564872,Tessa Ellen,0.0
12565141,Peter,0.0
12567333,Emilyrobus@Hotmail.Co.Uk,0.0
12573964,Leila,0.0
12581106,Tiffany,1.0
12581712,Sophie,0.0
12594274,Unn,0.0
12596667,Beatrice,1.0
12597660,Zarina,0.0
12600035,James,0.0
12603755,Anna,0.0
12606953,Paris,0.0
12609899,Elies,0.0
12612282,Patch,1.0
12612430,Sedoo,0.0
12617434,Chris,0.0
12617528,Enrico,1.0
12618740,Ryoko,0.0
12624248,Lynne,1.0
12628055,Ludovico,1.0
12628239,Peter,1.0
12630024,David-Saksith,0.0
12632327,Wanniya,1.0
12637466,Xun,1.0
12639271,Suzanne,1.0
12639845,Ole,0.0
12641271,Rebecca,1.0
12643783,Jason,0.0
12645276,Damon,1.0
12647096,Linda,1.0
12648259,Ksenia,0.0
12648480,Mark,0.0
12649072,Michele,0.0
12649238,Bea,0.0
12650742,Julian,1.0
12651866,Josephine,0.0
12651912,Juliana,0.0
12651968,Vida,0.0
12652055,Olivia,0.0
12652282,Annie,0.0
12658677,Kim,1.0
12659979,Vanessa Romer,0.0
12660009,Gloria,1.0
12661339,Pongpong,1.0
12666103,Elisabeth,0.0
12672106,Sylviane,0.0
12678519,Clo,0.0
12679348,Kanokon,1.0
12679503,Rich,0.0
12681055,Sukru,0.0
12684812,Chris,0.0
12688360,Cherry,1.0
12702931,Sophie,1.0
12703682,Vivienne,0.0
12704811,Christine,0.0
12708024,Bettina,0.0
12712651,Roopa,0.0
12713535,Mike,0.0
12715849,Cheryl,0.0
12715956,Ursula,0.0
12717826,Nina,0.0
12721465,Sam,0.0
12722004,Andy,1.0
12723110,Yolanda,0.0
12723827,Luca,0.0
12724777,Dorothy,0.0
12726766,Ken,0.0
12728475,Daniel,0.0
12729260,Emma,0.0
12743033,Thanan,0.0
12746086,Tic Sarinya,0.0
12746177,Ninew,1.0
12746564,Camilla,0.0
12747072,Belle,0.0
12752927,Kirsten,0.0
12753851,Noureddine,1.0
12754357,Samuel,1.0
12755128,Monica,0.0
12762660,Grace,0.0
12765168,Nicola,0.0
12766680,Robert,0.0
12767903,Kai,1.0
12769380,Dawn,1.0
12774143,Graeme,0.0
12785844,Chris,1.0
12790505,Emily,0.0
12797513,Jon,1.0
12798095,Angela,1.0
12798542,Lauren,0.0
12800982,Sayumporn,0.0
12818937,Tim,1.0
12827734,Cat,0.0
12829634,Marcelle & Peter,1.0
12856477,Di,0.0
12857011,Anna,0.0
12863564,Bee,0.0
12865213,Helen,1.0
12867553,Piers,1.0
12869248,Galia,0.0
12871595,Lauren,0.0
12873499,Kylee,0.0
12874528,Hamish,1.0
12874850,Rozina,0.0
12876049,Helena,1.0
12877562,Natalia,0.0
12877723,Alexander William,0.0
12880146,Ben,0.0
12880192,Georgie,0.0
12882594,Melanie,1.0
12883621,Tyfoon,0.0
12885879,Emma S,0.0
12888994,Charlotte,1.0
12890967,Laura,1.0
12892053,Lukas,0.0
12899842,Davey,1.0
12901035,Clare,1.0
12906103,Mariana,0.0
12906240,Hoi,0.0
12906645,Alice,0.0
12908196,Jessica,0.0
12910419,Owen,1.0
12914249,Jason,0.0
12919797,Afolabi Joseph,0.0
12920320,Céline,0.0
12925231,Samantha,0.0
12926698,Phoebe,0.0
12929621,Peter,0.0
12938704,Gillian,1.0
12940904,Nawatchara,1.0
12943200,Luke,0.0
12943353,Alice,0.0
12945714,Shahla,0.0
12949013,Oli,0.0
12951572,Funke,1.0
12953928,Charlotte,0.0
12961473,Amy,1.0
12964763,Carly,0.0
12965011,Christina,0.0
12966244,Charlotte,0.0
12975291,Maureen & Jeff,1.0
12978989,Giulia,0.0
12979446,Aaron,1.0
12979720,David,0.0
12982027,Vikas,0.0
12987110,Nina,0.0
12987568,Anastasiya,1.0
12989186,Rose,0.0
12990776,Wande,1.0
12991398,Nat,0.0
12991864,Elena E John,1.0
12992655,Simo,0.0
12994664,Roxanne,0.0
12996921,Oliver,0.0
13002935,Alice,1.0
13012967,Bee,0.0
13013470,Venta,0.0
13014710,Lyndsey,1.0
13014749,Mike,1.0
13015236,Garrett,0.0
13015302,Daniel,0.0
13015578,Dr Michael,0.0
13016773,Leila,0.0
13020066,Ome,1.0
13024706,Alexandra,0.0
13026063,Nils,0.0
13030985,Maud,0.0
13033286,Tiago,0.0
13036100,Lucy,1.0
13037683,Donna,1.0
13038220,Evgeniy,0.0
13041036,Matt + Lola,1.0
13041793,Rebecca,0.0
13045299,Sandra,1.0
13049985,Barry,0.0
13051032,Anne,0.0
13053104,Sam,1.0
13053560,Cintia,0.0
13053771,Ping,1.0
13055396,Chris,1.0
13057657,Sebastian,0.0
13058203,Rosie,0.0
13061306,Hugo,1.0
13066912,Collette,0.0
13067804,Katy,1.0
13074710,Felix,0.0
13081608,Hannah,1.0
13083177,Ernst-Otto,0.0
13083717,Jai Shree,0.0
13086168,Kita/Huang,0.0
13087164,Tola-Maria,0.0
13087386,Comarie,0.0
13090715,Adri,0.0
13092616,Aj,0.0
13093021,Katie,0.0
13096827,Colin,0.0
13097070,Luigia,1.0
13102590,Penny,0.0
13104084,Amanda,1.0
13104680,Lorraine,1.0
13105682,Helen,0.0
13107539,Phoebe,0.0
13107890,Simone,0.0
13107990,Maria,0.0
13114152,Meiji,0.0
13119838,Jodi,1.0
13120479,Daisy,0.0
13123964,Lizzy,1.0
13124857,Ashley,0.0
13130643,Mark,0.0
13131797,Luke & Sally,0.0
13132850,Dave,0.0
13141412,Peggy,0.0
13144502,Gareth,0.0
13151448,Mandy,0.0
13159028,Megan,1.0
13159966,Manjari,1.0
13166323,Cat,1.0
13172693,Shamsa,0.0
13175343,Nayna,1.0
13179260,Charlotte,0.0
13186066,Helen,0.0
13187908,Tashi,0.0
13195067,Maria,0.0
13200624,Minesh,0.0
13205217,Marie,0.0
13206539,Zoe,0.0
13206677,Grace Smith,1.0
13206728,Amy,1.0
13212867,Funmi,0.0
13214862,Athiradee,1.0
13217166,Michael,0.0
13219836,Antonia,0.0
13221535,Sean,0.0
13224295,Jay,0.0
13226580,Kritwalee,0.0
13226773,Oliver,0.0
13232562,Lucia,0.0
13238040,Elena,0.0
13240531,Harry,0.0
13240822,Jernej & Patricia,0.0
13243950,Simone,1.0
13244460,Sharon,0.0
13250514,Louisa,0.0
13256303,Oliver,0.0
13263381,Beatrice,0.0
13266070,Petra,0.0
13266371,Raffaella,0.0
13271203,Janine,0.0
13276464,Beverley,0.0
13277264,Justine,1.0
13278326,Anna,0.0
13282564,Ont Inthanom,1.0
13283993,Liz,0.0
13288634,George,0.0
13291005,Hanny,1.0
13291359,Rebecca,0.0
13295966,France,1.0
13298216,Erica,1.0
13302523,Ceri,0.0
13303841,Natacha,0.0
13306381,Chris,0.0
13309067,Scott,0.0
13313965,Justin,0.0
13314989,Jennifer,0.0
13320549,Gia,0.0
13321221,Vesna/Vanessa,0.0
13326068,River,1.0
13334525,Jodi,0.0
13334536,Made,1.0
13334704,Naphat,0.0
13336963,Peta,1.0
13337955,Tom,1.0
13339879,Lydia,0.0
13343815,Hilary,1.0
13350035,Sue,0.0
13350956,Raymonde,0.0
13352570,Katie,0.0
13353199,Ben,0.0
13363520,Fi,0.0
13367448,Frankie,0.0
13367911,Martha,0.0
13368101,Verity,0.0
13368653,Florence,0.0
13371221,Pat,1.0
13371733,Georgia,0.0
13376665,Sharon,0.0
13381522,Katinka,0.0
13387030,Lamington Apartments,0.0
13387443,William,0.0
13397808,Benjamin,0.0
13397877,Vanessa,1.0
13398372,John,1.0
13401830,Sarah,0.0
13407072,Camille,0.0
13409057,Gemma,0.0
13425423,Ana,0.0
13425822,Sunisa,1.0
13429423,Craig,1.0
13431309,Emily,0.0
13435152,Nivedita,1.0
13435766,Karina,0.0
13437581,Matthew,0.0
13437657,Fernando,0.0
13438279,Jacquelyn,0.0
13440787,Andrew,1.0
13442714,Amy,1.0
13448213,Talia,0.0
13449383,Aaron,1.0
13450464,Anisa,0.0
13453118,Matthew,0.0
13453179,Elise,0.0
13467208,Stuart,1.0
13474907,Nima,0.0
13476281,Tiziana,0.0
13477581,Taylor,0.0
13479109,Lipton,1.0
13479206,Rosalind,0.0
13481871,Christina,0.0
13485066,Sergio,0.0
13488884,Matan,0.0
13490587,Ellie,0.0
13492565,Alan,0.0
13495280,Max,0.0
13499061,Karina,0.0
13501127,Andrew,0.0
13502048,Matt,0.0
13510448,Marina,0.0
13511000,George,0.0
13512299,Tanya,0.0
13513910,Lyndsay,0.0
13515776,Simone,0.0
13517002,Mark,0.0
13517881,Burcu,0.0
13520595,Alex,1.0
13521106,Caroline,1.0
13526884,Barbara,0.0
13532615,Juliano,1.0
13538408,Alex,0.0
13540437,Glo,0.0
13540563,Tatiana,0.0
13553423,Melissa,0.0
13555708,Sara,0.0
13565462,Erica,0.0
13566102,Ralph,1.0
13569641,George,0.0
13570747,Mattan,0.0
13571600,Anna,1.0
13577585,Dominic,0.0
13581328,Marina,1.0
13588432,Nicholas,1.0
13592482,Silvia,0.0
13593937,Gareth,0.0
13597380,Dylan,0.0
13598314,Irina,0.0
13598339,Richard,0.0
13598910,David,1.0
13602627,Emily,0.0
13607446,Jacqueline,1.0
13609812,Chloé,0.0
13610003,Kate,0.0
13614860,Freya,0.0
13616765,Mary,0.0
13617540,Luke,0.0
13619750,James,0.0
13625199,Jidapa,1.0
13626593,Rachael,0.0
13627011,Korina,0.0
13628500,Laura,1.0
13628637,César & Jessica,1.0
13630749,Angela,1.0
13633743,Yam,0.0
13639104,Christiana,1.0
13645878,Basia,0.0
13655523,Karen,1.0
13659294,Selina,0.0
13660101,Marti,1.0
13664809,Lauren,0.0
13667311,Janine,0.0
13668210,Veronica,0.0
13669083,Angela,1.0
13669902,Ale,0.0
13672055,Lewis,0.0
13674021,Martin,1.0
13678004,Christopher,1.0
13679753,Bonnie,0.0
13681057,Mishel,0.0
13683914,Almut,0.0
13685989,Juliet,0.0
13688311,Tiziana,0.0
13692510,Melanie,0.0
13696472,Aire Apartments,0.0
13701638,Nymph,0.0
13704031,Jenny & Tom,0.0
13709399,Kathryn,1.0
13709722,Margarita,1.0
13710493,Hannah,1.0
13710559,Truong,0.0
13712856,Marcin,0.0
13713534,Annette,0.0
13716637,Mark,0.0
13717578,German,0.0
13720352,Elaine,0.0
13721895,Tam,0.0
13724753,Samuel,0.0
13728249,Stuart,1.0
13728484,Edward,0.0
13729165,Pannin,0.0
13729876,Ollie,0.0
13731554,Pascale,0.0
13732155,Mustafa,0.0
13732919,⁨Anna Maria (Nicole)⁩,0.0
13734889,Chris,0.0
13736061,Maria,1.0
13736407,Helen,1.0
13737163,Lilach,0.0
13739634,Tara,1.0
13741412,Haris,1.0
13745372,Jennifer,0.0
13751592,Janet,1.0
13758927,Nuthapol,0.0
13759242,Nan,0.0
13761483,Chris,1.0
13763129,Harriet,0.0
13767792,Rajna & Zika,0.0
13769781,Axel,0.0
13770205,Stephen,1.0
13771570,Lucy,0.0
13772189,Beth,0.0
13772341,Laurie,1.0
13772523,Pam,0.0
13774091,Will,0.0
13784219,Sarah,0.0
13784444,Emma,0.0
13787836,Geoff,1.0
13789139,Alexandra,0.0
13790305,Kazem,0.0
13792962,Marlon,1.0
13801534,Marta,0.0
13801994,Lara,0.0
13805017,Timothy,0.0
13807499,Kate,0.0
13807525,Elise,1.0
13813328,Jonathan,1.0
13815070,Guy,0.0
13825140,Karen,1.0
13825565,Mary,1.0
13826183,Monique,0.0
13826486,Ann,0.0
13826621,Tripti,0.0
13827039,Akhtar,0.0
13827721,Alex,0.0
13828843,Tia,1.0
13828963,Patrick,0.0
13830511,Bryan,0.0
13832704,Damon And Rachael,1.0
13838290,Anna,1.0
13840348,Luciano,0.0
13840941,Dustin,0.0
13843295,Vanessa,1.0
13846634,Tithaphong,0.0
13847253,Janet,1.0
13849945,Alice,0.0
13850545,Mike,0.0
13853005,Catherine,0.0
13853250,Ruby,0.0
13856865,Marie-FRANCOISE,0.0
13858975,Demo,0.0
13859456,Bert,0.0
13862067,Ndubuisi,0.0
13868636,Hayley,0.0
13876613,Micky,1.0
13877444,Jessica,0.0
13883101,Lei,1.0
13887655,Hannah,0.0
13887884,Natalie,0.0
13888053,Jameel,0.0
13888470,Jim,0.0
13888505,Martin,0.0
13888599,Ash,0.0
13889235,Malin,0.0
13895237,Nat,0.0
13896761,Victoria,0.0
13897300,Arthur,0.0
13899655,Sujira,1.0
13900988,Jennypher,0.0
13901145,Becca,0.0
13904122,Lisa,0.0
13906062,Mihir,0.0
13914678,Victoria,0.0
13916540,Arthur,1.0
13916800,Bumbim,1.0
13917619,Aysel,1.0
13918666,Anna,0.0
13922814,Issara,0.0
13926450,Sophie,0.0
13929915,Jo,0.0
13936426,Nikki,0.0
13937695,Sandy,0.0
13937822,Cecilia,1.0
13938021,Mel,1.0
13947986,Alice,0.0
13951336,Sally,0.0
13952046,Karolina,1.0
13959564,Ruth,1.0
13963129,Sherief,0.0
13964757,Kully,0.0
13969086,Jack,0.0
13970688,Leena,0.0
13972467,Khajorn,0.0
13974420,Brigit,0.0
13975268,Heidi,0.0
13976638,Greg,0.0
13978009,Jack,0.0
13979851,Jiayin,0.0
13985683,José,0.0
13987257,Tosin,0.0
13987716,Katrina,0.0
13989764,Mehreen,0.0
13990270,Mary,1.0
13991504,Lucy,0.0
13992210,Maturod,1.0
13996834,Lee,0.0
13997075,Pav,0.0
13998765,Sofia,0.0
13999196,Marie,0.0
14002898,Liberto,0.0
14005072,Sofia,0.0
14006260,Lesley,1.0
14006467,Okan,1.0
14007123,Fred,0.0
14008580,Michelle,1.0
14009052,Jean-Christophe,0.0
14010331,Robert,0.0
14013426,Abdel,1.0
14013699,Lawrence,1.0
14014250,Michael,0.0
14017470,Elin,0.0
14018039,Sonya,0.0
14019365,Nehal B,1.0
14020607,Douglas,0.0
14020845,Sara,0.0
14023778,Max,0.0
14025678,Denise,0.0
14034884,Alex,0.0
14040364,Farid,0.0
14050397,Riyaz,1.0
14050710,Svetlana,0.0
14057160,Helen,0.0
14061173,Gisela,0.0
14062878,Ann,0.0
14064567,Dana,1.0
14071023,Graeme,0.0
14073279,Mariana,1.0
14073929,Patrick,1.0
14074491,Kaz,0.0
14075147,Kasia,0.0
14078404,Jonathan,0.0
14080577,Reynald,0.0
14080657,Kristen,0.0
14081563,Nicola,0.0
14084648,Diane,1.0
14086610,Thomas,0.0
14086612,Katie,0.0
14089045,Sarah & Jessica,1.0
14091655,Susie,0.0
14092743,Piroska,0.0
14094725,Francine,0.0
14096542,Pervin,0.0
14098058,Shazil,0.0
14103315,Venera,0.0
14106002,Jake,1.0
14106120,Atilla,1.0
14106675,Alexander,0.0
14108836,Claire,0.0
14114090,Anna Theresa,1.0
14117079,Ella,0.0
14120962,Jennifer,1.0
14122432,Jo,0.0
14124670,Karen,1.0
14124789,Ellen J,1.0
14127026,Declan&Carlos,0.0
14129983,Emilia,0.0
14130313,Tomas,0.0
14134375,Matt,1.0
14135077,Ivona,0.0
14135277,Lucy,0.0
14137244,Abhay,1.0
14142631,Anna,0.0
14145689,Alex,0.0
14147485,Nicholas,1.0
14147865,Guillaume,1.0
14148041,Richard,1.0
14148404,Laura,0.0
14150013,Stevyn,0.0
14150886,Melissa,1.0
14156368,Juhi,0.0
14165505,Paul,0.0
14169019,Tamara,1.0
14171097,Amelia And Greg,1.0
14176688,Alessandro,0.0
14177663,Julia,0.0
14179075,Tesh,1.0
14184077,Laura,1.0
14185568,Kels,1.0
14192005,Ryan,0.0
14192590,Mike And Maria,1.0
14200959,Roberto & Vanessa,1.0
14213087,Vesna,0.0
14213602,Susann And Rica Derita,1.0
14215008,Mark,0.0
14215571,Christopher,0.0
14216149,Amelia,1.0
14219038,Ramzi,1.0
14220008,Linda,0.0
14222542,Rebecca,1.0
14223637,Pamela,0.0
14227525,Piraya,0.0
14232419,Robert,0.0
14236776,Melek,0.0
14238435,Ally,0.0
14238741,Eli,0.0
14243188,Fraser,1.0
14244480,Lia,0.0
14245970,Carlie,0.0
14253682,Abul Monirul,0.0
14258329,Sandy,1.0
14258728,Carly,0.0
14264333,Adriane,0.0
14270069,Nui,0.0
14272214,Alexis,0.0
14276530,Andy,0.0
14276941,Tom,1.0
14285199,Cisel,0.0
14297798,Lisa,1.0
14298987,Gilberto,0.0
14299764,Dan,1.0
14301667,Drew,1.0
14302250,Crystal,1.0
14304136,Tom,0.0
14304474,Lana,0.0
14310072,Blandine,0.0
14314636,Jaden,0.0
14315151,Emma,1.0
14315463,Louise,0.0
14318942,Mark,0.0
14324727,Yolanda,0.0
14326920,Joel,0.0
14329664,Rebecca,0.0
14330188,Alex,0.0
14334190,Karen,1.0
14334602,Kevin,1.0
14335043,Tan,1.0
14336967,Mar,0.0
14338876,Sarah,0.0
14343619,Perri,0.0
14349680,Chris,0.0
14351370,MarieLaure,0.0
14352584,Hostbox,1.0
14354265,Linda,1.0
14357128,Livin,1.0
14358898,William,0.0
14359221,Uzair,0.0
14364194,Charlotte,0.0
14365115,Kristin,1.0
14367071,Chris,1.0
14376840,Rhiannon,0.0
14377402,Rosanna,0.0
14388764,Kim,0.0
14391623,Sasi,1.0
14392126,Haseena,1.0
14394904,Kerstin,0.0
14395863,Ewan,1.0
14398877,Alex,0.0
14409559,Arnaud Urbano,0.0
14409845,Kim,1.0
14416202,Kath,0.0
14419931,Duncan,0.0
14420498,Laura,0.0
14421403,Tania,0.0
14424811,Steph,0.0
14435818,Nehal,0.0
14436537,Pinn,0.0
14436636,Aylin,1.0
14443313,Anna,0.0
14446635,Benito,0.0
14458488,Cristian,1.0
14460531,Natasha,0.0
14461657,Mind,1.0
14463932,Mark,0.0
14474649,Will,0.0
14475526,Matthew,0.0
14484215,Barney Roberto,0.0
14489839,Francesco,0.0
14496145,Loftel 22 Hostel,0.0
14496907,Ammi,1.0
14498046,Mark,0.0
14498176,Maria,0.0
14498399,James,0.0
14499979,Alice,0.0
14503058,Henrietta,0.0
14509776,Ana,0.0
14517363,Adeel,0.0
14518465,Sam,0.0
14527467,Claire,0.0
14528870,Constantin,0.0
14532256,Luna,0.0
14533618,Fiona & Paul,0.0
14534087,Kanikar,0.0
14540018,Tori,0.0
14542509,Wojtek Szymczak,0.0
14542922,Matthew,0.0
14543120,Ivo,1.0
14548210,Ben,0.0
14550176,Tracy,0.0
14554767,James,1.0
14559485,Iris,0.0
14561499,Sylwia,0.0
14572983,Charles,1.0
14577847,Monia,1.0
14581780,Jack,1.0
14583973,Beverley,1.0
14583982,Jenny,0.0
14597440,Jimeno,0.0
14603703,Tongtong,1.0
14608495,David,1.0
14610651,Patrick,0.0
14611853,Rami,1.0
14616637,Ariane,0.0
14624000,Kaye,1.0
14626075,Deborah,1.0
14629036,Evangelos,1.0
14629460,Cherry,0.0
14640905,Alice,0.0
14645643,Anna,0.0
14646476,Maria,0.0
14646700,Gabriele,0.0
14646764,Ms Caroline Frances,0.0
14654431,Vimal,1.0
14654560,Lauren,0.0
14663494,Carolina,0.0
14665428,Jonathan,0.0
14670406,Jerome,1.0
14672170,Hattori,0.0
14672684,Gloria,0.0
14674619,Aysesu,0.0
14675203,Chryso,1.0
14681930,Suzannah,0.0
14684377,Patricia,1.0
14685880,Hazel,0.0
14688852,Audrey,0.0
14690500,Tim,1.0
14702401,Sophie,1.0
14703440,Phoebe,0.0
14706294,Glenn,1.0
14707230,Vincent,0.0
14708045,Shane,1.0
14711760,Tonya,0.0
14720241,Derek,1.0
14722698,Kate,1.0
14723743,Grace,0.0
14727156,Nancy,1.0
14729729,Paris,0.0
14739318,Anna,1.0
14744847,L,0.0
14747852,Naveed,0.0
14751074,Kannika,1.0
14755115,Gavin,0.0
14755544,Harriet,0.0
14759709,Timothy,0.0
14766166,Wayne And Tao,1.0
14768623,Andrew,0.0
14771775,Beth,1.0
14776677,Ali,0.0
14779105,Liz,0.0
14780968,Vincent,0.0
14789895,Megan,0.0
14794236,Annabel,0.0
14794637,Massimo,1.0
14795116,Jacqueline,1.0
14798131,Laurianne,0.0
14799777,Sarah,0.0
14802891,Mary,0.0
14804567,Alberto,0.0
14805320,Santiago,0.0
14805460,Lauren,0.0
14807169,Georgina,0.0
14809674,Sara,0.0
14820181,Nikole,0.0
14826525,Maddy,0.0
14828216,Louisa,0.0
14831487,Katherine,1.0
14833274,Perusi,1.0
14840967,William,0.0
14851739,Or & Nir,0.0
14859089,Sloane,0.0
14863607,Anna,0.0
14867668,Christine,0.0
14869760,Chloe,0.0
14871069,Jonathan,1.0
14874815,Elisa Charlotte,0.0
14875410,Joivy England,0.0
14880569,Yayang,0.0
14884562,Abigale,0.0
14887567,Raja,1.0
14888835,Susan,1.0
14895094,Kamal,0.0
14895356,Michelle,0.0
14897253,Tanika,0.0
14900093,Jim,1.0
14900104,Tom,1.0
14902843,Christabel,0.0
14903518,Vincent John,1.0
14905791,Maureen,0.0
14907124,James,0.0
14921467,Margaret,1.0
14923570,Tracy,1.0
14930889,Tei,0.0
14939234,Fiorina,0.0
14939240,Tom,0.0
14942331,Bryony,0.0
14942834,Guillaume,0.0
14943559,Symeon,0.0
14945677,Maurizio,0.0
14949571,Claire,0.0
14950375,Jacquelyn,0.0
14958930,Pamela,0.0
14960814,Leanne,1.0
14961743,Ottavio,0.0
14962099,Camila,0.0
14963030,Georgia,0.0
14964116,Ema,0.0
14966882,⁨N.⁩,0.0
14968215,Salim,0.0
14968846,Phil,0.0
14970103,Monika,1.0
14971063,Ravi,0.0
14989660,Roshni,0.0
14992087,Stanley,0.0
14999901,Deborah,0.0
15005560,Meghan,0.0
15008916,Vishna,0.0
15010667,Lisa,0.0
15012238,Anna,0.0
15012302,Shehriyar,1.0
15014855,Budsabong,0.0
15023323,Alex,0.0
15024908,Sven,1.0
15029603,Natasa,0.0
15036035,Fatiha,0.0
15036872,Gabriel,0.0
15038987,LolaLisa,0.0
15039858,Sasiprapha,0.0
15054499,Hanna,1.0
15076921,Walter,0.0
15078025,Martine,0.0
15078701,Xi,1.0
15079232,Fern,1.0
15082731,James,0.0
15087598,Judith,1.0
15090067,Gay,1.0
15094953,Gareth,0.0
15101286,Andrew,0.0
15101734,Andreia,0.0
15114310,Flawa,0.0
15120025,Lisa,1.0
15125913,Patcharawee,0.0
15127465,Rex,0.0
15127469,Marta,0.0
15128707,Quentin,1.0
15131761,Laura,1.0
15134618,Susie,0.0
15135619,Natalia,1.0
15138457,Lucy,1.0
15148100,David,0.0
15148551,Melissa,1.0
15149850,K,0.0
15157667,Ann,0.0
15158212,Kate,1.0
15158638,Kirsty,1.0
15161976,Sulema,0.0
15166032,Andy And Helen,1.0
15169003,Nueng Suwanee,1.0
15170469,Yi,0.0
15173926,Jonathan,1.0
15176687,Al,0.0
15178027,Katy,0.0
15182886,Frederico,0.0
15188594,Alina,0.0
15189792,Sian,0.0
15191189,Ben,1.0
15193441,James,0.0
15196818,Mo,0.0
15201323,Elaine,1.0
15206314,Alice,0.0
15207279,Helen,1.0
15211755,Rowan,0.0
15211808,Rey,0.0
15214203,Achiraya,0.0
15216288,Audrey,0.0
15218917,Mam,1.0
15220552,Barry,0.0
15221519,David,0.0
15224256,Angus,0.0
15227247,Alejandro,1.0
15229200,Rebecca,0.0
15239413,Tyrone,0.0
15240353,Bronnie,0.0
15245824,Michael,0.0
15247047,Reagan,0.0
15248031,Elle,0.0
15250694,Ms Ree,1.0
15250747,Richard,0.0
15251001,Craig,0.0
15252017,Catherine,0.0
15254974,Jon,0.0
15255989,Piyaon,0.0
15256652,Spm,0.0
15257097,Thitinatt,0.0
15260451,Marysia,1.0
15270186,Gee,0.0
15272092,Kudsi,1.0
15275323,Emma,1.0
15275438,James,1.0
15279584,Agata,0.0
15282848,Sunny,0.0
15285179,Michelle,0.0
15286665,Debbie,0.0
15287982,Kessara,0.0
15290572,Tony,0.0
15290811,Dirk,1.0
15307928,James,0.0
15311797,Lee,1.0
15316850,Liping,0.0
15318943,Hermione,1.0
15320109,Tanaporn,0.0
15331905,Caroline,0.0
15333538,Billie,1.0
15335257,Hannah,0.0
15340244,Sirvan,0.0
15341233,Julimar,1.0
15342210,Brent,0.0
15343892,Simon,0.0
15354654,Ollie,1.0
15356750,Chantal,0.0
15359419,Kate,0.0
15361574,Zac,0.0
15365868,Jonathan,0.0
15368760,Sarah,0.0
15368763,Ufuk,0.0
15370764,Kim,0.0
15372041,Sophie,0.0
15373948,Richard,0.0
15377272,Tiziano,0.0
15383206,Chris,0.0
15385133,Ioana,0.0
15385241,Chris,1.0
15388654,Fabiana,1.0
15393042,Pedro Pablo,0.0
15393401,Willem,1.0
15407633,Art,0.0
15408093,Chiara,0.0
15409426,Lucy,0.0
15418217,Sam,0.0
15419517,Isavaret,1.0
15424555,Ellie,0.0
15426794,Gareth,0.0
15427377,Bridget,0.0
15429888,Patricia,0.0
15443705,Sharyn,1.0
15443754,Jasmine,0.0
15449253,Kanitha,0.0
15449961,Louise,0.0
15450556,Cindy,0.0
15453212,Peter,1.0
15454758,Zoe,1.0
15456847,Ilona,0.0
15457594,Mona,1.0
15460512,Cengiz,0.0
15460716,Marine,0.0
15467398,Annette,1.0
15469257,Rowen,0.0
15469950,Elliot,0.0
15474432,Simon,0.0
15481575,Patricia,0.0
15486463,Natasha,1.0
15487258,Katrin Andrea,0.0
15487631,Rosie,1.0
15492488,Rachael,0.0
15492831,Susan,0.0
15499468,Val,1.0
15502715,Peter,0.0
15507794,Timothy,0.0
15509111,Michael,0.0
15509433,Stevie And Camille,1.0
15510880,Tamara,0.0
15522382,Charley,0.0
15523211,Barbara,0.0
15531865,Alex,0.0
15546849,Aaron,1.0
15550271,Michele,1.0
15552669,Sidal,1.0
15553516,Simon,1.0
15558644,Ruvani,1.0
15558795,Caroline,0.0
15560195,Simon,0.0
15563305,Emily,0.0
15565700,Alex,1.0
15569760,David & Shully,0.0
15572614,Carol,0.0
15576858,Melek,0.0
15577752,Melanie,0.0
15577758,Darren,1.0
15597940,Stefan,0.0
15600652,Emanuele,1.0
15605113,Annette Louise,1.0
15606412,Alexandra,0.0
15613338,Daisy,0.0
15615132,Alexander John,1.0
15618705,Tess,0.0
15619772,Benedicte,0.0
15622649,Roy,1.0
15624747,Jeniffer,0.0
15626254,George,1.0
15631171,Dan,0.0
15634704,Patrick,0.0
15638893,Monique,0.0
15641265,Eight,0.0
15643590,Kraivit,1.0
15645095,Gracibelt,0.0
15645536,Sohn,1.0
15645958,Martha,0.0
15649640,Yolius,0.0
15657167,Andy,1.0
15657246,Diviya,0.0
15658121,Louise,1.0
15658911,Astrid,1.0
15665351,Sohi,1.0
15667600,Kanghsu,0.0
15675853,Matthias,0.0
15678794,Warach,0.0
15683810,Laura,0.0
15686300,Dorelly,0.0
15686499,Katia,0.0
15689354,Miriam,0.0
15699117,Oli,1.0
15703798,Sara,0.0
15706647,Sara,0.0
15709439,Marina,1.0
15713109,Sylvia,0.0
15717072,Mareli,0.0
15718553,Olivia,0.0
15733215,Charles,0.0
15736621,Biju,0.0
15738219,Zi,1.0
15738541,Huw,1.0
15739069,The Apartment Service Sydney,0.0
15748595,Steve,0.0
15750172,Steve,1.0
15752806,Craige & Leonie,0.0
15754725,Judy,0.0
15761322,David,0.0
15766978,Eden,0.0
15768977,Isabelle,1.0
15776354,Kat,0.0
15780960,Gonzalo,0.0
15794042,Sally,0.0
15795663,Nicoleta,0.0
15796841,Tony,0.0
15798904,Weston,0.0
15799693,Chantal,0.0
15800166,Charlotte,0.0
15800293,Pervin,0.0
15801340,Kami,0.0
15809006,Jessica,0.0
15811371,Julia,0.0
15813157,Amber,0.0
15818609,Farah,1.0
15824420,Nick,0.0
15828823,Shahriar,0.0
15833179,Alexander,0.0
15837125,Andreas,0.0
15837897,Myles,1.0
15838378,Charnwet,0.0
15843482,Emma,1.0
15843574,Kate,0.0
15844715,Maria,0.0
15846622,Chris,0.0
15847465,Hugh,1.0
15848418,Davina,0.0
15848420,Bee,0.0
15851170,Marcia,1.0
15855847,Alice,0.0
15861436,Polina,0.0
15881704,Raquel,0.0
15882040,Charlotte,0.0
15882453,Rebecca,0.0
15882931,Peter,0.0
15885982,Julian,1.0
15886278,Wynne,0.0
15886299,Melanie,0.0
15890921,Alex,1.0
15897477,Ergun,1.0
15910849,Rosie,0.0
15912874,Tom And Vicki,1.0
15914263,Ann,0.0
15919215,Sally,0.0
15919558,Julie,0.0
15927770,Chayanuch,0.0
15930722,Rachael,0.0
15938720,Guillaume & Nga,0.0
15939646,Cheryl,0.0
15942612,Lorna,0.0
15945073,Pasit,0.0
15948715,Claudia,0.0
15950654,Fiona,0.0
15952216,Jonathan,0.0
15952507,Dean,1.0
15953690,Cindy,1.0
15954282,Gary,1.0
15955136,Adam,0.0
15960178,Vanessa,0.0
15962350,Jose,0.0
15965359,Deirdre Nicole,1.0
15973170,Kate,1.0
15976186,Darren,0.0
15978097,Jean David,0.0
15978837,Shiksha,1.0
15982847,Suneta Hostel Khaosan,0.0
15983696,Ludi,0.0
15986538,Arron,0.0
15987064,Sue,0.0
15990181,Ekaterina,0.0
15994703,Neil,0.0
15995325,Kait,1.0
15995735,Monika,0.0
15999093,Khrystyna,1.0
16000068,Peter,0.0
16007882,Mica,0.0
16008206,Peter,0.0
16012440,Davina,0.0
16017003,Elina,1.0
16017566,Suzanne,0.0
16018048,Jane,0.0
16019773,Gino,0.0
16026854,Tracey McArdle Exclusive Properties,1.0
16029764,Dora,0.0
16032282,Chrissie,0.0
16035806,Jorge,1.0
16036138,Moeed,0.0
16036351,Ian,1.0
16040665,Martin & Dallas,1.0
16043548,Cat,0.0
16045180,⁨Jiaranai (Angel)⁩,0.0
16050399,Samuel,0.0
16052291,Steven,0.0
16055869,Shereen,0.0
16057117,Melina,0.0
16059770,Vivian,0.0
16061738,Peter John,0.0
16073815,Lucy,0.0
16080978,Jessica,1.0
16081823,Alison,0.0
16088068,Susi,1.0
16091957,Nazma Sylvia Mussa Nielsen,1.0
16092753,Miguel,0.0
16095659,Laura,0.0
16098087,Fionn,0.0
16100496,Diana,0.0
16103679,Tarryn,0.0
16105810,Gil,0.0
16108506,Kate,0.0
16113885,Brendan,1.0
16114729,Syarifah Arifah R,0.0
16119500,Yasir,0.0
16121295,Louis,1.0
16121948,Emily,0.0
16126389,Tricia,0.0
16129869,Elvira,0.0
16132345,Olivia,1.0
16133273,Lily,1.0
16136449,Paul,0.0
16149749,Fariba,1.0
16151186,Ana,0.0
16159972,Roz,1.0
16169446,Daniela,1.0
16175110,Jodie,1.0
16175621,Sandy,0.0
16181761,Jerome,1.0
16194913,Roland,1.0
16201916,Amelia,1.0
16205723,Eylem,0.0
16205967,Melanio,0.0
16208217,Rémie,1.0
16210679,Laura,0.0
16220399,Allan,1.0
16227002,Melodie,1.0
16231210,Neil,1.0
16231411,Cem,0.0
16232330,Natthaphon,1.0
16233980,Shivani,0.0
16241078,Tuppence,1.0
16242431,Chien Hui,0.0
16244003,Alexander Nami,1.0
16245242,Irlanda,1.0
16247413,Manthi,0.0
16247453,Joseph,1.0
16247756,Ysee,0.0
16248083,Abz,0.0
16249772,Sophia,0.0
16253236,Scott,0.0
16253626,Manny,0.0
16261342,Charlotte,0.0
16267191,Dani,0.0
16268008,Wendy & Gorka,1.0
16269670,Izzy,1.0
16270754,Anna,1.0
16273262,Chloe,1.0
16274644,Laura,1.0
16277149,Pin Jen,0.0
16277297,Tony,0.0
16279720,Paresh Vikram,0.0
16294403,Dane,0.0
16296728,Oliver,1.0
16296962,Mark,0.0
16296979,John,0.0
16302002,Rob,0.0
16308031,Hollie,1.0
16310961,Navid,0.0
16311912,Lily,0.0
16312555,Good Days,0.0
16317033,Scott,0.0
16317211,Jessica,0.0
16318942,Carola,0.0
16319305,Akio,0.0
16322250,Rob,1.0
16324839,Philippe,0.0
16333693,Oliver,0.0
16334185,Damien,1.0
16336408,"Linda, Frédéric & Kids",1.0
16341668,Sahib,1.0
16349044,Aleks,0.0
16350237,Tim,0.0
16355893,Margaret,1.0
16356767,Damien,0.0
16357713,Property Providers,0.0
16358446,Davina,0.0
16362176,Mathew,0.0
16363907,Ted,0.0
16364042,Petra,0.0
16365908,Rebecca,0.0
16366058,Sarah,0.0
16366665,Chris,0.0
16373950,Jo,0.0
16385381,Sara & Amir,0.0
16389245,Josie,0.0
16394502,Cobbie,0.0
16395665,Jo,0.0
16405269,Andrea,0.0
16405881,Oliver,1.0
16407830,Simona Gaia,0.0
16412221,Livia,1.0
16421941,Anne-Charlotte,1.0
16424506,Suzanne,0.0
16428531,Trevor,1.0
16436883,Naomi,0.0
16439442,Amber,0.0
16440806,Kaveh,0.0
16443472,Ida,1.0
16453696,Sarah,1.0
16455934,Lara,0.0
16459065,Veraanong,1.0
16465907,Fran,1.0
16471592,Dora,0.0
16475708,Dalia,0.0
16485016,Alice,0.0
16486175,Sarah,1.0
16486580,Ruth,1.0
16487379,Kay,0.0
16488219,James,0.0
16489443,Cem,0.0
16489645,Dan,0.0
16494507,Matthew,0.0
16499027,Pranjulaa,1.0
16501756,Prune,0.0
16505052,Fabia,0.0
16510704,Shannon,0.0
16514866,Taube,0.0
16515152,West,1.0
16521761,Stefan,1.0
16526590,Paloma,0.0
16527154,Leila Al-Baldawi,0.0
16527158,Jonathan,0.0
16531042,Hayley,0.0
16533154,Patricia,1.0
16534024,Sandra,0.0
16534922,Holly,0.0
16535183,Joanna,1.0
16549226,Cesar,1.0
16549379,Tara,0.0
16550833,Lyn,0.0
16552070,Sasithorn,0.0
16552933,Central Old Town Cottage,1.0
16554414,Jillian,0.0
16558514,Kathryn,1.0
16563452,Zoe,0.0
16564286,Shaun,0.0
16567523,Hannah,0.0
16570146,Anna,0.0
16575935,Charlotte,0.0
16581849,Kate,1.0
16590807,Nicole,1.0
16595056,Grant Taylor,0.0
16597150,Yuhttana,0.0
16598525,Fiona,0.0
16600088,Calvin,1.0
16604546,Helen,0.0
16604940,Edward,1.0
16605075,Leandra,0.0
16609120,Cara,0.0
16611623,Katy,0.0
16611786,Nina,0.0
16613575,Ashleigh,0.0
16618426,Samantha,0.0
16622124,Angel Zhou,1.0
16623462,Mim,1.0
16629200,Hannah,0.0
16633711,Shirley,0.0
16634634,Grace,0.0
16635904,Zoe,0.0
16636601,Richard,0.0
16639191,Ryde Inn,0.0
16639217,Bee,0.0
16640365,Mel,0.0
16641394,Salman,0.0
16642078,Eduarda,0.0
16645219,Eliza,0.0
16654624,Tracy,0.0
16656920,Annabel,1.0
16659775,Claire,0.0
16666521,Yasar,0.0
16666814,Mauricio,0.0
16669378,Léa,0.0
16670580,Carolyn,0.0
16673833,Will,0.0
16675814,Lee,1.0
16676273,Mirko,1.0
16677826,Isla,0.0
16678290,Serdar,1.0
16678427,Ariana,1.0
16679421,Jac,1.0
16681636,Obi,0.0
16681905,Vanessa,0.0
16684616,Spurthi,1.0
16692872,Bal,0.0
16694345,Chris,1.0
16694664,Charlie,0.0
16695532,Marianne And Kris,0.0
16697023,Malik,0.0
16697364,Xiaoqiao,0.0
16702762,Mar,0.0
16719526,Mariano,0.0
16720515,Hongling,1.0
16723094,Alberto,0.0
16723541,Satoshi,0.0
16734022,Joel,0.0
16734678,Goldson,0.0
16737566,Jonata,1.0
16737995,Kirsty,0.0
16746475,Sanaz,0.0
16751694,Guy,0.0
16762695,Renee,0.0
16767983,Julian,0.0
16770772,Danny,0.0
16774103,Mark,0.0
16775628,Nikki,1.0
16782331,Sasiri,0.0
16785161,Nadia,1.0
16790611,Nitin,0.0
16795316,Sophie,0.0
16799205,Marie,0.0
16799744,Lucy,1.0
16803308,Karen,0.0
16807122,Oksana,0.0
16808426,Eduardo,0.0
16810900,Simon,0.0
16812101,Ronan,0.0
16814584,Gail And Luke,1.0
16819035,Richard,0.0
16822316,David,0.0
16827282,Lobna,0.0
16829826,Hélène,0.0
16830048,Suna,1.0
16835159,Gary,0.0
16844893,Angela,0.0
16849184,Lerwen,0.0
16854375,Carolyn,0.0
16857285,June,1.0
16859353,Vera,0.0
16868056,Anna,1.0
16872870,Eleonora,0.0
16877613,Isabel,0.0
16878590,Julia,0.0
16881544,Philippa,1.0
16896531,Zoe,0.0
16896688,Liza,0.0
16898052,Si,0.0
16899175,Maggie And Peter,1.0
16903054,Tommy,1.0
16904098,Diana,0.0
16911403,Rabya,0.0
16915978,Gabriella,1.0
16918363,Ali,0.0
16919440,Alice,0.0
16922459,Joe,1.0
16929345,John,0.0
16930368,Lise,0.0
16933405,Stefania,0.0
16935270,Florentina,0.0
16938933,Laura,0.0
16939252,Denis,0.0
16939401,Jo,0.0
16946206,Katie Rose,0.0
16951917,Sylvia,0.0
16956391,Ber,0.0
16959383,Adele,0.0
16960277,Vlad,1.0
16960827,Amber,0.0
16961954,Kelly,0.0
16964069,Jennifer,0.0
16965290,Shane,1.0
16966982,Kacie,1.0
16967416,Yves,0.0
16971551,Christopher,0.0
16972587,Monika,0.0
16973775,Dagmar,0.0
16978104,Adit,0.0
16980032,David,1.0
16986376,Neil,0.0
16989531,Kate,0.0
16990940,Billy,0.0
16992029,Katie,0.0
16994112,Jozef,0.0
16997732,Yuliia,0.0
17006328,Sally,0.0
17006552,Joan,1.0
17009742,Johan David,0.0
17013839,Oliver,0.0
17021436,Qi,0.0
17024842,Anastasia,0.0
17026284,Emily,0.0
17032526,Ekaterina,0.0
17034903,Paola,0.0
17035875,Ayman,1.0
17035958,Guillaume,0.0
17039240,Denis,0.0
17044861,Mara,0.0
17057569,Puttima,0.0
17057656,Sarah,0.0
17058355,Kim,0.0
17058989,Pongsatorn,0.0
17059182,Allison,0.0
17059978,Ramon,1.0
17061283,Donna-Marie,0.0
17066991,Michael,1.0
17068122,Richard,0.0
17069958,Marianne,0.0
17074717,Gavin,0.0
17076167,James,1.0
17088017,Annabel,0.0
17099552,William,0.0
17105251,Mark,0.0
17105320,Molly,0.0
17110436,Tim,0.0
17113493,Emma,0.0
17116888,Beth,0.0
17117672,Jay,0.0
17118062,Olivia,0.0
17119891,Tazeen,0.0
17135768,Giulia,0.0
17137347,Adam,0.0
17138596,Mihael,1.0
17139114,Arnaud,0.0
17140629,Zahir,1.0
17140896,Matthew,0.0
17141563,Opal,0.0
17145557,Pillow,0.0
17147487,Daniel,1.0
17149199,Su,0.0
17159087,Christina,1.0
17159407,Grace,0.0
17159674,Paul,0.0
17160679,Sophy,0.0
17161947,Amy,1.0
17176810,Sinead,0.0
17190968,Rhiannon,0.0
17193545,David,0.0
17199150,Jamie,0.0
17209062,Lisa,0.0
17210209,Gwendoline,0.0
17210401,Debbie,0.0
17210773,Chris,0.0
17212329,Tatiana,0.0
17228136,Emma,1.0
17230407,Chen,1.0
17234717,Jessica,0.0
17237183,Gregory,0.0
17237428,Shafeeq,0.0
17237792,Josh,1.0
17239161,Edward,0.0
17248490,Jeremy,0.0
17248917,Natthaphong,0.0
17250006,Amr,0.0
17254646,Marta,1.0
17254810,Nass,1.0
17255083,Alistair,0.0
17261412,Robyn,1.0
17264354,David,1.0
17269196,Kevin,0.0
17279027,John,0.0
17279844,Tijana,0.0
17281778,Oisin,1.0
17282737,Anamaria,0.0
17285393,Aretha,0.0
17289604,Alison,0.0
17296482,Rakesh,1.0
17300151,Suzy,1.0
17301835,Jo,0.0
17306208,Stephen,1.0
17307937,Eli,0.0
17312692,Janette,1.0
17316140,Will,1.0
17316517,Claude,0.0
17320385,Duangnate,0.0
17320608,Matthew Nicholas,1.0
17324987,Kate,0.0
17344576,Linda,0.0
17344780,Lesley,0.0
17345082,Tory,0.0
17345452,Guillaume,0.0
17349679,Trish,0.0
17353213,Rosanna,0.0
17353350,Anna-Lena,0.0
17353433,Deborah,0.0
17354270,Liane Joy,0.0
17355241,Liji,1.0
17356467,John,1.0
17359623,David,0.0
17374890,Camilla,0.0
17379938,Jonathan,0.0
17380110,Szilvia,0.0
17382440,Duncan,0.0
17386186,Sandy,0.0
17387679,Kat,0.0
17388021,Kady,0.0
17388766,Jennie,1.0
17391672,Jacob,0.0
17392095,Alex,0.0
17397475,Kevin,1.0
17402154,Tom,0.0
17403545,Anna,0.0
17423162,Rish,0.0
17423886,Ovidiu,1.0
17435584,Andrew,0.0
17435692,George,0.0
17442436,Ilona,0.0
17444492,Huiying,0.0
17448112,Nicholas,0.0
17452157,Kelly,0.0
17465510,Bobby,0.0
17466599,Hannah,1.0
17470211,Grace,0.0
17472061,Giulia,0.0
17479120,Heidi,0.0
17480703,Gift,1.0
17484457,Jason,1.0
17484744,Jutka,1.0
17496925,Marti,1.0
17499526,Benjamin,1.0
17501953,Gary,1.0
17505666,Urban Getaway Thailand,1.0
17507653,Margit,0.0
17509085,Nuchy,1.0
17521314,Darren,1.0
17537865,Luke,0.0
17538732,Felicia,0.0
17539044,Micha  And Peter,1.0
17539170,Luboslava,0.0
17544805,Elizabeth,0.0
17554979,Kaspar,0.0
17562216,Shaun,0.0
17566301,Tom,0.0
17572127,Stefan,0.0
17573518,Simon,0.0
17581508,Madeleine,1.0
17584805,Edward,0.0
17585685,Adele,0.0
17588715,Zhaleh,0.0
17593563,Seong,0.0
17602366,Sivan,0.0
17604571,Dylan,1.0
17606515,Natalia,0.0
17611126,Sara,0.0
17617067,Sergio,0.0
17617334,Yuyu,0.0
17618467,Shannon,0.0
17619523,Rosemary,0.0
17620173,Carolin,0.0
17624809,Justin,1.0
17626836,Лариса,1.0
17632664,Christelle,0.0
17632762,Lauren,0.0
17634256,Hyder,0.0
17639198,Dan,0.0
17649135,Nichola,0.0
17649638,Eylem,0.0
17653494,Aneel,1.0
17662482,Sophie,1.0
17663748,Cara,0.0
17663943,Jules,0.0
17665129,Tania,0.0
17670361,Luchesar,0.0
17671475,Jonathan,0.0
17671974,Gemma,0.0
17677075,Jon,0.0
17686815,Mick,0.0
17691171,Olivia,1.0
17705720,James,0.0
17708841,Charles,1.0
17711107,Lara,0.0
17714205,Holiday Rentals Australia,1.0
17714741,Mebs,0.0
17718859,Anna,1.0
17723948,Molly And Joe,0.0
17727534,Ivan,1.0
17730235,Rosie,0.0
17731256,Felix,0.0
17732578,Rhian,1.0
17750868,Adele,1.0
17753454,Sophie,0.0
17753631,Joel Benjamin,0.0
17754276,John,0.0
17754554,Anthony,0.0
17755053,Alexander,0.0
17765971,Carmen,1.0
17773469,Julie,0.0
17781158,Pim,0.0
17783188,Michele,1.0
17787373,Fabricio,1.0
17787941,Mauricio,0.0
17788096,Nadia,1.0
17794577,Aj,0.0
17801486,C,1.0
17801655,Hannah,0.0
17801769,Charlie,0.0
17802336,Susan,0.0
17806436,Maximilian,0.0
17807172,Laura,0.0
17807185,Taco,0.0
17807680,Olivia,1.0
17808189,Roberta,1.0
17815030,Kumari,0.0
17826432,Priya,0.0
17829857,Erika,1.0
17832882,Thea,0.0
17834948,Pablo,0.0
17836579,Antonia,0.0
17837404,Leyla,0.0
17839550,Krit,1.0
17843571,Sarah,0.0
17854394,Ming,1.0
17865220,Daisy,0.0
17867829,Rachel,0.0
17869501,Ben,0.0
17873004,Gabe,0.0
17875377,Pau,1.0
17878644,Annie,1.0
17880035,Gants Hill Bedroom,0.0
17882991,Oana,0.0
17888197,Alex,0.0
17898676,Joel,1.0
17900848,Felix,0.0
17900869,Sienna,0.0
17901798,Ile,0.0
17908063,Grant,0.0
17911670,Zea,1.0
17911918,James,0.0
17915599,Fasai,0.0
17930664,Liz,0.0
17941651,Paul,0.0
17943408,Harvey,0.0
17949114,Anton,0.0
17951730,Nanilu,1.0
17966733,Omer,0.0
17968178,Alexandra,0.0
17969500,Chan,0.0
17971734,İlhan,0.0
17975202,Fiona,0.0
17977424,Emma,0.0
17981467,Anji,0.0
17996984,Tanya,1.0
17998091,Mia,0.0
17999082,Rene,0.0
18001520,Charlotte,0.0
18002533,Erminia And Faheem,1.0
18002832,Daryl,0.0
18008285,Tania,1.0
18010451,Emily,0.0
18015894,Poppy Woods,0.0
18016771,Naomi,0.0
18022106,Juan,0.0
18024774,Matt And Amanda,0.0
18028134,Panni,0.0
18032135,Maren,0.0
18032682,Havovi,0.0
18034407,Adel,1.0
18037251,Karin,0.0
18037927,Salma,1.0
18038481,Ashley,0.0
18042235,Helena,0.0
18042427,Rachel,0.0
18059033,Aljosa,0.0
18063831,Tanya,0.0
18069968,Matt,0.0
18072094,Alice,0.0
18073192,Matt,1.0
18080281,Milena,1.0
18081564,Steven,0.0
18082444,Stephanie,1.0
18083662,Julia,0.0
18091340,Anna,0.0
18100038,Julinka,0.0
18117568,Sam,1.0
18117938,Marian,0.0
18118519,Eilidh,1.0
18118986,Clare,0.0
18121859,Suwanna,1.0
18123364,Jib,0.0
18125906,Rav,1.0
18126710,Alice,0.0
18127987,Samuel,1.0
18128377,Fred,0.0
18128430,Penelope,1.0
18141445,Svetlana,1.0
18144559,Nino,0.0
18144611,Marceltson,0.0
18147946,Brian,0.0
18148178,Daniel,0.0
18152533,Catharine,1.0
18164294,Liam,0.0
18164450,Clarissa,0.0
18175169,David,1.0
18180944,Matilda,0.0
18181229,Pongskorn,0.0
18195280,Ollie,0.0
18195437,Tim,0.0
18204025,Charlene Elvira Aimee,0.0
18216292,Ash,0.0
18219887,Rebecca,0.0
18223769,Lucy,0.0
18224092,Jess,0.0
18226719,Samuel,0.0
18229331,Nicole,0.0
18234321,Yue,0.0
18234539,Jamila,0.0
18237925,Giancarlo,0.0
18238093,Bay,0.0
18238791,Vishnia,1.0
18240220,Rach,0.0
18240368,Tomas,0.0
18243826,Deborah,1.0
18263096,Mado,0.0
18271495,Joanna,0.0
18271924,Dimitry,0.0
18283646,Ghada,0.0
18286636,Kristin,0.0
18298878,Adnan,0.0
18301202,Joe,0.0
18305852,Tim & Fernanda - Pass The Keys,0.0
18306745,Oliver,0.0
18310866,Dena,0.0
18316441,Amanda,0.0
18322041,Claudio,0.0
18343132,Cleo,0.0
18347053,Ilana,1.0
18348359,Mirian,0.0
18348480,Kd,0.0
18352155,Jessica,0.0
18352346,Louise,0.0
18353804,Hantao,0.0
18354900,Andrea,0.0
18360901,Melissa,0.0
18364086,Sina,0.0
18366339,Harry,0.0
18371977,Eduardo,0.0
18373643,Lamorna,0.0
18374525,Nicholas,1.0
18375099,Yvette,1.0
18375396,Trey,1.0
18377597,Jack,1.0
18387247,Katie,0.0
18387768,Reeta,1.0
18391575,Oui,1.0
18391756,Lucy,0.0
18405386,Mouna,0.0
18406279,Laura,0.0
18411739,Mark,0.0
18416397,Danny,1.0
18423808,Mal & Sim,1.0
18425380,Joseph,0.0
18426884,Louise,0.0
18433841,Esme,0.0
18437129,Ian,0.0
18438642,Max,0.0
18443050,Luca,0.0
18443225,Meltem,0.0
18443613,Jess,1.0
18447241,Piyavit C,1.0
18448024,Angel,0.0
18448993,Prakai,0.0
18451820,Rafaela,0.0
18453329,Samantha,0.0
18456981,Tanarat,0.0
18466924,Theo,0.0
18467099,Heather,0.0
18478154,Num,1.0
18486147,Richard,1.0
18488706,Jo,0.0
18492822,Nav,0.0
18495707,Coco,1.0
18499820,Duane,0.0
18530326,Summa,0.0
18554609,Charlotte,0.0
18554843,Shelina,0.0
18578329,Sabrina,0.0
18586193,Emily,0.0
18589467,Joe,0.0
18589487,Seung Cheol,0.0
18593144,Regine,1.0
18596145,Maggie,0.0
18609461,Deborah,0.0
18610152,Michelle,0.0
18626420,Gen,1.0
18626921,Katherine,0.0
18633786,Victorian Loft Living,1.0
18636572,Kristina,1.0
18637781,Christopher,0.0
18639603,Kashif,0.0
18642223,Barbora,0.0
18643105,Yuriy,0.0
18648765,Meiji,0.0
18650021,Apisid,0.0
18650186,Arial,1.0
18653709,Jenny,1.0
18662752,Irina,0.0
18667744,Elira,0.0
18670395,Frederico,1.0
18684918,Patricia,0.0
18685999,Ellena,0.0
18692174,Malin,1.0
18699637,Wilson,0.0
18701184,Matthew,0.0
18707182,Carlos,0.0
18708250,Gamze,0.0
18708756,Herbert,0.0
18709609,Lan,1.0
18710798,Polly,0.0
18711833,P,1.0
18719432,Hanna,0.0
18723984,Supriya,0.0
18739354,Tiptanwa,1.0
18739966,Syed,0.0
18741765,Karen,1.0
18747152,Molly,0.0
18751651,Kevin,1.0
18755015,Matteo,0.0
18755074,Tasha,0.0
18757247,Hannah,1.0
18766862,Margaret,1.0
18774415,Cecilia,1.0
18775141,Julie,1.0
18780626,Patricia,1.0
18784556,Waldemar,1.0
18785046,Can,0.0
18786770,Andy & The ULH,1.0
18789500,Alessandro,1.0
18795554,Giff,1.0
18796434,Olga,0.0
18797865,Natalia,0.0
18798065,Alice,0.0
18802559,Aurelie,0.0
18813382,Enke,1.0
18830903,Chandra,1.0
18832280,Jacqui,0.0
18844178,Martin,0.0
18846179,Geri,0.0
18847221,Sophie,0.0
18849293,Caitlin,0.0
18853199,Roy,1.0
18859950,Irene,0.0
18870700,Francesca,0.0
18873471,Dave,0.0
18876265,Aaron,0.0
18877633,Peter,0.0
18878994,Maria,0.0
18881837,Dylan & Myriam,0.0
18882169,Sara,0.0
18882550,Emily-Jane,0.0
18894615,Ozzy,0.0
18906071,Rosalind,0.0
18919276,Pierre,0.0
18928361,John,0.0
18929530,Ian,0.0
18936886,Alex,1.0
18948103,BONDI Value Comfort,1.0
18951509,Mona,0.0
18955194,Joanne,0.0
18969319,Ann,0.0
18974734,Bella,1.0
18976972,Irina,0.0
18978301,Suki,1.0
18978730,Kane,0.0
18983147,Rain,0.0
18998591,Daniele,0.0
18999467,Sergio,0.0
18999743,Matthew,0.0
19007217,Natasha,0.0
19009403,John,1.0
19010551,Fiona,0.0
19012964,Avril,0.0
19014855,Natalie,0.0
19015318,Steven,0.0
19015353,Josh,1.0
19015998,Jay,1.0
19019910,Jesal,0.0
19021152,Deirdre,1.0
19024290,Olga,0.0
19025435,Jess & Dave,0.0
19026342,Janna,0.0
19029104,Jonathan,1.0
19029506,Libby,0.0
19029797,Claire,1.0
19030093,Blair,0.0
19033170,Emily,0.0
19034906,Zoran,0.0
19049387,Kullakan,0.0
19050195,Noga,0.0
19054593,Mark,0.0
19056065,Robert,1.0
19058333,Jorge,1.0
19066107,Kylie,1.0
19081729,Anita,1.0
19086286,Milo,1.0
19094796,Richard,0.0
19096890,Eoin,0.0
19100494,Dino,0.0
19126450,Glenn,1.0
19127166,Clyde,0.0
19128977,Kate,0.0
19130809,Ryan,1.0
19131788,Grazia,1.0
19133716,Gabriel,0.0
19140282,James,0.0
19145588,Wesley,0.0
19146036,Steve,1.0
19146547,Kevin,0.0
19146802,Genevieve,1.0
19148752,Tanya,0.0
19151379,Michelle,0.0
19154814,Angelica,0.0
19155033,Jazz,1.0
19163274,Pawinee,0.0
19175068,Meron,0.0
19187315,Carmel,1.0
19187355,Tom,0.0
19188482,Angela,1.0
19190090,Michael,0.0
19200833,Jasmine,0.0
19209594,Bryan,0.0
19210929,Melissa,1.0
19212734,Tom,1.0
19213283,W,1.0
19214346,Dinesh,0.0
19215119,Charles,0.0
19215456,Toby,0.0
19215732,Godfrey,0.0
19215818,Julia,0.0
19218587,Tristan And Caitlin,0.0
19219481,Elena,0.0
19221413,Abi,0.0
19222134,Angela,0.0
19233596,Dean,0.0
19234346,Dave,1.0
19240749,Reece,0.0
19241045,Brett,1.0
19247078,Sara,0.0
19254084,Sheggs,0.0
19254667,Johansson,0.0
19262750,Rhiannon,0.0
19266319,Alex,1.0
19267515,Gavin And Sari,1.0
19268418,Chalinee,0.0
19270181,Robert,1.0
19270774,Sarah,0.0
19278523,Jonathan,1.0
19282507,Paul,0.0
19284755,Rachel,0.0
19286532,Mustafa,0.0
19302939,Kirsten,0.0
19312750,Nicole,0.0
19315013,Sutatt,0.0
19315857,Veronica / Pino,1.0
19316651,Joe,1.0
19317569,Nalin,0.0
19318423,Banafsheh,0.0
19319998,Sam,1.0
19322410,Rob,1.0
19328488,Samira,0.0
19336279,Laura,0.0
19337741,YangLing,1.0
19337753,Brian James,0.0
19348249,Melissa,0.0
19356252,Kelly,0.0
19359660,Walailak,0.0
19365766,Marvin,1.0
19366015,Fenella,1.0
19379144,Tom,0.0
19393248,Justin,0.0
19398254,Jennifer Louise,0.0
19399268,Courtenay,0.0
19400317,Ola,0.0
19404207,Zara,0.0
19415452,Raphael,0.0
19417009,David,1.0
19420556,Patt,1.0
19429170,Joe And  Julie,0.0
19430572,Chumpol,0.0
19432355,Annie,1.0
19432664,Adam,0.0
19433843,Lucy,0.0
19443552,Tanner,0.0
19453113,Jamie,0.0
19460025,Leah,0.0
19463086,Katie,0.0
19464331,Jill,1.0
19484732,Sitara,1.0
19485023,Luc,0.0
19486127,Allison,0.0
19486224,Clio,0.0
19487795,Sanjana,0.0
19490045,Anca Flavia,0.0
19493803,Shan,1.0
19496247,Jennifer,1.0
19496398,Andrew,0.0
19497122,Matthew,0.0
19501315,Simran,1.0
19501784,Carol,0.0
19502544,Anthony,0.0
19505366,William,0.0
19507732,Krish,0.0
19507898,Dani,0.0
19508383,Andrew,0.0
19513412,Nicola,1.0
19513549,Amanda,0.0
19515260,Steve,0.0
19517687,Tiffany,0.0
19522587,Laura,0.0
19529367,Lara,1.0
19532465,Fernanda,1.0
19537229,Frances,1.0
19542380,Ketsaraphon,0.0
19545663,Wen Jun,0.0
19548547,Connan,0.0
19553683,Emma,0.0
19560177,Camilla,0.0
19561084,Thongjuta,1.0
19564959,Yasmin,0.0
19581025,Simon,0.0
19583485,Lisa,1.0
19589006,Sheila,1.0
19592620,Bob,0.0
19598833,Shari,0.0
19603644,Elizabeth,1.0
19607031,David,0.0
19616203,Kate,1.0
19620826,Ana Rose,0.0
19628833,Bob,1.0
19630380,Sarah,1.0
19633186,Fabiana,0.0
19634309,Miki,0.0
19646215,John,0.0
19650088,Jane,0.0
19655464,Nicolae,0.0
19655823,Antonia,0.0
19668911,Yoong,1.0
19669460,Niras Bankoc Hostel,0.0
19672597,Richard,0.0
19674296,Amy,0.0
19674964,Kali,0.0
19675756,Jenna,0.0
19677374,Katie,0.0
19677843,Juste,1.0
19680548,Annette,0.0
19683290,Ashley,1.0
19685367,Sonia,1.0
19692880,Dane,0.0
19696542,Mandy,0.0
19700829,Daniel,0.0
19703653,Tracy,1.0
19711542,Rae,0.0
19722717,Anna,0.0
19724889,Charles,0.0
19725112,Peng Ee,0.0
19726923,Chaka,0.0
19728678,James,0.0
19734447,Abbie,1.0
19763886,Linzi,0.0
19764129,Anouska,0.0
19765998,Gloria,0.0
19773242,Benjamin,1.0
19775737,Tali,0.0
19775965,Agata,0.0
19783853,Jocelyn,0.0
19784875,Amisha,1.0
19787207,Rob,0.0
19798364,Benjamin,0.0
19800966,Joanne,0.0
19809970,Charlotte,0.0
19814870,Lauren,0.0
19817395,Olivia,0.0
19817625,Sydney Dreams,0.0
19819198,A Erna,0.0
19822505,Miky,1.0
19824307,Gaby,0.0
19826479,Brendan,0.0
19826493,Abi,0.0
19826838,Feras,0.0
19831387,Joanna,0.0
19833243,William,0.0
19834611,Anthony,0.0
19841395,Emil,0.0
19846616,Ali,0.0
19852197,Kurran,1.0
19855863,Aanas,0.0
19856031,Rodney,1.0
19860355,Lisa,1.0
19862675,Angela,0.0
19862859,Darryll Ismail,0.0
19864499,Pawel,1.0
19871037,Yddamevoli,0.0
19876841,Craig,1.0
19885459,Vasken,1.0
19886378,Thanapawat,0.0
19892020,Georgina Ellen,1.0
19895242,Moira,1.0
19896713,Michelle,0.0
19898194,Sarah,0.0
19906910,Cigdem,1.0
19910560,Nathaniel & Isabel,0.0
19918177,Agata,0.0
19919430,Caroline,1.0
19920720,Micci,1.0
19921272,Louise,0.0
19940595,Frankie,0.0
19940676,Benjamin,0.0
19942656,Jenny,0.0
19943770,Dr.Vitchatalum,0.0
19949357,Sandra,1.0
19949885,Genevieve,1.0
19953543,Maina,0.0
19953712,Helen,0.0
19960341,Ella,0.0
19960706,Marcio,0.0
19963489,Ned,0.0
19963961,Shamaila,0.0
19969325,Lara,1.0
19970096,Abraham,0.0
19970435,Catherine,1.0
19973426,Mia,0.0
19974819,Bruno,0.0
19982012,Maitree,0.0
19982302,Cheryl,1.0
19989809,AiYu,0.0
19989816,Tamila,0.0
19989860,Tanya,1.0
19995246,Jittra,1.0
19995693,Marika,1.0
20001519,VanZyl,1.0
20001964,Wei,0.0
20002993,June,1.0
20004594,Abi,1.0
20013224,Jose,0.0
20045801,Alex,0.0
20046251,Kelly,0.0
20050922,Ainslie,0.0
20052092,Nigel,0.0
20055224,Sara,0.0
20057139,Tiziano,0.0
20062640,Prapawan,0.0
20073873,Irina,1.0
20076275,Ahmad,0.0
20077039,Julia,1.0
20077631,Rey,0.0
20078430,Karl,1.0
20079720,Yelena,0.0
20081174,Nick,0.0
20082281,Roman,0.0
20091607,Justin,1.0
20092979,Emily,0.0
20096985,Tali,0.0
20098717,Claudio,1.0
20099569,Rachel,0.0
20099820,Carla,0.0
20100645,Simon,0.0
20101544,Daniel,1.0
20110902,Leah,1.0
20111956,Snowing,0.0
20121776,Pamela,1.0
20122841,Marco,0.0
20126968,Sephira,0.0
20133201,Willam,0.0
20136858,Marianne,1.0
20136884,Tracey,1.0
20139716,Pok,0.0
20144510,Ilaria,0.0
20146259,Nattapon,0.0
20148177,Guy And Oriana From La Ruinette Immobilier,1.0
20150264,Elisa,0.0
20152651,Virginia,0.0
20156804,Oliver,0.0
20169308,Tray,0.0
20172131,Louise,0.0
20177445,Begona,0.0
20178034,Lucy,0.0
20179394,Malia,1.0
20182126,Marco,1.0
20182353,Ash,1.0
20185351,Jennie,0.0
20190107,Robert,1.0
20195720,Angeline And Richard,1.0
20197058,Paul,1.0
20200526,Lauren,1.0
20200879,Hengcheng,0.0
20202876,Lola,0.0
20206867,Edoardo,0.0
20209848,Lorenza,0.0
20210797,James,0.0
20218723,Salma,0.0
20226934,Linda,1.0
20231059,Riadh,0.0
20231653,Robert,0.0
20233658,Steven,0.0
20235012,Ilona And Mohamed,0.0
20237208,Kate,1.0
20244378,Christopher,0.0
20246899,Panadda,0.0
20249486,Elizabeth,0.0
20249942,Boonyong,0.0
20250473,Yuka,0.0
20252170,Jeremy,1.0
20253575,Jenny,1.0
20260884,Geri,0.0
20267951,Noom,1.0
20275514,Sarah,0.0
20281082,Kashif,0.0
20281562,Karen,0.0
20281704,Jayne,0.0
20281828,Faiza,0.0
20291744,Claire,1.0
20297348,Dmitry,0.0
20298845,Natalia,0.0
20300039,June,1.0
20300634,Anne,1.0
20303894,Tao,0.0
20305199,Belinda,0.0
20306441,Pankaj,0.0
20307692,Christine,0.0
20311832,Raj,0.0
20313134,Rebecca,1.0
20313379,Pete,1.0
20317126,Luca,0.0
20323803,Prayas,0.0
20325103,Parris,0.0
20325983,Nick & Cleo,0.0
20327352,Angus,0.0
20328740,James,0.0
20344191,Alison And Geoff,0.0
20350818,Jayden,1.0
20353893,El,0.0
20356101,Pim,1.0
20359037,Selena,0.0
20360499,Jeremy,0.0
20373745,Mikaila,0.0
20375454,Olivia,0.0
20375580,Julie,1.0
20384018,Luigi,1.0
20384158,Courtney,0.0
20386122,Rea,0.0
20387981,Adrian,1.0
20394934,Nick,0.0
20397609,Alika,0.0
20407039,Haris,0.0
20410458,Hannah,0.0
20411465,Hany,0.0
20413208,Lin,1.0
20416409,Louis,0.0
20418518,Kat And Jesse,1.0
20419071,Kae,1.0
20422553,Kamal,0.0
20424038,Kate,0.0
20426431,Tiffany,0.0
20429363,Nene,1.0
20430567,Ararat,0.0
20432806,Josh,0.0
20444936,Chris,0.0
20445674,Amit,1.0
20452475,Joon,0.0
20455679,Al,0.0
20456194,Kitti,1.0
20456915,Janine,1.0
20461041,Gregory Francis,0.0
20470836,Daniel,0.0
20477853,Stefano,1.0
20483686,Jane,1.0
20487214,Susan,0.0
20489477,Zahra,0.0
20498256,Borwornsak,0.0
20500449,Mallika,0.0
20500873,Nishat,0.0
20504047,Alistair,0.0
20509945,Paul,0.0
20512731,Jenny,1.0
20515452,Karen,1.0
20528079,Katie,0.0
20532410,Katie,0.0
20536911,Ben,1.0
20541555,Abe,0.0
20543652,Andrew,0.0
20547604,Guy,0.0
20547620,Christopher,1.0
20552309,Gavin,0.0
20555511,Mathew,0.0
20557741,Olly,0.0
20562776,Eliana,0.0
20565663,Panthipa,0.0
20565790,Nina,0.0
20566114,Eliza,1.0
20568817,Dee,0.0
20573764,Sarah,0.0
20575955,David,1.0
20579563,Rosie,0.0
20579922,Richard,0.0
20580647,Noel,0.0
20582809,Lisa,1.0
20583802,Elena,0.0
20586917,David,1.0
20587003,Peter,1.0
20590365,Supornthip,0.0
20591913,Prabh,0.0
20595642,Lara,0.0
20595881,Freddie,1.0
20596612,Ladislav,1.0
20598197,Ana,0.0
20599174,Amber,0.0
20608416,Edmund,1.0
20613748,Roger,0.0
20616216,Steven,0.0
20616734,Rebecca,0.0
20617700,Matt,0.0
20618015,Andrew,1.0
20619725,Lucas,0.0
20622645,Julia,0.0
20622936,Rosemary,1.0
20624741,Izzy,0.0
20625873,Jo,1.0
20628836,Anton,0.0
20629261,Lavinia,0.0
20631814,Peter,1.0
20632478,Kim,0.0
20633978,Diana,1.0
20641714,Tabitha,0.0
20642010,Alicja,0.0
20648747,John,0.0
20650215,Anouska,1.0
20659625,Chris,1.0
20671348,Deborah,1.0
20676830,James,1.0
20679316,Venus,0.0
20680710,Gwyn,1.0
20680983,Angelica,0.0
20681904,Uzma,0.0
20686205,Kate,1.0
20696851,Clara,0.0
20697550,Maria,0.0
20705687,Lacy,0.0
20707547,George,0.0
20709565,Lesley,1.0
20714476,Yvette,0.0
20714921,Sherry,0.0
20716669,Elizabeth,1.0
20719640,James,1.0
20728514,Anke,1.0
20728917,Joyce,1.0
20732935,Jubed,1.0
20737129,Brett,0.0
20740114,Richard,1.0
20740938,Alessia,0.0
20748493,Gary & Sinead,1.0
20756988,Christine,0.0
20765724,Chantal,1.0
20766951,Anoop,0.0
20767243,Juhi,1.0
20770834,Praveen,0.0
20775370,Laura,0.0
20776923,Tan,1.0
20779114,Matthew,0.0
20779326,Molly,0.0
20783683,Amilia,0.0
20785560,Penchant,0.0
20787079,Myrena,0.0
20787277,Peiwen,1.0
20789510,Jacinta,0.0
20790147,Vicki,0.0
20791398,Veronika,0.0
20791716,Rachel,0.0
20792650,Georgina,0.0
20794060,Michael,0.0
20794351,Thitikhun Ploy,0.0
20795502,Emily,0.0
20796182,Becca,0.0
20796659,Lisa,1.0
20797194,David,1.0
20799559,Sam,0.0
20799713,Mari,1.0
20801609,Effie,0.0
20802740,Ayo,0.0
20823142,Flora,0.0
20827905,Roshan,0.0
20830561,Eleane,0.0
20831455,Jill,1.0
20849100,Marshal,0.0
20857118,Shahzad,1.0
20860825,Joseph,0.0
20864910,Barnaby,1.0
20866056,Angela,0.0
20866338,Ellie,1.0
20869078,Claire,0.0
20878500,Claire,0.0
20879588,Brady,0.0
20882273,Loïc,1.0
20885104,Zoë,0.0
20886418,Fahad,0.0
20890034,Daniel,0.0
20891364,Leslie,0.0
20894381,Rosa,1.0
20895270,Alice,1.0
20895344,Alexa,0.0
20898160,Ana,0.0
20900462,Abel,1.0
20904996,Alissa,0.0
20908465,Lucy,0.0
20908673,Nishel,0.0
20913133,Jonathan,0.0
20915244,Muhammad,0.0
20917819,婷姐,1.0
20928189,Ali,0.0
20929965,David,0.0
20935401,Anna,1.0
20935686,Irina,1.0
20935692,Mo,0.0
20947971,Andrew,1.0
20948481,Maria,0.0
20950263,Jo,0.0
20950537,Aalaa,0.0
20953030,Dan,0.0
20953422,Pakawat,0.0
20953504,Kunthida,0.0
20959883,Wonder Property Company Limited,1.0
20962244,Ben,1.0
20965116,Teresa,0.0
20968272,David,0.0
20992846,Sarit,0.0
20998915,Kathryn,1.0
20999997,Eva&Rob,0.0
21003743,Michael,0.0
21008631,Chichaya,0.0
21010757,Corey,0.0
21016993,Cristina,1.0
21017804,Rowena,0.0
21021680,Sheehan,0.0
21027503,Sanjay,0.0
21029247,Gillian Elaine,1.0
21032494,Julia,0.0
21038867,Clare,0.0
21044803,Ileana,1.0
21046090,B,1.0
21049869,Daniel,0.0
21051215,Amin,0.0
21051406,Elisabetta,0.0
21058066,Sue And Brett,1.0
21067609,Jeffrey,0.0
21068204,Ilana,0.0
21073576,James,0.0
21074022,Richard,1.0
21076700,Andy,0.0
21083998,Wyllian,0.0
21093804,Judy,0.0
21104289,Ben,0.0
21113405,Pam,0.0
21114306,Katrina,0.0
21116656,Estelle,0.0
21117855,Vivienne,1.0
21118064,Val,0.0
21123596,Jack,0.0
21124262,Tanyada,1.0
21125623,Thomas,0.0
21126716,Eleanor,0.0
21131094,James,0.0
21131324,Promporn,1.0
21133552,John,0.0
21143120,James,1.0
21144295,Anna,0.0
21144893,Ian,1.0
21145791,Ingrid,0.0
21146016,Evelyn,1.0
21150468,Ben,0.0
21151187,John,0.0
21154093,Rhiannon,1.0
21154669,Dana,0.0
21155190,Elisabeth,1.0
21158946,Mark,0.0
21159907,Alina,0.0
21163922,Zacharias,1.0
21167138,Caroline,0.0
21167880,Nuntanut,0.0
21170440,Felix,0.0
21180049,Florence,1.0
21180227,Gemma,0.0
21181348,Frankie,1.0
21182053,Sabin,1.0
21183819,Rosanna,0.0
21185187,Sophia,0.0
21189330,Kerry,0.0
21191904,Pu,1.0
21194207,Anna,0.0
21195292,Kim,0.0
21199842,Harold,0.0
21200437,Vadims,0.0
21201170,Philippe,0.0
21201846,Kate,1.0
21208648,Bridget,0.0
21213104,Kay,1.0
21215937,Saladin,0.0
21218596,David,1.0
21221909,Keith,1.0
21226175,Tanawat,0.0
21230428,Nathen,1.0
21242133,Oonagh,1.0
21247064,Dusanka,0.0
21248776,Niran,0.0
21252663,Brandon,0.0
21265269,Oliver,0.0
21271126,Joshua,0.0
21273430,Sharyn,0.0
21280431,William,0.0
21281192,Alozie,0.0
21291148,Joe,0.0
21291707,Mohamed,1.0
21292124,Charn,0.0
21296134,Lucka,0.0
21297811,Fiona,1.0
21299119,Joe,0.0
21299341,Kittima,0.0
21300947,Chiew,1.0
21301201,Teresa,0.0
21301747,Karen,0.0
21302722,Kittipong,0.0
21305145,Kelly,1.0
21305741,Kenneth,0.0
21306346,"⁨Jam,⁩",1.0
21306389,Norah,1.0
21306473,Calum,1.0
21308752,Marco,0.0
21310105,Yasemin,0.0
21311278,Lola,0.0
21313119,Daniel Mark,0.0
21315815,Tanny,1.0
21320413,Shiva,0.0
21323534,Lisa,0.0
21328766,Caroline,0.0
21329167,Susan,0.0
21331065,Vilma,1.0
21331225,Livia,1.0
21335459,James,0.0
21337334,Richard,1.0
21340140,Wade,1.0
21343361,Nicky Chan,0.0
21348778,Jakchai,0.0
21358863,Chris,0.0
21362060,Anastasia,0.0
21364002,Chloe,1.0
21365281,Alex,0.0
21366905,Ben,0.0
21372794,Alex,0.0
21376558,Mads,0.0
21376648,Sarah,0.0
21383613,Terrence,0.0
21384033,Boran,0.0
21385246,Cagri,0.0
21388083,Naz,0.0
21390605,Sylvia,0.0
21392254,Dawn,1.0
21393099,Sinead,0.0
21393261,SiamLife,1.0
21394122,Davide,0.0
21398318,Kamin Bird,0.0
21399163,Aseel,1.0
21400686,Julie,0.0
21406027,Patrick,0.0
21413867,Samia,0.0
21417338,Melissa,1.0
21418879,Mark,0.0
21434968,Mijin,0.0
21435555,Alison,0.0
21435682,Jacqui,0.0
21441090,Eric,0.0
21448060,Margaret,1.0
21469656,Pattharaporn,0.0
21474248,Scott,1.0
21475269,Renee,1.0
21475494,Heather,1.0
21480100,Laura,0.0
21486844,Andrew,0.0
21492587,Esosa,0.0
21493585,Gee,0.0
21498070,Una,0.0
21509286,Rachel,1.0
21510114,Nick,0.0
21517590,Tessa,0.0
21518601,Colin,1.0
21527254,Stephanie,1.0
21532359,Darren,0.0
21535262,Cecilia,1.0
21538589,Catherine,1.0
21546515,Bon,1.0
21547869,Noya,0.0
21550713,Uğur Bakış,0.0
21558962,Ansuman,0.0
21570282,Zoltan And Erin,0.0
21572072,Abigail,0.0
21573448,Alex,0.0
21574019,Domenico,0.0
21580171,Kate,0.0
21582338,Segolene,0.0
21582783,Alexandra,1.0
21584062,Louise,0.0
21589205,James,0.0
21589608,Christopher,1.0
21596893,Isaac,0.0
21597862,Anna,0.0
21600844,Mariusz,1.0
21601138,Edward,1.0
21601711,Ben,0.0
21604280,Anna,0.0
21604299,Rita,0.0
21604492,Akis,0.0
21605697,Anna,0.0
21606651,Amy,0.0
21607625,Fabrice,0.0
21608291,Rosemary,0.0
21611712,Viktoriia,0.0
21619946,Nancy,1.0
21621511,Fabio,0.0
21624902,Tom,0.0
21626537,Nick,1.0
21626701,Elvan,0.0
21629061,Gary,0.0
21631121,Tim,0.0
21631932,Rossana,0.0
21636863,Sharon,1.0
21642890,Yasin,0.0
21644849,Monica,0.0
21644878,Hannah,0.0
21645454,James,1.0
21648448,J,0.0
21651286,Elaine,0.0
21652377,Despina,1.0
21654128,Kevin,1.0
21654416,Anastasiya,0.0
21656322,Nestify,0.0
21657361,Kerry,0.0
21671132,Sonia,1.0
21672316,Debora,0.0
21674064,Chris,0.0
21678931,Frankie,0.0
21685628,Georgiana,0.0
21686608,Nuray,0.0
21686919,Paula,0.0
21699956,Annick,0.0
21702233,Kate,0.0
21712459,Kate,1.0
21713814,William,0.0
21714787,Ira,1.0
21715553,Lauren,0.0
21729519,Rosie,0.0
21735311,Jamie,0.0
21738767,Muz,0.0
21740183,Michael,0.0
21740235,Gregory,1.0
21740731,Elena,1.0
21741946,Paloma,0.0
21752409,Tarn Suppayaluk,0.0
21759516,Crystal,1.0
21768810,Vincenzo,1.0
21771565,Bj,0.0
21779666,Dulcie,0.0
21781267,Anna,0.0
21785343,Leona,0.0
21793098,Ronny,0.0
21793419,Janet,0.0
21794231,Vera,0.0
21801477,Ella,0.0
21806248,Helen,0.0
21807083,Jib,0.0
21807282,Pippa,0.0
21808234,Salisa,0.0
21811744,Jorel,0.0
21818976,Anabel,0.0
21821649,Kate,0.0
21822330,Jenny,1.0
21825332,Jeremy,1.0
21827362,Matthew,1.0
21836056,Dean,1.0
21840503,Cj,0.0
21841427,Jack,0.0
21843688,Gaby,1.0
21844936,Zakaria,0.0
21845563,Matthew,0.0
21846768,Seb,0.0
21849617,Adam,0.0
21853783,Vanessa,0.0
21857165,Megumi,0.0
21865136,Pierre,0.0
21867370,Robert,0.0
21868070,Kim,0.0
21868972,Matt,0.0
21881808,Caroline,1.0
21888741,Frida,0.0
21891204,Victoria,1.0
21893940,Mirsad,1.0
21894271,Sirichan 's Family,1.0
21895984,Carolyn,1.0
21899017,Katie,0.0
21905455,Lucas,0.0
21906728,Lesley,1.0
21909788,Samia,0.0
21909790,Geoffrey,1.0
21912726,Ed,0.0
21913060,Rebecca,1.0
21914133,Alex,0.0
21914534,Joss,0.0
21917428,Vivien,1.0
21922160,Karen,0.0
21924574,Mohammad,1.0
21925831,Haste,0.0
21927286,Tj,0.0
21929259,Laura,1.0
21930558,Ben,1.0
21931109,Jamie,0.0
21934224,Mel,0.0
21934265,Sunny & Nick,1.0
21951290,Sharon,0.0
21952624,Hugh,0.0
21957856,Angela,1.0
21964445,Kuli,1.0
21965621,Sean,0.0
21969522,Emma,0.0
21970931,Nui,1.0
21987782,Eva,1.0
21989693,Kaso,1.0
21990327,Georgia,0.0
21993086,Amy,0.0
21994146,Stavroula,0.0
21994212,Janine,0.0
21995208,Andrea,1.0
21996134,Prita,1.0
21997163,Charlotte,1.0
21997766,Adriana,0.0
21998427,Magdalen,1.0
22004411,Kirsty,0.0
22009277,Cindy,1.0
22015882,Peter,0.0
22015923,Charlotte,0.0
22019144,Em,1.0
22028328,Avi,0.0
22030827,Dennis,1.0
22031330,Andrew,0.0
22032115,Pimpidcha,0.0
22033704,Jacqui,1.0
22034249,Sarah,1.0
22034315,Lou,1.0
22035640,Minh Phat,1.0
22036320,D'Montrio,1.0
22037351,Jason,0.0
22038066,Yvonne,1.0
22041596,Debbie,1.0
22044641,Karen,0.0
22046309,Ponpisit,0.0
22046333,Jake,0.0
22056295,Louise,0.0
22063621,Alistair,0.0
22074606,Guillaume,1.0
22078521,James,0.0
22078869,John,0.0
22079196,Claire,0.0
22087378,Danielle,1.0
22087612,Rose,0.0
22088680,Darryl,1.0
22098338,Joe,0.0
22098668,Sarah,0.0
22098733,Sam,0.0
22106658,Chima,0.0
22106920,Benjy,1.0
22111017,Chris,0.0
22111598,Hannah,0.0
22112716,Nick,0.0
22114908,Supasuk,1.0
22116915,Svet,0.0
22117254,Victoria,0.0
22118737,Patrice,0.0
22120501,Lee,0.0
22124541,Maria,0.0
22124942,Abhishek,0.0
22124974,Phoebe,0.0
22140669,Ellie,0.0
22145270,Little,0.0
22152426,Suzan,1.0
22161594,Thom,0.0
22162143,Lucy Charlotte,0.0
22164664,Luis And Isabel,1.0
22181468,Laura,0.0
22183462,Omri,0.0
22184530,Ilaria,0.0
22184532,Elizabeth,1.0
22184616,Imran,0.0
22186550,Funmi,0.0
22187296,Belinda,1.0
22187387,Yiannis,0.0
22187865,Fabian,0.0
22188854,Lauren,0.0
22194051,Belinda,0.0
22200127,Chilli,0.0
22203877,Arune,0.0
22209221,Peter,1.0
22213537,Carrie,0.0
22213883,Anna,0.0
22214914,Kathy,0.0
22223364,Diane,1.0
22223655,Natalia,0.0
22224375,Chiara,0.0
22224405,Pat,1.0
22228552,Pat,0.0
22235002,Peter,0.0
22235791,Jiten,0.0
22237398,Aline,0.0
22243929,Keith,1.0
22244310,Mitz,0.0
22247621,Donna,1.0
22252282,Tim,0.0
22252938,Ben,0.0
22260066,Orakarn,0.0
22261000,Ciri,0.0
22270256,Joe,1.0
22271998,Tharinee,1.0
22273326,Kei,1.0
22284183,Bee,1.0
22289781,Harriet,0.0
22296627,Tanya,0.0
22297371,Carl,0.0
22298924,Danielle,0.0
22301361,Miranda,0.0
22302241,Hoxton Apartment,0.0
22314059,Petra,0.0
22321067,Aimée,1.0
22324149,Juan Carlos,0.0
22327548,Helia,0.0
22330350,Anas,0.0
22331021,Matt,1.0
22333530,Pema & Kevin,1.0
22337711,Joséphine,0.0
22340008,Hakan,0.0
22346723,Gabriela,0.0
22347672,Eric,1.0
22352439,Susan,0.0
22352684,Adina,0.0
22355412,Bandish And Soorya,0.0
22356656,Maria,0.0
22357422,Sumith,0.0
22361113,Cherry,0.0
22361289,Chris,1.0
22363610,Jb,0.0
22367565,Sarah & Edgar,1.0
22373019,Babis,0.0
22375799,Vania,0.0
22376390,Anoop,1.0
22377302,Victor,1.0
22377579,Benjamin,0.0
22378949,Tolani,0.0
22379790,Melissa,0.0
22385731,Jo,0.0
22389366,Amanda,1.0
22392397,Gün,0.0
22392884,Nicola,0.0
22398154,Molly,0.0
22404018,Daniel,0.0
22405355,Alison,1.0
22411692,Lea,0.0
22412467,Hande,1.0
22412846,Jw,0.0
22420118,Remika,0.0
22421477,Shadia,1.0
22424748,Sophia,0.0
22425802,Venice,0.0
22427205,Adam,0.0
22429625,Bertrand,0.0
22433728,Sophie Victoria,0.0
22436861,Ray,0.0
22437882,Matt,0.0
22438103,Ross,0.0
22442042,Clementine,1.0
22443889,Arnold,0.0
22445827,Samantha,1.0
22451373,Stanley,0.0
22456478,Peter,0.0
22456516,Oliver,0.0
22462943,Jordis,0.0
22464061,Chotika,0.0
22465728,Zoe,1.0
22471584,Attapol,0.0
22475564,William,0.0
22482664,Geoff,0.0
22483769,Gilad,0.0
22486646,Frank,1.0
22487805,Elizabeth,0.0
22488175,Alice,0.0
22490897,Ben,0.0
22497982,Andrew,1.0
22499366,Maya,0.0
22499523,Tom,0.0
22502243,Carrie,1.0
22514893,Laura,1.0
22522056,Marianna,0.0
22522242,Terry,0.0
22522284,Janine,0.0
22525263,Caroline,0.0
22527726,Shannon,0.0
22529772,Helena,0.0
22536181,Nicole,0.0
22536468,Christian & Maria,1.0
22541500,Urban Living,1.0
22543698,Giancarlo,0.0
22559734,Barry,0.0
22559935,Silvia,0.0
22560466,Ivaylo,1.0
22560545,Hilary,1.0
22561601,Niall,0.0
22562102,Michael,0.0
22563494,Tana,0.0
22578450,Minna,0.0
22579071,May,0.0
22581610,Valentina,0.0
22582557,Tony,1.0
22585204,Kevin,0.0
22587178,Yaël,1.0
22600647,Duncan,0.0
22610238,Medy,0.0
22612048,Francesco,0.0
22622887,Brigid,0.0
22638465,Emily,0.0
22639838,Marcus,0.0
22643524,Catherine,1.0
22646123,Jonny,0.0
22646153,Francesca,0.0
22649679,Clare,0.0
22651676,Vincent,1.0
22658420,Mark,0.0
22664584,Lloyd,0.0
22674861,Andrea,0.0
22679113,Michela,0.0
22681218,Carlos,0.0
22681615,Jean,0.0
22683755,Mairi,0.0
22683846,Harriet,1.0
22687659,David,0.0
22688960,Sebastian,0.0
22691856,Dominique,1.0
22695584,Jessica,0.0
22695868,Duff,0.0
22706296,Thomas,1.0
22709347,Alison,0.0
22711856,Abi,1.0
22713979,Anna,1.0
22724590,Will,1.0
22724814,Rafa,0.0
22735932,Ruby,0.0
22739764,Chris,0.0
22749281,Mel,0.0
22749383,Lisa,0.0
22753044,Naomi,0.0
22763486,Dagmara,0.0
22776842,Simon,0.0
22778273,Sam,0.0
22779012,Stephanie,0.0
22790260,Chantal,0.0
22791764,Haider,0.0
22791998,Noemi,0.0
22804921,Sasha,0.0
22812821,Shellie,0.0
22815571,Alexia,0.0
22819176,Charlie,0.0
22821469,Trish,1.0
22823009,Aaron,0.0
22823436,Liane,1.0
22831355,Enoch,0.0
22831390,Rachel,0.0
22833058,Hannah,0.0
22835382,Andrew,0.0
22839895,Christophe&Masami,1.0
22843778,Jett&Patty,1.0
22856660,Golriz,0.0
22857396,Kiron,0.0
22859318,Giselle,0.0
22867178,Nareegarn,0.0
22872896,Marius Rime,1.0
22875615,Aiva,1.0
22879993,Aoife,0.0
22880366,Chris,0.0
22882214,Chelsea,0.0
22895365,Makeda,0.0
22898515,Kim,0.0
22903976,Danielle,0.0
22906105,Fanny,0.0
22906222,Alexander,0.0
22911134,Tiffany,0.0
22917495,James,0.0
22919378,Spencer,1.0
22920507,Sunita,0.0
22930599,George,0.0
22938423,Vérane,0.0
22939322,Chanita,1.0
22943290,Supattra,1.0
22946523,Liang,1.0
22953487,Laurie,0.0
22955942,Filipe,0.0
22957444,Simon,0.0
22958537,Alim,0.0
22969101,Michael,0.0
22969180,Sonia,0.0
22971794,Josh,0.0
22975399,Christa,0.0
22979286,Emma,1.0
22979581,Nolan,1.0
22981850,Richard,1.0
22982471,Ines,0.0
22986439,Glenn,0.0
22992105,Jennifer,0.0
22994785,Georgia,0.0
22997871,Masha,1.0
22997931,Brooke,0.0
22998162,Michelle,0.0
22998879,Ramneek Singh,1.0
23005184,Andrea,0.0
23005804,Portia,1.0
23007208,Alexis,0.0
23011578,Alison,1.0
23011881,Ashwini,0.0
23012511,Trish,1.0
23013971,Simon,0.0
23014058,Polly,0.0
23014252,Pixy,1.0
23015264,Siobhan,0.0
23028023,Joe,0.0
23028296,Nicola,0.0
23033578,彥頡,0.0
23042231,Susan,1.0
23052404,Sarah,0.0
23056760,Rikki,0.0
23056886,Ella,1.0
23057188,Mark,0.0
23058249,Kelly,1.0
23060769,Raed,0.0
23082107,Leah,0.0
23083285,Anne-Marie,1.0
23084757,Pascal,0.0
23088334,Belinda,0.0
23091280,Toni,0.0
23092985,María José,0.0
23096698,Adam,0.0
23096793,Federica,0.0
23102059,Sharat,0.0
23102608,Anthony,1.0
23103107,Nicky,1.0
23119591,Robyn,0.0
23124126,Ruby,0.0
23128928,Karen,0.0
23133268,Sutanaporn,0.0
23134906,Adam,0.0
23139615,Eleanor Clapham,1.0
23154421,Charlie,0.0
23164192,Rosalinde,0.0
23172197,Meen,1.0
23172472,Jack,0.0
23173692,Tom,1.0
23174889,Ash,0.0
23176511,Robert - Great Place To Stay,1.0
23178276,Caroline,1.0
23178714,Nefer,0.0
23197488,Andrew,0.0
23197732,Rachel,0.0
23200472,Natasha,0.0
23200546,Phill,0.0
23202466,Federica,0.0
23203409,Shelley,0.0
23204731,Jocelyn Dehnert,1.0
23207420,Duangta,0.0
23211655,Jonathan,1.0
23215056,Rob,0.0
23218516,Sarah,0.0
23223469,Seyda,0.0
23225800,Nicole,1.0
23229119,Naomi,0.0
23233147,Kevin,0.0
23234040,Home Host,0.0
23239140,Daria,1.0
23239536,Isaac,0.0
23243057,Claudia,0.0
23245703,Ying,0.0
23259720,Alex,0.0
23260272,Claudia,0.0
23268202,Rebecca,0.0
23268929,Michelle,0.0
23279496,Jodie,0.0
23281164,Jhanzeb,0.0
23281709,Elena,0.0
23283476,Peter,1.0
23284985,Cecelia,0.0
23286783,Richard,0.0
23288129,Matias,0.0
23290999,Chanya,1.0
23291772,Sami,0.0
23291898,Felix,0.0
23295471,Chiara,0.0
23303254,Nick,1.0
23306107,Richard,1.0
23308611,Emily,0.0
23311295,Violetta,0.0
23313547,Hannah,0.0
23317799,Jess,0.0
23322831,Samantha,1.0
23325171,Chollada,0.0
23328498,Alina,0.0
23328746,Alex,1.0
23328818,Carmela,0.0
23333717,Richard,0.0
23338585,Nad,0.0
23340881,Shasha & Ry,0.0
23342995,Linda,0.0
23345788,Serhat,0.0
23346804,Ovitzia,1.0
23348636,Charles,0.0
23350491,Benedetta,0.0
23350809,Ines,0.0
23359949,Oliver,0.0
23361470,Faizal,0.0
23367758,Meg,0.0
23368271,Charlotte,0.0
23369642,Coen,0.0
23380445,Emily,1.0
23386639,Charlie,0.0
23390644,Joe,0.0
23397878,Mehdi,0.0
23398195,Kanokorn.K,1.0
23401917,Eva,1.0
23404006,Sabino,1.0
23404697,Oliver,1.0
23406275,Philip,0.0
23407096,⁨Michael.⁩,0.0
23412771,Piya,1.0
23415326,Chararin,1.0
23420058,Chloe,0.0
23422917,Luiz Otavio,0.0
23424734,Julia,0.0
23427173,SarahJane,0.0
23429120,Rav,0.0
23432451,Mary,0.0
23435126,Simon,0.0
23435468,Thomas,0.0
23442623,Sabba,0.0
23443445,Charlotte,0.0
23444987,Pino,0.0
23447055,Bart,0.0
23452030,Josie,0.0
23456779,Patrice,0.0
23464259,Jean-Michel,0.0
23464847,Andrea,0.0
23465913,Johanna,0.0
23466369,Joanna,0.0
23466685,Divya,1.0
23466811,Beth,1.0
23470564,Harinder,0.0
23475505,Am,1.0
23478323,Daniel,1.0
23480067,Annabel,1.0
23486311,Solène,0.0
23491425,Hannah,0.0
23494777,Nichola & Graham,1.0
23496427,Riccardo,0.0
23501561,Christopher,1.0
23501948,Peter,1.0
23503077,Nan,1.0
23504888,Nkechinyere,0.0
23510362,Alessandro,1.0
23512269,Thosaphol,0.0
23521099,Here Hostel,0.0
23521936,Nesli,0.0
23526420,Ruth,0.0
23528799,Alexander,1.0
23530566,Max,0.0
23531247,Stephen,0.0
23532522,Joy,0.0
23536020,Sarah-Jane,0.0
23536023,Grace,0.0
23540139,Ryan,0.0
23547875,Cristina,0.0
23552214,Masou,0.0
23558019,Owez,1.0
23559578,Sarah,0.0
23564657,Carmen Alicia,0.0
23567968,Kiley,0.0
23570869,Alda,1.0
23575468,Kirsten,1.0
23579289,Darya,1.0
23581851,Evan And Gloria,1.0
23585714,Dorota,1.0
23592082,Andrew,1.0
23592855,Kanchan,0.0
23600460,Agat,1.0
23600774,Cameron,0.0
23602730,Anne,0.0
23603214,Ita,1.0
23609807,Adiyam,0.0
23613799,Will,1.0
23615031,Kirill,0.0
23627662,Anastasia,0.0
23630648,Ingrid,0.0
23632139,Frances,0.0
23634550,Isabella,1.0
23634804,Hash,0.0
23637897,Alex,1.0
23639324,Garn Ja,0.0
23639714,Zoe,0.0
23644989,Bronwyn,0.0
23645387,Ramy,0.0
23645948,Mina,0.0
23662576,Cecilia,0.0
23666582,Katherine,1.0
23670694,Ileana,0.0
23675876,Ben,0.0
23676234,Abdullah,0.0
23677790,Shahil,1.0
23678865,Emma,0.0
23680460,Katherine Emily,0.0
23682370,Anna,1.0
23683070,Luke,0.0
23684887,Fang&Nim,1.0
23685794,Katrien,0.0
23688319,Eliane,0.0
23691076,Rhonda,1.0
23691411,Paula,0.0
23694960,Jordanna,0.0
23696830,Sum,1.0
23700365,Alireza,0.0
23702068,Bernard,0.0
23705395,Idan,0.0
23717261,Minsol,0.0
23717928,Palm Beach Holiday Rentals,0.0
23727152,John,1.0
23736573,Zizou,0.0
23739962,Sabrina,0.0
23740024,Stephanie,1.0
23743269,Rebecca,0.0
23743516,Vatsala,0.0
23754171,Anton,0.0
23758285,Pennie,0.0
23758849,Prasopphorn,0.0
23758854,Pennapa,0.0
23759018,Morals MRT,0.0
23762911,Yuthapume,0.0
23763454,Zandra,0.0
23765271,Alessandra,0.0
23765519,Jason,1.0
23765866,Holly,1.0
23774795,Andrew,0.0
23777175,Tanya,1.0
23786832,Angel,0.0
23787082,Eliza,0.0
23792734,Lee,0.0
23796326,Vivian,0.0
23802383,Pablo,1.0
23802399,Deanna,0.0
23805076,Haider Ali,0.0
23806169,Caroline,1.0
23806453,Stephanie,0.0
23813530,Ploy,1.0
23814949,Qazi,0.0
23817983,Charlotte,1.0
23828799,Viren,0.0
23839989,Carlos,0.0
23841748,Ishrat,0.0
23846431,Marcella,0.0
23849435,Caglar,0.0
23850630,David,0.0
23870705,Dylan,0.0
23872121,Gillian,0.0
23874296,Jane,0.0
23875402,Martine,0.0
23876548,Kate,0.0
23876953,Patnaree,0.0
23877271,Sarah,1.0
23879149,Lucy,0.0
23879316,Ketty,0.0
23879872,Eulalia,1.0
23882150,Ben,0.0
23882649,Laura,0.0
23883812,Oran,0.0
23883884,S,0.0
23886952,Sophie,0.0
23892898,Stephan,0.0
23897663,Paul,0.0
23905775,Reine,0.0
23909365,Ben,0.0
23913041,Leisa,0.0
23920842,Nada,0.0
23923087,Ben,1.0
23924914,Carine,0.0
23926578,David,0.0
23930959,Jules,0.0
23935077,Hana,1.0
23950415,Dee,1.0
23957844,Dive,0.0
23959499,Andy,1.0
23962128,Alastair,1.0
23962292,Prim,0.0
23963073,Nick,1.0
23964792,Henry,0.0
23966399,Belal,0.0
23967223,Luca,1.0
23971899,Biola,0.0
23972626,Emil,1.0
23973750,Vee,1.0
23982171,Cigdem,0.0
23986719,Fabi,0.0
23987705,Joshua,1.0
23993416,Chiara,1.0
23994379,Christos,1.0
23997083,Ruby,1.0
23998907,Deborah,0.0
24003978,Michelle,0.0
24007268,GuestReady,0.0
24011298,Vivi,1.0
24019518,Danielle,0.0
24022126,Nadish,0.0
24024629,Sutit,1.0
24028136,Helen,0.0
24029401,Paul,0.0
24033547,Thanavadee,0.0
24033711,Catherine,1.0
24036581,Sarah,0.0
24038947,Wei,0.0
24038965,Vidhya,0.0
24040466,Art,0.0
24042920,David,0.0
24044312,Antoinette,0.0
24045522,Lac,0.0
24045531,Saskia,0.0
24048741,Tommy,1.0
24049035,Owen,0.0
24056579,Suzan,0.0
24060111,Shah,0.0
24063110,Richard,0.0
24063276,Pintula,0.0
24069458,Valerie,0.0
24074206,Kim,0.0
24082635,Dominic,1.0
24083609,Diana,0.0
24091982,Jing,0.0
24100622,Nerea,1.0
24101240,Neil,1.0
24101767,Katie,0.0
24118101,Andrew,1.0
24122597,Sue,0.0
24124611,Jenny,0.0
24125678,Stephie,0.0
24127254,Brendan,0.0
24135081,Beverley,0.0
24137768,Cathy,0.0
24138958,Jennifer,0.0
24139004,Kesii,0.0
24140979,Darren,1.0
24147370,Anupong,1.0
24158100,Jenny,1.0
24159623,Jodie,0.0
24162360,Louisa,1.0
24180010,Melissa,0.0
24180181,Jarett,0.0
24187168,Ashley,0.0
24196236,Corrie,1.0
24198428,Valentina,0.0
24199712,Liz,0.0
24203137,Vasileios,0.0
24203465,Tanjir,0.0
24205018,Phobnipit,0.0
24208203,Jib,0.0
24211030,Ali,0.0
24215118,Watcharawit,0.0
24218309,Suzannah,0.0
24218787,Pannipa,0.0
24223207,⁨Amanda Rae.⁩,1.0
24226888,Mays,0.0
24226943,Yuri,0.0
24228101,Dvir,0.0
24228301,Rose,0.0
24228701,Kelly Marie,0.0
24229896,Nann,0.0
24229980,Louise,0.0
24232487,Ann,1.0
24234328,Natthapol,1.0
24234728,Renee,0.0
24236710,Brian,0.0
24238349,Kate,1.0
24239971,Tonia,0.0
24240961,Katharine,0.0
24247841,Tom,0.0
24248028,Pat,0.0
24251613,Darius,0.0
24259641,Rafe William,1.0
24268781,Stefanie,0.0
24269903,P,0.0
24271091,Alex,1.0
24274673,NUi Arthit,0.0
24287170,Ben,0.0
24289375,Awinnie,0.0
24291758,Alma,0.0
24294746,Kate,1.0
24295514,Paula,0.0
24309072,Ya-Yin,1.0
24309163,Edward,0.0
24309350,Joseph,0.0
24313507,Lav,0.0
24316737,Daniel,0.0
24329234,Nicholas,0.0
24329260,StayNow,0.0
24334784,Rosella,0.0
24336321,Adrian,0.0
24336682,Lisa,0.0
24340152,Suwanna,0.0
24351155,Bin,1.0
24352423,Emma,0.0
24353854,Nick,0.0
24360037,Gurpreet,1.0
24360702,Sara,1.0
24364444,Roman,0.0
24364860,Ed,0.0
24365918,Mohammed Jalal,0.0
24366999,Sole,1.0
24371672,Natalie,0.0
24371824,Stafford,1.0
24373399,Eugen,1.0
24375228,Daniel,0.0
24378171,Charissa,0.0
24379011,Tonin,0.0
24386263,Sam,0.0
24387117,Paige,0.0
24387435,Steve,0.0
24387494,Javier,0.0
24387949,Thip,1.0
24389634,Angela,0.0
24391138,Gayle,0.0
24394876,Joan,1.0
24395344,Amy,1.0
24396331,Anne,1.0
24397589,Anna,1.0
24400488,Cristiane,1.0
24405915,Tadé,0.0
24410975,Abhinit,1.0
24411124,Brad,0.0
24420732,Ella,0.0
24426637,Matthew,1.0
24428683,Suman,0.0
24438156,Aj,0.0
24439331,Nik,0.0
24442153,Jib,0.0
24442579,Flavia,0.0
24443515,Sue,0.0
24443564,Nicola,0.0
24443947,Diana,0.0
24446733,Bill,0.0
24451002,Chrissie,0.0
24452919,Cristina,0.0
24453261,Nay,0.0
24458585,Hasnain,0.0
24460143,Emilly,0.0
24465747,Kaanta,0.0
24466234,John,0.0
24480023,Novita,0.0
24480097,Gina,0.0
24481400,Gaia,0.0
24481748,Sarah,0.0
24484248,María,1.0
24486633,Georgia,0.0
24490135,Amjad,0.0
24492518,Miles,1.0
24496065,Miriam,0.0
24496589,Lesley,0.0
24496927,Olivia,0.0
24497478,Louise,1.0
24504047,Kiran,0.0
24506266,Luke,1.0
24508476,Zainab,0.0
24509134,Anthony Nanette,0.0
24511724,Helen,1.0
24514408,Nath,0.0
24517230,Atawit,0.0
24524003,Luis - Heart Of London,0.0
24525628,Patrick,0.0
24526025,Solene,0.0
24526803,Benaga,1.0
24527968,Nimali,0.0
24528682,Alison,0.0
24529004,Jesus,1.0
24533092,Reece,0.0
24533576,Mali,1.0
24551895,Sreejith,0.0
24557304,Zenon,0.0
24564704,Mark,0.0
24567462,Richard,0.0
24578964,Koy,0.0
24585252,Adriana,1.0
24586521,Sophie,1.0
24589000,Merce,1.0
24591898,Coralie,0.0
24598502,Alysia Jane,1.0
24598922,Lisa,1.0
24603454,Thomas,0.0
24603486,Johnny,1.0
24604060,Yodsakarn,1.0
24606142,James,0.0
24606615,Dani,0.0
24609499,Jessica,0.0
24612067,Tom,0.0
24612682,Andrea,1.0
24613799,Pankaew,1.0
24615985,Let It Be,0.0
24625853,Martin,1.0
24626637,Catherine M,0.0
24627402,Gavin,0.0
24628160,Lena,1.0
24630047,Jacqui,0.0
24632598,Alice,0.0
24633223,Markus,0.0
24634408,Yara,0.0
24635014,Kevin,0.0
24640438,Heidi,0.0
24642677,Diana,0.0
24643642,Tema,0.0
24646274,Apple,0.0
24647420,Julie,0.0
24653997,Branko,0.0
24654905,Imran,0.0
24657978,Imani,1.0
24661813,Tatiana,0.0
24666207,Prang,0.0
24671257,Florent,1.0
24675031,Malisa,1.0
24681435,Robustiano,0.0
24682014,Rodger,0.0
24684839,Jessica Anne,0.0
24686713,Sean,1.0
24687142,Ania,0.0
24688454,Tia,0.0
24689160,Yaroslav,0.0
24690026,Shirley,0.0
24690348,Jin,1.0
24700634,Hande,0.0
24701255,Gillian,1.0
24703480,Paul,0.0
24705169,Camilla,0.0
24705774,Sommawan,1.0
24707229,Fay,0.0
24708984,Chiara,0.0
24710277,Maria A G De,0.0
24712517,Nicholas James,0.0
24721535,Beach Stays,1.0
24723004,Mika,0.0
24723829,Michelle,0.0
24725488,Jay And Nita,1.0
24727477,Rachel,1.0
24732047,EveRy DaY Is A HoLidAy,1.0
24735426,Siobhan,0.0
24736096,Briss Family,0.0
24736470,Georgie,0.0
24743183,Nicoletta,0.0
24743862,Olumide,0.0
24748536,Jackie,0.0
24752331,Mark,0.0
24753316,Lauren,0.0
24757104,Martin,0.0
24758416,Valery,0.0
24765108,Jessamy,0.0
24772730,Nnamdi,0.0
24775755,Peter,0.0
24777734,Paul,0.0
24786857,Carla,0.0
24788049,David,1.0
24790797,Sloane,0.0
24805012,Horizon Stays,0.0
24805417,Stuart,0.0
24809227,Justine,0.0
24810036,Chatchada,1.0
24811360,Anna,1.0
24818096,Jp,0.0
24819015,Rima,0.0
24823469,Jitthamas,0.0
24824176,Beth,1.0
24825844,Jack,0.0
24825980,Sofia,0.0
24838982,Apinun,1.0
24840940,Fab,1.0
24844970,Bertrand,0.0
24851354,Kritsina,0.0
24851524,Jean,0.0
24851572,Nathalie,0.0
24854845,Lorna,0.0
24855068,Jonathan,0.0
24859361,Emma,0.0
24869025,Junior,0.0
24870653,Sam,0.0
24871179,Joe,0.0
24873194,Rajiv,1.0
24884226,Coby,0.0
24885065,Kirsten,1.0
24886625,Abbie,0.0
24888828,Nathaniel,0.0
24889629,Liz,0.0
24891004,Nae,0.0
24898195,Baan Waan La Moon,0.0
24902668,Tolga,0.0
24907784,Michael,0.0
24926850,Julija,0.0
24926956,Marcus,1.0
24936286,Luca,1.0
24939264,Mauro,0.0
24943080,Saima,0.0
24946537,Kate,0.0
24947260,Sabir,0.0
24947271,VV Properties,0.0
24947717,Jeni,0.0
24948460,Riyana,0.0
24950215,Eugene,0.0
24953175,Matt,1.0
24955578,Tor,1.0
24956640,Susan,0.0
24958189,Stephen,1.0
24960812,Wy,0.0
24963905,Sandeep,0.0
24963933,Athitanun,1.0
24966806,Wm House,1.0
24971845,Luke,0.0
24976117,Nikki,0.0
24981724,E,0.0
24987375,Piyanuch,0.0
24989456,Beverley,1.0
24989857,Daz,0.0
24991882,Luca,0.0
24991934,Janina,0.0
24996334,Federica,0.0
24996560,Bm,1.0
24998725,Ali,0.0
25000186,Tom,0.0
25001188,Adrian,1.0
25005930,Marcela,0.0
25006290,Clare,0.0
25014687,Penelope,1.0
25014938,Poon,0.0
25015667,Bernadette,0.0
25017659,Cora,1.0
25020958,Mini,0.0
25029410,Janka,0.0
25031534,Tristan,0.0
25032918,Jennifer,0.0
25035031,Melissa,0.0
25038756,Mel,1.0
25042230,Chalinee,0.0
25051513,Fabrizio,0.0
25051516,Vali,0.0
25060875,David,1.0
25061485,Antony,1.0
25065081,Ed,0.0
25070320,Liuna,1.0
25072599,Laura,0.0
25072709,David,1.0
25073421,John,1.0
25075188,Dave,0.0
25077074,Lucy,0.0
25079346,Richard,0.0
25081375,Santiago,0.0
25086906,Manju & Prasad,0.0
25089012,Elly,0.0
25095421,Kenneth Angus,1.0
25096213,Natasha,0.0
25100162,Mary Ellen,0.0
25102680,Grace,0.0
25107348,Ozair,0.0
25109835,Mao,1.0
25109998,Jade,0.0
25116043,Seung Yeon,0.0
25120074,Andrew,1.0
25123504,Di,1.0
25123745,Michelle,0.0
25125865,Milly,0.0
25135066,Rose,1.0
25142074,Anna,1.0
25144450,Gianluca,1.0
25150741,Benjamin,0.0
25151068,Art,0.0
25154771,Noy Patreeda,0.0
25155115,Steven,0.0
25173669,G,0.0
25187656,Philip,0.0
25188673,Tina,0.0
25194601,Chloe,0.0
25201537,Roberto,0.0
25216821,Bunjerd_Tom,1.0
25222886,Heather,1.0
25225442,Ian,0.0
25225726,Lilly,0.0
25235614,Georgina,0.0
25236825,Gemma,0.0
25239271,Jawad,0.0
25240244,Katie,0.0
25243986,Korapin,1.0
25267326,Shuja,0.0
25274743,Rush,0.0
25291430,Lucy,1.0
25293398,Nick,1.0
25296161,Rosie,0.0
25299847,Parnkae,0.0
25301283,Natasha,0.0
25303854,Hester,1.0
25315063,Belinda,1.0
25332021,Carla,0.0
25334308,Sharanjeet Singh,1.0
25334532,Tammy,0.0
25335674,Jarmo,1.0
25339764,Kate,0.0
25353338,Sonni,0.0
25357638,Josephine,1.0
25360537,Robin,1.0
25363589,Dragana,0.0
25366165,Gabriel,1.0
25374976,David,0.0
25379419,Clara,1.0
25382466,Emily,1.0
25382906,Penny,1.0
25383576,Molly,0.0
25386075,Sujeet,0.0
25390241,Steven,0.0
25392680,Antonio,0.0
25393413,Rachel,1.0
25409074,Katrina,0.0
25423352,Prateek,0.0
25424378,Marie,1.0
25425560,Hasnul,0.0
25436563,Nathan,0.0
25439829,Laura,1.0
25441773,Bruna,0.0
25442309,Martin,1.0
25442941,Anna,0.0
25443169,Jessica,0.0
25446674,Frank,0.0
25447675,Ainur,0.0
25448793,Jo,0.0
25449374,LiveInChats,1.0
25450705,Paisley,0.0
25453652,Krisna Elisabeth,1.0
25464066,Nina,0.0
25470740,James,1.0
25474388,Rahyan,0.0
25474443,Kari,1.0
25475606,Brian,0.0
25481738,Manuel,1.0
25484645,Céline,0.0
25485893,Eloise,0.0
25486035,Kate,1.0
25492815,Ammar,0.0
25495994,Gioia Valentina,0.0
25500365,Roberta,0.0
25502096,Bruno,0.0
25519009,Verity,0.0
25521893,Hope,0.0
25522498,Julie,1.0
25524442,Jane,1.0
25526162,Samantha,1.0
25526552,Spitalfields Property,1.0
25526629,Andrew,0.0
25527203,Ben,1.0
25535143,Kalina,1.0
25536609,Bao,0.0
25539601,Ben,1.0
25551914,Eliza,0.0
25571485,Nattavut,0.0
25573377,Joana,1.0
25580508,Cara,0.0
25586486,Nancy,0.0
25589174,Felicity,1.0
25594106,Jane,1.0
25594116,Yael,0.0
25596284,Amer,0.0
25598690,Bijan,0.0
25600432,Jamie,0.0
25602833,Liv,0.0
25616626,R,0.0
25617610,Net,0.0
25622022,Diane,0.0
25622522,Adam,0.0
25626358,Martynas,0.0
25631509,Diane,1.0
25637889,Nontwach,0.0
25647646,Brenda,0.0
25647747,David,0.0
25652196,Jan,0.0
25659170,Bella,0.0
25662330,Cecilia,1.0
25669975,Tracey,0.0
25670523,Pauline,0.0
25671689,André,0.0
25671846,Simon,0.0
25671933,Stevie,0.0
25672208,Chrisanna,0.0
25675852,Christian,0.0
25678018,Komo,0.0
25678221,James,0.0
25680850,Jason,1.0
25685658,Diane,0.0
25692974,Francis,0.0
25695624,Dee,0.0
25703481,Richard,1.0
25705638,Karen,0.0
25708054,Tony,0.0
25727709,Frankie Says,0.0
25729681,Cristina,1.0
25731085,Siyu,0.0
25735165,Antonia,0.0
25739894,Camelia,0.0
25747986,Kornvika,1.0
25749461,Alda,0.0
25751547,Çisem,0.0
25753569,Marco,0.0
25757838,Mary,1.0
25768459,Dilhan,0.0
25774790,Nupla,0.0
25776205,Rebecca,0.0
25776858,Roslyn,1.0
25781285,Maria,0.0
25793077,Amit,1.0
25797991,Varun,0.0
25799564,Justyna,1.0
25806697,Alexia,0.0
25810692,Kateryna,1.0
25811933,Adam,1.0
25812496,Vaida,0.0
25815940,Serena,0.0
25820993,Elizabeth,1.0
25821624,Danielle,1.0
25823150,Primas,1.0
25825868,Paul,1.0
25829777,Emiliano,0.0
25846655,Jerome Nicholas Anthony,0.0
25847935,Julie,0.0
25859332,Andrew,0.0
25870282,Keirin,0.0
25872855,Christine,0.0
25878517,John,0.0
25880186,Emma,0.0
25885149,Caitlin,0.0
25887153,Ruby,1.0
25887735,Francis,0.0
25893065,Chloé,0.0
25894778,Mario,0.0
25896611,Glyn,0.0
25904355,Griz,1.0
25906850,Sophie,0.0
25907279,Rudy,0.0
25911057,Alyssa,0.0
25913850,Ramota,0.0
25916094,Tongpong,1.0
25918377,Vanessa,0.0
25920586,Claire,1.0
25923645,Klai,0.0
25928937,Patrick,0.0
25931055,Kartik,0.0
25933216,Sheila,0.0
25934147,Sue,0.0
25936481,Charlotte,1.0
25937091,Dorota,0.0
25941234,Nergis,0.0
25942698,Nuttakrit,0.0
25942800,Getawayz,1.0
25946723,Rasa,1.0
25969500,Armaj,1.0
25969501,Annalissa,1.0
25979414,Hayley,0.0
25987113,Ricky,0.0
25987159,Anthony,0.0
25987888,Jeremy,1.0
25990801,Sally,0.0
25992481,Claire,1.0
25995146,Joy,0.0
26004700,Kasinee,0.0
26014429,Annlin,1.0
26019786,Re,0.0
26021321,Bernie,0.0
26027652,Vasili,0.0
26029855,Terry,0.0
26032778,Sairung,0.0
26036588,Pairin,1.0
26040368,Sunny,1.0
26040883,Giles,0.0
26045254,Gabriella,0.0
26045959,Jacqueline,1.0
26050200,Melissa,0.0
26050530,Jane,0.0
26052949,Michael,0.0
26053205,Laure,0.0
26053483,David,0.0
26054637,Elaine,0.0
26054760,Qisheng,1.0
26055779,Mark,1.0
26057198,Luke,1.0
26058133,Tom,0.0
26062457,Marmar,0.0
26066235,Eve,0.0
26078721,Kasidid,0.0
26088999,Fifi,1.0
26091935,Theo,0.0
26096082,Meltem,0.0
26103207,London Bath,0.0
26107267,Paola,0.0
26110958,Aasa Marie,0.0
26136150,Saranne,0.0
26139642,Helen & Kelvin,0.0
26145946,Paul,0.0
26148316,Paul,1.0
26166000,Deborah,0.0
26168687,Tommy,0.0
26170111,Robert,0.0
26176957,Christopher,0.0
26194333,Lin,0.0
26197047,Gillian,0.0
26197329,Anjana,0.0
26200973,Jason,1.0
26201910,Star,1.0
26205111,Sethawat,0.0
26207934,Olivia,1.0
26214396,Zia,0.0
26223686,Lucas,0.0
26229467,Suphat,1.0
26230962,Jw,0.0
26235451,Kawintrada,0.0
26236584,Joc,0.0
26239381,Desislawa,1.0
26239946,Alba,0.0
26240018,Ewan,1.0
26246252,Supatnuj,0.0
26250654,Johannes,0.0
26253536,Waseem,0.0
26256136,Janett,0.0
26265496,Gail & Ray,1.0
26268828,Rod,1.0
26276736,Kornkamol,0.0
26280049,Alessia,0.0
26281073,Moira,1.0
26281335,Jenny,1.0
26282658,Dan,1.0
26286637,Omar,0.0
26288607,Jackie,0.0
26292480,Jaline,0.0
26294026,Shannon,1.0
26295305,Daniel,0.0
26295373,Jana,0.0
26304584,Shan,0.0
26305501,Fraser,0.0
26313950,Ines,0.0
26317708,Alex,0.0
26317843,Pennie,0.0
26318888,Sairan,0.0
26321166,Will,0.0
26323159,Sarah,0.0
26329905,Shane,1.0
26334912,Carmel,0.0
26335059,Barry And Wynne,1.0
26338593,Tania,0.0
26339740,Natavara,0.0
26340779,Mayur Mohanlal Premier Property Agents Ltd,1.0
26341167,Mike,0.0
26347534,Ann,1.0
26348459,Lenara,0.0
26348756,Ruth,0.0
26349275,Gui,0.0
26356692,Linda,0.0
26357386,Emily,0.0
26365159,Georgina Elizabeth,0.0
26371680,Phillip,0.0
26372754,Sandrine,1.0
26378603,Ed,0.0
26397198,Suttinee,1.0
26399259,Passakorn,0.0
26402568,Alex,1.0
26403351,Pong,0.0
26403951,Abigail,0.0
26405062,Steven,0.0
26414292,Moria,0.0
26422190,Tina,1.0
26424182,Philippe,0.0
26427111,Isabel,0.0
26430919,Mrs Moore,0.0
26431899,Corbyn,0.0
26436482,Charlie,0.0
26438436,Margot,0.0
26441789,William,1.0
26449395,Jessica,0.0
26459188,Supanda,0.0
26473248,Ric,1.0
26476806,Chris,1.0
26478274,Juliet,1.0
26485806,Nasreen,0.0
26486483,Vicki,0.0
26489922,Laura,0.0
26490213,Michelle,0.0
26492170,Jo,0.0
26492505,Gemma,0.0
26495497,Beth,0.0
26495522,Alice,0.0
26496543,Hannah,0.0
26504605,Paula,0.0
26508215,Michael,1.0
26511293,Mark,0.0
26511311,Titiporn,0.0
26511998,Mp,0.0
26514482,Sally,1.0
26516205,Korn,0.0
26518292,David,0.0
26522856,Nicola,0.0
26524448,Heather,0.0
26527466,Michael,0.0
26528019,Sara,0.0
26528301,Kevin,1.0
26534119,Saranya,0.0
26540055,Louise,0.0
26552812,Jack,0.0
26555568,Peony,0.0
26555629,Coastal,0.0
26573070,Mark,1.0
26575230,⁨K.⁩,0.0
26588829,Valeria,0.0
26600376,Mandy,0.0
26604279,Harry,0.0
26607685,Suzanne,1.0
26612188,Grant,0.0
26618050,John,0.0
26620374,Aun,0.0
26621636,Ian,0.0
26622774,Katie,0.0
26623680,Cicilia,0.0
26630042,Hostrang,1.0
26636887,Naveen,0.0
26645648,Esther,0.0
26645783,Diane,0.0
26645991,Inga,0.0
26652157,Michael,1.0
26657579,Kay,1.0
26662185,Nite K,1.0
26667723,Ivan,0.0
26668607,Sam,0.0
26669342,Maria,0.0
26676184,Neeya,0.0
26677109,Katie,0.0
26685061,Nat,1.0
26693126,Hung Kwan Eric,1.0
26700494,Hannah,0.0
26709417,Silvia,1.0
26711671,Paul,0.0
26716550,Roberto,1.0
26722645,Ffiona,0.0
26731054,Josephine,1.0
26731756,Sky,0.0
26736483,K S,0.0
26741833,Melrardo,0.0
26745556,Hilary,1.0
26746747,Mt,1.0
26747554,Pallavi,0.0
26750511,Shopna,0.0
26757040,Emma,0.0
26759809,Alex,0.0
26769987,Eamonn,0.0
26772479,Naris,0.0
26778330,Mickael,1.0
26780901,Yiran,1.0
26782434,Lucy,0.0
26783975,Rie,0.0
26794534,Daniel,0.0
26802749,Emie,0.0
26804579,Rebecca,0.0
26806796,Lizzie,0.0
26809382,Judy,0.0
26809481,Rebecca,0.0
26816558,Gemma,0.0
26824411,Trammi,0.0
26831129,Antony,0.0
26831383,Lizzie,1.0
26835935,Fariba,0.0
26836582,Luke,0.0
26846806,Marina T,0.0
26847882,Sam,0.0
26851913,Noemi,0.0
26857012,Khomson,0.0
26858133,Joanna,0.0
26863447,Mr T,0.0
26864428,Rachael,0.0
26868914,Amandine,0.0
26869790,Patrick,1.0
26870056,Rachel,0.0
26883883,Andrea,0.0
26885695,Mitsuo,0.0
26889575,David,0.0
26889658,Simon,1.0
26904743,Metapon,1.0
26908008,Anwar,0.0
26908083,Mach,1.0
26915701,Noemi,0.0
26919029,Danann & Tara,1.0
26923689,Michael,0.0
26925679,Luke,1.0
26939928,Agathe,0.0
26941324,Prakit,1.0
26943019,Chloe,0.0
26945320,Jasmine,0.0
26949915,Cliff,0.0
26954242,Tom,0.0
26955371,Cassy,0.0
26956641,Lyn,0.0
26957351,Ammy,1.0
26957659,Kostas,0.0
26958352,Salia,0.0
26958873,Veronica,0.0
26965186,Sarah,0.0
26971191,Narumon,1.0
26981580,Jane,0.0
26982046,Rohaam,0.0
26991925,Richard,0.0
26992263,Ben,0.0
26995196,Nan,1.0
26998354,Eleanor,1.0
27011230,Sergio,1.0
27011771,Lindsay,0.0
27025682,Craig,0.0
27027867,Serena,1.0
27028389,Conor,0.0
27029675,Ivy Viviane,1.0
27033824,Inyang,0.0
27034366,Yacine,0.0
27038605,Marc,0.0
27041583,Andrea,0.0
27043871,Tracey,1.0
27044130,Victoria,1.0
27045612,Jacqui,0.0
27051376,Joe,1.0
27055753,Fabrício,1.0
27056435,Corrado,0.0
27056838,Romy,0.0
27059406,Elly,0.0
27074947,Amy,1.0
27075657,Lynsey,0.0
27080942,Narisa,0.0
27083964,Alisa,0.0
27094020,Alexander,0.0
27099385,Rosana,1.0
27099944,David,0.0
27107490,Jessica,1.0
27116732,Ben,0.0
27117631,David,0.0
27119168,Taylan,0.0
27119989,Alice,0.0
27126149,Julie,1.0
27128994,Susan,1.0
27135144,Ann,0.0
27140964,Rachel,0.0
27142937,Penprapa,0.0
27151328,Sarah,0.0
27151801,Akvile,1.0
27157448,Amanda,0.0
27158596,Nadine,0.0
27159811,Svetlana,1.0
27171070,Jan,1.0
27171706,Daniel,0.0
27176852,Vincent,0.0
27176997,Ernesto And Juscelia,0.0
27177156,Jackson,0.0
27179664,Louise,0.0
27185115,Hannah,1.0
27196634,Gwilym,0.0
27199476,Kerena,0.0
27203764,Boris,1.0
27205489,Lucy,1.0
27205892,Kate,0.0
27219808,Lea,1.0
27229769,Oscar,1.0
27234379,Rafael,0.0
27237833,Gina,1.0
27239483,Ranju,0.0
27245761,Nongluk,1.0
27257071,Earth,0.0
27260706,Irene & Katia,0.0
27265294,Linda,1.0
27267425,Natasha,0.0
27268402,Sophie,0.0
27268892,Sam,0.0
27283123,Mary,0.0
27284574,Laura,0.0
27284850,Aminat,0.0
27286333,Julie,0.0
27295769,Allison & Matthew,1.0
27297336,Raminta,0.0
27306869,Deborah,0.0
27316408,Kevin,0.0
27316910,Eleanor,0.0
27324427,Tess,0.0
27325762,Cindy,0.0
27328877,Ewa,1.0
27334875,Imogen,0.0
27340204,Jacqui,0.0
27340844,Karl,0.0
27342614,Brian,0.0
27348196,Loredana,0.0
27348595,Adriaan,0.0
27349958,Nev,0.0
27352773,Natasha,0.0
27353333,Davide,0.0
27354025,Otelhomes,1.0
27356229,Sur,0.0
27359432,Goran,0.0
27363914,Agnes,0.0
27369226,Duncan,0.0
27371074,Alice,0.0
27374058,Sergio,1.0
27390222,Poonsap,0.0
27391699,City Relay Ltd,1.0
27391839,Gayle,1.0
27393020,Wendy,0.0
27394016,Susana,0.0
27395079,Louise,0.0
27395230,Sebastian,0.0
27396609,Yoom Pathomkwan,1.0
27397891,Erika,0.0
27403259,Mohammed,0.0
27403673,Kat,1.0
27413563,Rawin,0.0
27423731,Marina,0.0
27424200,Anna,0.0
27424359,Kerily,0.0
27425350,Laura,0.0
27429458,Sam,1.0
27430144,Anya,0.0
27444800,Viraporn,0.0
27453841,Michael,1.0
27455174,Jonathan,0.0
27457696,Jason,0.0
27458783,Ben,0.0
27460776,Linda,0.0
27462195,Zoe,0.0
27467407,Ramon,0.0
27474291,Serena,0.0
27474711,Corina,1.0
27482488,John,1.0
27483219,Ivan,0.0
27495286,Peter,0.0
27496088,Amphan,1.0
27496654,Nora,0.0
27498174,Sally,0.0
27505631,Georgina,0.0
27512519,Farah,0.0
27513128,Paul,0.0
27521167,Irene,0.0
27538572,Anushki,1.0
27540016,Lucy,0.0
27547434,Henrietta,1.0
27550757,Team Boonjarud,1.0
27551828,Murat,0.0
27558853,Elc,0.0
27559116,Alice,0.0
27563383,Pratchaya,0.0
27572615,Harry,0.0
27572804,Frederico,1.0
27580019,Cordelia,0.0
27582946,Nicole,0.0
27591218,Clare,0.0
27607163,Katie,1.0
27610632,Timothy,0.0
27611273,Siobhan,0.0
27613028,Aldrich,0.0
27614005,Valerio,0.0
27617645,Carolyn & Angelo,1.0
27619896,Carol And Ian,1.0
27621873,Fahim,0.0
27621973,Martin,0.0
27622282,Pinmook,0.0
27622318,Mike,0.0
27629019,Liz,1.0
27630320,Jenny,0.0
27638089,Jerome,1.0
27646059,Alex,1.0
27647843,Pattie,1.0
27650540,Jonathon,1.0
27655648,Giulia,0.0
27657272,Beau,0.0
27663812,Farhan,0.0
27664944,Stella,1.0
27668571,Xavier,0.0
27670770,Sam,0.0
27671246,Mamta,1.0
27697836,Georgie,1.0
27719997,Athena,1.0
27721148,Lily,1.0
27721211,Samuel,0.0
27722784,Chidapa,0.0
27723616,Deepak,1.0
27726470,John,0.0
27730151,Vinita,0.0
27731791,Rasi,0.0
27739978,Olivia,0.0
27741348,Amelia,0.0
27741853,Sally,1.0
27743098,Jamie,1.0
27746221,Justine,0.0
27752410,Rachael,1.0
27765570,Jackie,0.0
27765998,Pep,1.0
27769287,Bianca,0.0
27771607,Annabelle,1.0
27778212,Thomas,0.0
27787137,June,0.0
27796319,Robert Leigh,0.0
27796740,Megan,0.0
27798031,Jason,0.0
27799308,Ana,1.0
27800561,Praj,0.0
27806385,Chrissy,0.0
27809549,Jack,0.0
27812799,Hannah,1.0
27815153,Laura,0.0
27819356,Xinzhu,0.0
27824622,Anthony,0.0
27825850,Jennifer Nicole,0.0
27833470,Phailin,0.0
27834248,Dolly,0.0
27834332,Peregrine,1.0
27843105,George,1.0
27852613,Lesa,0.0
27853332,Max,1.0
27868675,Amber,1.0
27871747,Angela,1.0
27872520,Belinda,0.0
27872914,Walaiwan,0.0
27880134,Oli,0.0
27880822,Eastlight Property,0.0
27881769,Mellya,0.0
27883840,Kate,0.0
27887506,Rahamim,1.0
27888176,Tarm,0.0
27893117,Paolo,1.0
27902385,Alison,0.0
27909291,Lucie,1.0
27912098,Sarah,0.0
27919382,Nancy,0.0
27926990,Anita,0.0
27932947,Cristina,0.0
27934435,Jon,0.0
27942626,India,0.0
27943577,Sumana,0.0
27947446,Oat,0.0
27958314,Inna,0.0
27960592,Emrah,1.0
27963327,Yuky,0.0
27967755,Emma,0.0
27971834,Sarah,0.0
27973143,Lewis,0.0
27980907,Elena,0.0
27981424,Elizabeth,0.0
27985376,Juan,0.0
27989464,Franc,1.0
27990382,Harriet,0.0
28004409,Chiara,0.0
28005035,Paul,0.0
28014390,Jennifer,1.0
28015567,Su-Min,1.0
28022308,Roanna,1.0
28022776,Michael,0.0
28025034,Jimmy,0.0
28033298,Bernard,0.0
28037209,Louise,0.0
28043840,Juliette,0.0
28050244,Jojo,0.0
28051490,Catrina,1.0
28053175,Luke,0.0
28054888,Chris,0.0
28067152,Benjamin,0.0
28068977,Nadean And Ed,0.0
28074484,Jon,0.0
28075142,Caroline,0.0
28078511,Sully,0.0
28079150,Eon,0.0
28086008,Wendy,1.0
28093266,You Can Call Me Kong,0.0
28094427,Iain,0.0
28111245,Gus,1.0
28136441,Sonia,0.0
28139813,Evie,0.0
28142215,Tom,0.0
28142984,Laxmi,1.0
28153453,David,0.0
28156000,Toni,0.0
28158405,Lily & Jane’s Mom,1.0
28162019,Lucy,0.0
28166446,Pauline,0.0
28171552,Charlotte,0.0
28173652,Harriet,0.0
28175590,Bertie,0.0
28175929,François,0.0
28181932,Nikhil,0.0
28182889,Damien,1.0
28191418,Natasha Anne,0.0
28195880,Tao,1.0
28200063,Ode,0.0
28204087,Rebecca,1.0
28207516,Ashleigh,0.0
28219211,Louise,0.0
28227369,Chantelle,1.0
28229051,Ricardo,1.0
28233583,Amos,0.0
28242734,Mair,0.0
28242903,Camille,0.0
28249813,Max,1.0
28249974,Michael,0.0
28251894,Helene,0.0
28263253,Hazel,1.0
28273413,Shahid,0.0
28281447,Zak,1.0
28288464,Run,1.0
28291021,Marcos,1.0
28300304,Josephine,1.0
28304255,Erika,0.0
28304926,Geoffrey,0.0
28308414,Johnny,0.0
28321718,Anna,0.0
28328869,Finn,1.0
28329168,Tyson & Jana,1.0
28331702,Lily,0.0
28332962,Ana,0.0
28333368,Phillip,1.0
28333960,Kim,0.0
28336149,Arran,1.0
28337452,Jacqueline,0.0
28343577,Hugo,0.0
28345564,Louise,1.0
28362202,Leigh,0.0
28364819,Alessandro Maria,0.0
28368646,Audrey,1.0
28371813,Jom And Mary,0.0
28381203,Emrah,1.0
28382039,Jp,0.0
28382605,Trairat,0.0
28388526,Tom,0.0
28392189,Toni,1.0
28394205,Noppol,1.0
28397563,Emma,0.0
28397829,Janejit,1.0
28399508,Will,0.0
28401813,Zsófia,0.0
28402630,Jana,0.0
28411154,Dina,0.0
28413266,Stav,0.0
28413893,Sarah,1.0
28415059,Katya,0.0
28416692,Michy,0.0
28417694,Matthew,0.0
28417779,Neo,1.0
28420788,Naomi,1.0
28426211,EunAh,1.0
28431570,Janette,0.0
28438360,Hannah,1.0
28439158,Jacqueline,1.0
28443643,Nm,1.0
28444612,Lucia,0.0
28446324,Mixy,0.0
28447810,Lara,1.0
28447831,Dr. Piyamas,1.0
28457003,Ross,0.0
28467292,Bradley,1.0
28467759,Leo,0.0
28469898,Christine,1.0
28477992,Kirk,0.0
28483676,Nat,1.0
28483702,Orn,0.0
28488931,James,1.0
28493252,Jennie,1.0
28494308,Annalisa,0.0
28498493,Tharinee,0.0
28501938,Samantha,0.0
28506501,Carolynn,0.0
28512024,Marcela,0.0
28513655,David,0.0
28515155,Mark,0.0
28519511,Paul,1.0
28523930,Giuseppe,0.0
28534443,Joe,1.0
28536142,Peter,0.0
28538949,Airis,0.0
28543433,Liz,0.0
28546502,Kirsten,0.0
28549500,Has,0.0
28554120,Shasca,1.0
28554428,Maggie,0.0
28558403,Chao.House,0.0
28559488,Wanida,0.0
28566177,Nadia,0.0
28577825,Luis,1.0
28578195,Francesca,0.0
28581426,Victoria,0.0
28581606,Sandra,0.0
28584240,Nikki,0.0
28586899,Annie,0.0
28589379,Lily,1.0
28594525,Antonio,0.0
28595034,Angie,1.0
28595960,Sumana,0.0
28596883,Bee,0.0
28600502,Nida,1.0
28605887,Yupornlux,0.0
28614097,DART Dwellings,0.0
28616230,Marta,0.0
28619960,Zohra,1.0
28623551,Joy&Kathy,1.0
28628500,Chanwis,1.0
28643616,Belinda,0.0
28643661,Ben,1.0
28644046,Paul,0.0
28652241,Mitraporn,0.0
28662970,Sue And Gary,1.0
28666307,Susie,0.0
28674873,Arina,0.0
28675074,Elzbieta,1.0
28686387,Matt,0.0
28689185,Howard,1.0
28695363,Vincent,0.0
28699788,Jacqueline,0.0
28704069,Andrea,0.0
28705308,Becky,0.0
28711371,Richard,1.0
28713878,Eric,1.0
28721431,Alejandro,0.0
28722261,Christy,0.0
28727058,Kanitta,1.0
28727503,Bryce,1.0
28728079,Hoo,0.0
28733969,The Manor Somerset Country Estate,1.0
28739411,Callum,1.0
28746949,Geraldine,0.0
28749712,Hannah,0.0
28750646,M2 Property,0.0
28754110,Tony,0.0
28761566,Chiara,0.0
28767401,Matthew,0.0
28769431,Julie,1.0
28771371,Paul,1.0
28778774,Worapot,0.0
28780449,Four,1.0
28782043,Andrew,0.0
28783279,Daniel,0.0
28786150,Allan,0.0
28788029,Alissara,1.0
28793879,Chiara,0.0
28794479,Stephanie,0.0
28795798,Callum,1.0
28808506,Sunatta,1.0
28808611,Arvi,0.0
28809954,Sani,1.0
28810568,Zak,0.0
28820321,Veronica,0.0
28823427,Anongnad,0.0
28826463,Carlos,0.0
28828434,Mae,0.0
28830739,Victoria,0.0
28831691,Dara,0.0
28834973,Isabella,0.0
28836331,Jade,0.0
28839260,Jay,0.0
28846682,Pinwadee,0.0
28848598,Jessica,0.0
28850121,Carmen,0.0
28852922,Gordon,0.0
28854160,Harriet,1.0
28855170,Fabio,0.0
28860401,Chairin,1.0
28863861,Tommy,0.0
28864211,Janet,0.0
28865253,Watcharain,0.0
28865663,Sanne,0.0
28871645,Audrey,0.0
28872711,Kwang,0.0
28873803,Simon,1.0
28875087,Kelvin,0.0
28878380,Bobby,1.0
28880140,Carol,0.0
28880516,Cathal,1.0
28880530,Piotr,0.0
28884874,Judith,1.0
28899708,Christian,0.0
28901494,Jana,1.0
28906011,Simran,0.0
28906186,Charles,0.0
28917302,Thanyapat,0.0
28919107,Julia,0.0
28929591,Huggie,0.0
28932640,Christopher,0.0
28937165,Alison,1.0
28940597,Brendan,0.0
28954078,Tanya,1.0
28954347,Ishy,1.0
28961121,Diana,0.0
28962374,Mona,0.0
28962897,Ijeoma,1.0
28963438,Joel,0.0
28974754,Beatrice,0.0
28980680,Charles,1.0
28980927,Jane,0.0
28987628,Marcus,0.0
28997878,Fergus,0.0
29001506,Sophie,1.0
29012292,Anthony,1.0
29015815,Paula,1.0
29021494,Zoe,1.0
29024847,Sarah,0.0
29029718,Mark,0.0
29030003,Sara,0.0
29033807,Alex,0.0
29037072,Ad,0.0
29049083,Alexandre,0.0
29059171,David,0.0
29061141,Laura,0.0
29061694,Pinya,1.0
29072488,Elizabeth,0.0
29080278,Matias,0.0
29080853,Faye,0.0
29081791,Eliza,0.0
29086668,Michelle,0.0
29095811,Stéphanie,0.0
29096723,Peter,1.0
29098296,Melanie,1.0
29106779,Joe,0.0
29115407,Lily,0.0
29116599,Claire,0.0
29122527,Anwar,0.0
29125221,Norman,0.0
29126199,Claire,0.0
29127917,Annie,0.0
29130142,Amit,1.0
29130636,Antje,1.0
29138942,Hayley,0.0
29149306,Benjamin Trood,0.0
29159433,Ying,1.0
29161129,Amanda,1.0
29162515,Victoria,1.0
29164037,Ali & Beatrix,0.0
29175580,Harriet,0.0
29175744,Monique,1.0
29183482,Chidem,0.0
29187788,Julia,0.0
29196934,Bella,0.0
29200672,Nevin,0.0
29201068,Vardhan,0.0
29204684,Genevieve,0.0
29206505,Alex,1.0
29207877,Stuart,0.0
29207941,Harriet,0.0
29209395,Michael,0.0
29210246,⁨The Happy Stay Co.⁩,0.0
29211630,Eli,0.0
29212539,Andrew,0.0
29216355,Veraporn,0.0
29217651,Chris,0.0
29223855,Rachel,0.0
29231136,Holly,0.0
29233124,Sofija,0.0
29234838,Katarzyna Anna,1.0
29238619,Anna,0.0
29241292,Catherine,0.0
29241473,Simon,0.0
29247632,Thai Khoon Quincy,1.0
29253662,Helen,0.0
29255936,Oliver,1.0
29261992,Namm,0.0
29269142,Madhu,1.0
29279211,Resh,0.0
29286446,Edward,0.0
29291898,Mei,0.0
29294543,Apinya,0.0
29295253,Apple Wu,0.0
29297095,Nicole,1.0
29304880,Sarah,1.0
29305571,Ivana,0.0
29306579,Rielle,0.0
29317312,Anja,1.0
29346094,Erina Maria,1.0
29352402,Chin,0.0
29355765,Bridgette And Georgina,0.0
29378086,Omar,0.0
29378296,Jacquetta,0.0
29389068,Ethan,0.0
29390733,Nathan,0.0
29394267,Emma,0.0
29394707,Mike,0.0
29396655,Ashley,0.0
29400171,Diana,0.0
29403543,Nero,0.0
29406039,Thiago,0.0
29407671,Eva,1.0
29426040,John,0.0
29428139,Nick,0.0
29430175,Nicole,0.0
29435297,Nicola,0.0
29435774,Camilla,0.0
29436579,Catherine,0.0
29443252,Charlotte,0.0
29444497,James,0.0
29450687,Klaudia,0.0
29458788,Sita,0.0
29466358,Felipe,0.0
29466949,Miki,0.0
29468052,Renie Rosette Hildegard Hannelore,0.0
29468461,Tim,1.0
29469294,Simon,0.0
29472504,Jonathan,1.0
29476566,Amelia,0.0
29485019,Haydn,0.0
29488139,Supatchaya,0.0
29488167,Potae Pongthorn,1.0
29494066,Boonkuer,0.0
29495028,Philip,1.0
29499280,Sam,1.0
29499547,Claire,1.0
29527915,Munevver,0.0
29529925,Timothy,0.0
29531808,Lizzie,0.0
29531982,Josie Van,0.0
29536144,Bianca,0.0
29542957,Cec,0.0
29548294,Betty,0.0
29549588,Patricia,0.0
29550657,Pear,0.0
29552215,Ben,0.0
29553785,Liyah,0.0
29560519,Penny,0.0
29571337,Catherine,0.0
29572506,Gala,0.0
29579391,Caroline,1.0
29582307,Katie,1.0
29586367,Ashley,0.0
29589263,Chunzhi,0.0
29590483,Anne & Bren,1.0
29590662,Grace,0.0
29597031,Jeremy,1.0
29597572,Anna,1.0
29600660,Jah,0.0
29603508,Elizabeth,0.0
29631121,⁨.● Bm⁩,1.0
29639256,Deborah,0.0
29641414,Doris,1.0
29645931,Henry,0.0
29648667,Nicholas,0.0
29657973,Jacquiline Jennifer,0.0
29660663,Panpika,1.0
29660996,Parvesh,0.0
29665711,Antoine,0.0
29665859,Sirithorn & Felix,1.0
29667145,Pratāp,1.0
29670870,Siripan,0.0
29671288,Cheryl,0.0
29673070,Georgia,0.0
29674487,Annie,0.0
29674717,Olivia,1.0
29676589,Emily,1.0
29680339,Alexandra,0.0
29680895,Michael,1.0
29683956,Lucas,1.0
29685153,Mon,0.0
29694207,The Brent,0.0
29709960,Jason,0.0
29710907,Sophie,0.0
29716081,Amy Kimberly,0.0
29724858,Kate,0.0
29725290,Izii,1.0
29725626,Sam,0.0
29725877,Joe,1.0
29726481,Kylie,0.0
29735158,Leo,0.0
29742275,Ari,1.0
29759844,Rishi,0.0
29762492,Deen,0.0
29769376,Bird,1.0
29778081,Jacqui,1.0
29779984,A,0.0
29781572,Aman,0.0
29793615,Masha,0.0
29797043,Raedene Shanel,0.0
29797177,Rebecca,0.0
29798836,Tk,0.0
29801808,Alexander,0.0
29805295,Claudio,0.0
29811034,Constance,0.0
29811107,Damion,0.0
29811860,Alessandra,0.0
29815048,Adam,0.0
29816555,Amber,0.0
29817374,Alessandra,0.0
29819705,Susie,1.0
29821030,Diow,1.0
29823988,Dhawal,0.0
29826920,Tomm Sujinda,0.0
29827763,Cait,0.0
29830045,Jeremy,0.0
29830454,Sue,1.0
29837638,Lincoln,1.0
29846869,Emma,0.0
29852983,Damian,0.0
29861691,Laura,1.0
29865460,Hannah,0.0
29880040,Rebecca,0.0
29883660,Michela,0.0
29888426,Alice,0.0
29889235,Natasha,1.0
29889362,Kate,1.0
29889796,Natasha,0.0
29889818,Bogusia,0.0
29898435,Nina,0.0
29904662,Stay Zone,0.0
29906051,Penny,0.0
29908922,Zeynep,0.0
29911184,Crystal Wang,0.0
29911852,Laura,1.0
29918583,Victoria,0.0
29923261,Sorachai,0.0
29924426,Roy,0.0
29929446,Tom,0.0
29935567,Miss,0.0
29941164,Caroline,0.0
29943317,Chris,1.0
29952693,Jonathan,1.0
29952975,Damien,1.0
29954318,Gloria,0.0
29958402,Mark,0.0
29960444,Peni,0.0
29962970,Karen,0.0
29964589,Adina Apartments,0.0
29966800,Lee,1.0
29981187,Kyra-Marie,0.0
29981757,Mirac,0.0
29992839,Emma,0.0
30000369,Nadia,0.0
30002635,Tim,0.0
30008072,Ellen,0.0
30009436,Skyvilliion,0.0
30010066,Craig,1.0
30012527,Jude,0.0
30012834,Flor,0.0
30019239,Ommi,0.0
30020919,Pathikrit,1.0
30038059,Sumitra,0.0
30041226,Samuel,0.0
30045393,Sarah,1.0
30056364,Raiban,0.0
30060009,Kati,0.0
30066236,Isabella,0.0
30069394,Roxana,0.0
30072765,Christian,0.0
30073559,Rob,0.0
30075514,Lindsay And Minny,0.0
30079251,Zhinnapa,1.0
30091606,Achariya,1.0
30091783,Imogen,0.0
30098289,Tracey,0.0
30113770,Edward,0.0
30117289,Renee,0.0
30118808,Judit,0.0
30123129,Charlotte,1.0
30136876,Rajeev,0.0
30146512,Irma Mercedes,0.0
30146776,Alina,1.0
30170067,George,0.0
30172977,Jack,1.0
30174841,Nc,0.0
30176271,Yvonne,0.0
30183232,Jony,0.0
30189678,Louise,0.0
30190154,Tanja,1.0
30198259,Sam,1.0
30209848,Nick,0.0
30215100,Tammy,1.0
30219460,Kamelia,0.0
30230731,Nick,0.0
30233031,Enea,0.0
30233956,Claire,1.0
30235341,Tahani,1.0
30248475,James,1.0
30249578,Platon,1.0
30253178,Alisha,0.0
30257818,Oliver,0.0
30258042,Caitlin,0.0
30260670,Tri,1.0
30262097,Dr. Supot,1.0
30265026,Koy,1.0
30266023,Vicky,0.0
30275106,Sofia,1.0
30278310,Jack,0.0
30282429,Maris,1.0
30285047,Andre,0.0
30288296,Gerald Perry,0.0
30296549,Tom,0.0
30322134,Annabelle,0.0
30323511,Ziying,0.0
30326159,Ray,1.0
30327161,Aldo,0.0
30327739,Achareeya,0.0
30332182,Jitchaya,0.0
30333421,Orawan,1.0
30341847,James,1.0
30342041,Hannah,0.0
30346281,Angela,0.0
30348949,Preeyaporn,0.0
30353020,Maria,0.0
30362264,Lateef,0.0
30364666,Sarah,0.0
30364999,Mark,1.0
30372423,Edward,1.0
30377736,Stephanie,0.0
30386490,Ndee,1.0
30387753,Mandy,0.0
30393581,Justin,1.0
30396063,Grace,0.0
30396316,Georgiana,0.0
30398407,Gary,0.0
30399625,Fátima,1.0
30406634,Kengcom,1.0
30416633,Tarlochan,0.0
30420739,Aishwarya,1.0
30449007,Candy,1.0
30450332,Thiago,1.0
30451882,Nathan,0.0
30462376,Ben,0.0
30473349,Olga,1.0
30481410,ShuJuan,0.0
30484669,Jay,0.0
30492657,Amit,0.0
30510074,Reshan,0.0
30517784,Winifred Sarah,0.0
30518876,Navavit,0.0
30520124,Michael,0.0
30521051,Tania,0.0
30521100,Prao,0.0
30521216,Celine,0.0
30525057,Sylvia,1.0
30541216,Luke,0.0
30543000,Ed,1.0
30556338,Wan-Ru,0.0
30559832,Jack,1.0
30567753,Waan,0.0
30569936,Siriporn,0.0
30570449,Cameron,1.0
30571121,Lauretta,0.0
30572507,Hugh,0.0
30585314,Belmino,0.0
30596579,Natalie,0.0
30604064,Edward,0.0
30605834,Matt,0.0
30611300,Tom,1.0
30611765,Anindya,0.0
30615108,Nathan,1.0
30618786,Kenneth,0.0
30624742,Abbas,0.0
30626488,Rick,0.0
30626571,Alison,1.0
30626999,Sitara,0.0
30629100,Gary,1.0
30630603,Kathleen,1.0
30639758,Saralee,1.0
30643567,Julian,0.0
30654457,Gill,1.0
30666190,Cesar,0.0
30669496,Louie,0.0
30681713,Neeni,1.0
30685868,Max,0.0
30686988,Gökhan,1.0
30689848,Danny,0.0
30690061,Anna,0.0
30690447,Sea,0.0
30691494,Nastasia,0.0
30702548,Pavlos,1.0
30703925,Leon,0.0
30715787,Bromley Serviced Apartments,0.0
30730221,Marcus,1.0
30731603,Airton,0.0
30738868,Zoe,0.0
30740144,Megan,0.0
30740770,Lisa,0.0
30762449,Alex,1.0
30764905,Anthony,0.0
30775467,Tzara,0.0
30784917,Emily,0.0
30787106,Julian,0.0
30787494,Christita,1.0
30787642,Greig,0.0
30791044,Madestays,1.0
30802323,Maxine,0.0
30803267,Yasmine,0.0
30803805,Angelbaby,0.0
30804644,Terry,1.0
30804740,Justin,0.0
30804786,Ken,1.0
30813124,Apinya,0.0
30825997,Kate,1.0
30830192,Scott,1.0
30831273,Dean,0.0
30834141,Shameem,0.0
30836532,Jelena,1.0
30838349,Will,0.0
30839127,Helen,0.0
30845094,Ian,1.0
30846424,Fenella,0.0
30850799,Sandeep,0.0
30854355,Ilandi & Konrad,0.0
30858794,Edward,0.0
30862601,Berta,0.0
30864177,Mark,1.0
30865342,Dina,0.0
30867569,David,0.0
30868653,Rana,0.0
30874712,Roxanne,0.0
30875863,Flora,0.0
30887444,Annie,1.0
30888579,Catriona,0.0
30890473,Duangduean,0.0
30891211,Snjezana,1.0
30893005,Sophie,1.0
30893195,Luise,1.0
30896527,Anne Sophie,1.0
30900954,Daniel Edward,1.0
30902125,Warunya,0.0
30905908,Joanna,1.0
30908537,Yaksa Private,0.0
30923910,Juhal,0.0
30925367,Ruitao,0.0
30926629,Nico,0.0
30927414,Susan,1.0
30928369,Sam,0.0
30930462,Sudathip,0.0
30931218,Amanda,0.0
30941010,Dora,0.0
30947754,Dani,0.0
30947799,Tanya,0.0
30949469,Elisa,1.0
30970765,Isara,0.0
30971747,Maria,0.0
30973320,Sam,0.0
30975456,Rita,0.0
30984499,Ouidad,0.0
30994664,Isabelle,0.0
30996636,Helen,1.0
30996659,Fiona,0.0
31002627,Estrella,1.0
31006545,Oak,0.0
31009579,Lavender Oaks Studio,1.0
31012005,Weiqiang,0.0
31015595,Linda,1.0
31015834,Natha,0.0
31033165,Tara,0.0
31033516,Olivia,0.0
31038965,Fiona,0.0
31044688,Leanne,0.0
31051347,Suseendran,0.0
31051957,Varayupas,0.0
31053891,Jenny,1.0
31057381,Elizabeth,0.0
31060065,Sara,0.0
31061186,Olly,0.0
31061652,Kim,0.0
31062191,Gemma,1.0
31062793,Adam,0.0
31066062,Robert,0.0
31067479,Alison,0.0
31073444,Justin,0.0
31087123,Arleta,1.0
31087781,Sue,0.0
31089886,Lyla,0.0
31091375,Donatella,0.0
31092775,Katherin,1.0
31095601,Jo,0.0
31095698,Jay,1.0
31098753,Claire,0.0
31099185,Urbain,0.0
31105329,Sani,1.0
31111612,David,0.0
31116176,Karamjit,0.0
31117708,Manabu,0.0
31118181,Kim,0.0
31120799,Carl,1.0
31134784,Ella,1.0
31143638,Amanda,0.0
31145973,Emma,0.0
31152492,Stephanie,0.0
31155812,Bokie,0.0
31163147,Filipi,0.0
31163989,Clarissa,0.0
31170797,Sompit,0.0
31175021,Ann-Marie,0.0
31185004,Alissa,0.0
31188697,Michael,0.0
31190943,Varaporn,1.0
31193224,Konrit,0.0
31194692,Zac,1.0
31198613,Shirley,0.0
31198773,Moni,0.0
31199389,Amir,1.0
31202746,Miriam,0.0
31210864,Pattamawee,0.0
31217103,Nutsinee,0.0
31219968,Ivor,0.0
31222050,Thaísa,0.0
31222810,Jenny,0.0
31223277,Denise And Trevor,1.0
31226577,Harriet,1.0
31228718,Namida,0.0
31230226,Charlie,0.0
31232842,Morwenna,0.0
31237502,Natasha,0.0
31238287,Deb,1.0
31239378,Karolina,0.0
31242347,Sarah,0.0
31245267,Andrea,0.0
31259681,Ashleigh,0.0
31262669,Giuliana,1.0
31265819,Nat,0.0
31276772,Ja,1.0
31279810,Jim,0.0
31281603,Liam And Saskia,0.0
31293485,Mary,0.0
31297364,Mojgan,0.0
31298499,Peter,1.0
31302759,Rebecca,0.0
31314225,Aura,1.0
31315495,Gavin,0.0
31321246,Diego,0.0
31327071,Darren,0.0
31327188,Alessandra,0.0
31331564,Conor,0.0
31333886,Caroline,0.0
31337479,Cynthia,1.0
31339308,Zaneta,1.0
31342360,Colin,0.0
31345544,Chiara,0.0
31346751,Martin,0.0
31347078,Sharon,0.0
31348754,Phanthapha,0.0
31354172,Irina,0.0
31377894,Dani,0.0
31378944,Jade,1.0
31379199,Poe,0.0
31385683,Iona,1.0
31388306,Alicia,0.0
31395508,Yummi,1.0
31400640,Ditte,0.0
31401931,Teddington Lodge,1.0
31404575,Françoise,1.0
31409347,Arash,0.0
31421715,Alexandra,1.0
31425403,Amanda Jane,0.0
31425989,Hamish,1.0
31433439,Hk,0.0
31434394,Angus,0.0
31440080,Aong,1.0
31441986,Yumi,0.0
31442049,Narumon,0.0
31443036,Han,0.0
31446183,Matchbox Bangkok Hostel,0.0
31452414,Preety,0.0
31455874,Izzy,1.0
31461310,Angkavipa,0.0
31461964,Stephen,1.0
31465825,Kasina,0.0
31468278,Oliver,0.0
31476109,Ian,0.0
31477334,Mark,1.0
31491209,Nicola,0.0
31492564,Stephanie,1.0
31498328,Cristina,0.0
31501087,Patrizia,1.0
31511865,Gray,0.0
31517018,Nuttama,1.0
31519619,Amanda,0.0
31520347,San,0.0
31526129,Hannah,1.0
31526845,Roya,0.0
31529773,Ioanna,0.0
31537006,Tony,0.0
31537306,Aud,0.0
31554068,Peeranut,0.0
31558154,Anirut,1.0
31566655,Saowanit,0.0
31567179,Julia,1.0
31571662,Natalie,1.0
31572006,Wen,1.0
31572216,Maria,0.0
31574706,Damla,0.0
31574872,William,0.0
31578609,Catharine,0.0
31580154,Yasmine,0.0
31587378,Andoo,0.0
31601559,Katerina,0.0
31604794,Shaun,0.0
31607089,Roch,0.0
31615209,Virginie,0.0
31616519,Sandra,0.0
31616954,Veriu Randwick,0.0
31620438,El,0.0
31621115,Valmir,1.0
31626073,Nguyet Anh,0.0
31631484,Amelia,0.0
31632376,Matthew,0.0
31637423,Natasha,1.0
31638509,Joanna,0.0
31642015,Lucy,0.0
31645976,Kate,1.0
31646641,Brendan,0.0
31648852,Esther,0.0
31650750,Adam,1.0
31654951,Matthew,0.0
31673255,Amanpreet,0.0
31683883,Sheina,0.0
31685284,Hulya,0.0
31686226,Jaden,0.0
31696828,Kusuma,1.0
31702841,Pitcha,0.0
31703186,Nadja,1.0
31712789,Charles,0.0
31714149,Cerasela,0.0
31715396,Peach,0.0
31715711,Brian,0.0
31718230,Triada,0.0
31719301,Michael,0.0
31732797,Zarni,0.0
31734127,R,0.0
31737827,Cliff,1.0
31741262,Jonas,0.0
31747833,Hannah,0.0
31751264,Caitlyn Daisy Eta,0.0
31762775,Jeremy Son,0.0
31768055,Ken,0.0
31775573,Emily,0.0
31776052,Private House Group .Com,1.0
31776341,Hayley,0.0
31776829,Saima,1.0
31781297,Melanie,1.0
31785866,⁨Kate C.⁩,1.0
31787487,Steffen,0.0
31788168,Gulmi,0.0
31792512,Chamawadee,0.0
31807190,Sam,0.0
31816866,Caitlin,0.0
31818083,Pragna,1.0
31826546,Harry,0.0
31829431,Jenny,1.0
31836358,Anna,0.0
31836943,Mar,0.0
31837621,Yakup,0.0
31839304,Sharon Dale,0.0
31840122,Will,1.0
31843353,Mikaela,0.0
31847956,Ronda,1.0
31849666,Holly,0.0
31853465,Nadine,0.0
31877181,Lara,0.0
31878334,Caitlin,0.0
31884212,Helen,1.0
31892475,Wesley,0.0
31893405,Orawan,0.0
31897291,Ania & Peter,1.0
31909149,Vito,1.0
31911565,Andrea,0.0
31915801,Apinya,0.0
31917626,Manrina,0.0
31920657,Ali,0.0
31931794,Marc,0.0
31944343,Patcharavalai Gib,1.0
31944740,Romain,0.0
31952109,Trinh,0.0
31952811,John,0.0
31964040,Anna,1.0
31965640,Genevieve,0.0
31967332,Astrid,0.0
31971053,Perry,0.0
31975096,Clarence,0.0
31975508,Will,0.0
31981199,George,0.0
31999946,Abigail,1.0
32001162,Fifty Five,0.0
32002908,Jack,0.0
32005378,Claire,0.0
32016875,Jennifer,1.0
32033043,Charlie And Lee,1.0
32034318,Jordan And Isabelle,0.0
32038006,Alex,0.0
32044631,Thienchai,0.0
32047232,Mattaneeya,0.0
32052879,Jessica,0.0
32056405,Sawat,0.0
32056798,Anton,1.0
32064701,Valerie,0.0
32074119,Sergey,0.0
32075018,Tanya,0.0
32079573,Harmeet,0.0
32079624,Eddie,0.0
32080819,Jana,0.0
32084676,Maria,1.0
32085240,Julia,1.0
32101291,Tim Mansion Poshtel,1.0
32102774,Claudia,1.0
32109878,Jo,1.0
32113072,Araby,0.0
32113789,Chaninthorn,1.0
32114449,Hetty,0.0
32123895,Sej,0.0
32126767,Naomi,0.0
32131187,Larissa,1.0
32133106,Guillermo,1.0
32134774,Salar,0.0
32138493,Allys,0.0
32139865,Mensah Hart,0.0
32140575,Christopher Sean,0.0
32143083,Watha,0.0
32147162,Katharine,0.0
32154767,Andrea,0.0
32157377,James,0.0
32165476,Estefania,1.0
32170173,Chayapat,0.0
32175542,Randy And Joanna,0.0
32181011,Stay,0.0
32181492,Georgia,1.0
32187477,Nathalie,0.0
32188933,Jack,0.0
32189074,Ash,0.0
32191717,Knightsbridge,0.0
32193467,Namfon,1.0
32193503,Anti,0.0
32214392,Pash,1.0
32220124,Rapeepaan,0.0
32228294,Kirsti,1.0
32228933,Kate,0.0
32230575,Bradley,0.0
32231651,Robert,0.0
32233767,Steve,0.0
32241110,Hila,1.0
32243589,Rose,1.0
32251099,David,0.0
32251643,Olympia,0.0
32255631,Oscar,0.0
32258887,Sam,1.0
32264660,Alison,1.0
32267027,Z,0.0
32277598,Ankit,0.0
32278919,Harris,0.0
32282979,Michael,0.0
32293003,Lyn,0.0
32300072,Samantha,0.0
32324559,Nick,1.0
32329089,German,1.0
32337279,Amanda,0.0
32391288,James,0.0
32393112,Nathanael,0.0
32405435,Ali,0.0
32407614,Jer,1.0
32423116,HapinestLondon,0.0
32430188,Hannah,1.0
32433941,Kostikas,0.0
32441140,Chen,0.0
32455266,Amy,1.0
32461158,Stefan,1.0
32466343,Martina,0.0
32466469,Katie,0.0
32466688,Laaong,0.0
32474283,Kah,0.0
32480496,Marlon,0.0
32483469,Esther,0.0
32485695,Dani,1.0
32499985,Mary,0.0
32501295,Valentine,0.0
32505658,Natalia,0.0
32506290,Sarah,0.0
32513115,Lara,0.0
32532688,Carolina,0.0
32545805,Vanda Divina,0.0
32553705,Js,0.0
32560895,John-Henry,1.0
32562385,Anna,0.0
32565288,Valentina,1.0
32569716,Malcolm,0.0
32571483,William,0.0
32572026,John,0.0
32572347,Chris,0.0
32573003,Paige,0.0
32573832,Thomas,0.0
32580871,Patima,1.0
32580965,Mark,0.0
32584726,Dale,0.0
32587546,Helen,0.0
32602500,Kerime,0.0
32612587,Marco,0.0
32613798,Iwona Diana,0.0
32617774,Francesco,1.0
32619055,Shahram,0.0
32623278,Cristian,0.0
32631273,Joyce,0.0
32632998,Julie,0.0
32638614,Jf,0.0
32641702,Katarina,0.0
32643654,Alexander,0.0
32644062,Su,0.0
32648283,Candice,0.0
32650596,Pavida,0.0
32652130,Alexa,0.0
32653610,Miss Cay,0.0
32657746,Amelia,0.0
32658714,Tatyana,0.0
32668427,Miranda,0.0
32669124,Cholkanok,0.0
32669130,Isla,0.0
32670027,Charlotte,0.0
32670596,Gabriella,0.0
32672388,Maksim,0.0
32674217,HyunAh,0.0
32679645,Sylvia,0.0
32680827,Mark,0.0
32685571,Richard,0.0
32697565,Rosa,1.0
32702441,David,0.0
32703003,Harriet,0.0
32704928,Nick,0.0
32707951,Cicely,0.0
32723377,Sara,0.0
32727391,Ray,1.0
32734267,Olivia,0.0
32735501,Sally,0.0
32745287,Kat,0.0
32748986,Jennifer,0.0
32752545,Katie,0.0
32755726,Yurapan,0.0
32759360,Marsha,0.0
32766982,Winnie,0.0
32771696,Prasit,0.0
32772707,Anna,1.0
32786533,Bogdan,1.0
32803646,Ez,0.0
32807075,Rain,0.0
32809447,Komol,1.0
32814799,Albina,0.0
32815394,Marcelino,1.0
32815516,Josh,0.0
32821842,PropertyCo,1.0
32831139,Jibran,0.0
32832495,Sarah,0.0
32834564,Asifa,0.0
32835547,Monica,0.0
32839572,Daniel,0.0
32841929,Florence,1.0
32843469,Tim,0.0
32844640,Mary,0.0
32851282,Chelsea,0.0
32858545,Kanyalak,1.0
32862808,Yvonne,0.0
32862998,Jose,1.0
32881762,Alice,0.0
32884023,Jinny,0.0
32887781,Amanda,0.0
32908506,Charlotte,0.0
32908614,Elena,0.0
32911800,Cleo,1.0
32918761,Nana,0.0
32926391,Aleina,1.0
32926651,Alex,0.0
32928357,Mary,0.0
32931981,Kate,0.0
32938686,Jason & Felipe,0.0
32942354,Krystal,0.0
32948393,Nikkie,1.0
32952941,Vk,1.0
32955051,Clara,0.0
32955164,Julia,1.0
32956766,Jade,1.0
32965565,Clive,1.0
32965591,Ali,0.0
32972490,Mehdi,1.0
32976876,Donna,1.0
32977950,Sheila,1.0
32978854,Anji,0.0
32985213,Caroline,0.0
32985261,Krisztina,0.0
32990605,Alice,0.0
32992756,Zera,0.0
32993785,Amporn,0.0
32994985,Prasong,1.0
32996234,Nick,0.0
32996834,Lucien,1.0
32999831,Monica,0.0
33000497,Christina,1.0
33004309,Francesca,0.0
33004562,Sebastian,0.0
33005515,Noah,1.0
33010244,Mrs Dee,0.0
33019907,Kirsten,0.0
33023431,Omer,1.0
33026654,Joseph,1.0
33027710,Diana,0.0
33035505,Carlo,0.0
33035556,Warissara,0.0
33045842,Lisa,1.0
33050093,Brain,0.0
33053299,RPP Management,0.0
33053977,Emma,0.0
33058918,Tim,0.0
33060829,Leon,0.0
33061183,Ugne,0.0
33067806,Peita,1.0
33075288,Nicole,1.0
33079133,Jason,0.0
33086902,Eileen,1.0
33089260,James,0.0
33090872,Robert,0.0
33093491,Domvet,0.0
33097975,Thomas,0.0
33098670,Paw,0.0
33099057,Veronica,0.0
33101434,Senta,0.0
33101629,Qingfeng,1.0
33102183,Petra,1.0
33108107,Nick,0.0
33108974,Johnny,1.0
33118162,Pouria,0.0
33122027,Ken,0.0
33122665,Evelina,0.0
33134073,Yucel,0.0
33140813,Karen,1.0
33148527,Gopal,0.0
33150818,Miriam,0.0
33155962,Chayathorn,0.0
33161103,Siobhan,0.0
33165435,Chatnakorn,0.0
33166414,Parvin,1.0
33171055,William,0.0
33173559,Sarah,0.0
33175541,Paul,0.0
33177161,Mint,0.0
33177587,Olga,0.0
33182163,Martin,1.0
33185775,Emily,0.0
33186297,Katrina,1.0
33187597,Seb,0.0
33188257,Ruslan,0.0
33204641,Heath,1.0
33205305,Suki,0.0
33212371,Marc,0.0
33220483,Mohassin,0.0
33254375,Tommaso,0.0
33256026,Lisa,0.0
33261332,Caroline,1.0
33265192,Lyn,1.0
33270544,Dan,0.0
33279108,Roger & Iris,0.0
33293058,Roland,0.0
33299094,Celine,0.0
33308541,Lisa,0.0
33325403,Andrea,0.0
33327966,Christine,1.0
33339888,Chao,0.0
33357393,Amanda,0.0
33360980,Agnieszka,0.0
33363324,Nicola,0.0
33365245,Pao,1.0
33365279,Dean,1.0
33370589,Dominique,0.0
33375435,Melanie,1.0
33377160,Helen,0.0
33407639,Lucy,1.0
33415718,Tom,0.0
33417940,Paul,0.0
33421573,Stayo,0.0
33426311,Joseph,0.0
33439022,Roosevelt,0.0
33441839,Luk,0.0
33453255,Cleona,0.0
33463125,"Adam, And My Wife Is Roz",0.0
33465721,Kanitta,1.0
33466877,Napat,0.0
33473715,Song Yi,1.0
33474896,Sarah,0.0
33476368,Liza,1.0
33480601,Mark,1.0
33480655,Deborah,1.0
33481887,Cathrina,0.0
33484574,Dream,1.0
33485687,Clare,1.0
33491834,Daniela,1.0
33509808,Beeta,0.0
33510133,Francesco,0.0
33512561,Rosie,0.0
33513254,Victoria,0.0
33517783,Sally,0.0
33518814,Zaahirah,0.0
33524345,Tida Rose,0.0
33525081,Pierre,0.0
33534790,Ash,0.0
33535592,Bert,0.0
33537656,Johnson,1.0
33538150,Lily,1.0
33539273,Pimmada,0.0
33546129,Gabriele,0.0
33548716,Gregory,1.0
33549080,Tim,0.0
33550326,Philip,0.0
33550977,Samantha,1.0
33551375,Jake,1.0
33553239,Cat,0.0
33557891,Graham,0.0
33567908,Kate And Tom,1.0
33568963,Daniel,1.0
33572218,Caitlin,0.0
33572220,Pallavi,1.0
33573893,Alex,1.0
33580320,Daiga,0.0
33581410,Bhavesh,0.0
33581460,Wichy,1.0
33583801,Maky,0.0
33584193,Natalie,1.0
33586119,Crystal,0.0
33586379,Maximus,0.0
33588716,Ebru,0.0
33591557,Annabel,0.0
33596727,Bertram,1.0
33597025,Mitchell,0.0
33606589,Nipha,1.0
33607648,Thanagorn,0.0
33615467,Sandra,1.0
33618835,Nolan,0.0
33620547,Simon,0.0
33622927,Laura,1.0
33625953,Emmy,0.0
33626567,Carla,0.0
33632307,Pooja,0.0
33636865,Martina,1.0
33637553,Pablo,0.0
33639186,Giordano,0.0
33642253,Mishaal,0.0
33642581,Elena,1.0
33642689,Saurav,0.0
33645241,Mike,0.0
33646487,Melanie,0.0
33648272,Jeenie,0.0
33651322,Thipakorn,0.0
33652254,Phil,0.0
33653318,Urban Atelier,1.0
33659738,David,0.0
33665695,Suzy,0.0
33667763,Phil,0.0
33668941,Togay,0.0
33670376,Meire,1.0
33676108,Galal,1.0
33678785,Jane,0.0
33683242,Robert,1.0
33687023,Lucila,0.0
33688635,Amy,0.0
33689493,Sidonie,0.0
33697323,Nina,1.0
33697792,Lucksamon,0.0
33698854,Ana,1.0
33705797,Olivia,0.0
33706984,Jingjing,0.0
33712312,Melody,0.0
33717949,Aidan,1.0
33758262,Anthony,1.0
33764297,Ameya,1.0
33764926,Carolina,0.0
33765528,Gail,0.0
33766824,Caroline,1.0
33771456,Maria,1.0
33774298,Rafael,0.0
33775965,Dimitrija,0.0
33776354,Yumi,0.0
33783928,Serena,0.0
33784087,Sukito,0.0
33786992,Amy,0.0
33787191,Sas,0.0
33790196,Philipp,0.0
33800808,Sasithorn,0.0
33801546,Sonia,0.0
33802089,Jimmy And Doreen,1.0
33802241,Kitty,0.0
33802425,Susie,0.0
33810497,Merve,0.0
33812748,Mary,1.0
33814257,Arabella,0.0
33820596,Sarah,0.0
33836596,Jason,0.0
33843700,Peng,0.0
33854643,Rodrigo,0.0
33857249,James,0.0
33859147,Jeffrey,0.0
33860428,Peta,0.0
33866326,Jenny,0.0
33883833,Carla,1.0
33885570,Turiee,1.0
33887381,Nadia,0.0
33889201,Veeve,0.0
33889567,Isabelle,1.0
33889752,Nadia,0.0
33893408,Thao,1.0
33894527,Wasin,0.0
33896038,Mariah,0.0
33900173,Anna,0.0
33909205,Pgpiggy,0.0
33913374,Steven,0.0
33916587,Carlotta,0.0
33916981,Jamie,0.0
33938201,Tony,0.0
33943350,Pintian,0.0
33954745,Tatinut,1.0
33955882,Lis,0.0
33958626,Fernando,0.0
33960555,Prabha,0.0
33961000,Kristiane,0.0
33961167,Heather,0.0
33965065,Laura,1.0
33965389,Jack,0.0
33965462,Elizabeth,0.0
33979339,GuestReady,0.0
33981642,Stamatis,0.0
33984346,Samir,1.0
33985517,Dave,1.0
33988653,Yi,1.0
34004704,Tim,0.0
34004778,Roslyn,0.0
34005471,Joanna,1.0
34009682,Brendan,1.0
34016364,Justin,0.0
34018827,Lynn,0.0
34022114,Guy,0.0
34022205,Kwan,1.0
34023294,Anaïs,1.0
34024607,Amelia,0.0
34027038,Fabricio,0.0
34028501,Mami,0.0
34034246,Dom,0.0
34043215,Jason,0.0
34044060,Felix,1.0
34046664,John,0.0
34050695,Ana Carolina,0.0
34070281,Jane,1.0
34072020,Anucha,0.0
34075041,Au,0.0
34078120,Sayamal,0.0
34079397,Ben,1.0
34086903,Michael,1.0
34091698,Vicki,0.0
34101495,Lucy,0.0
34103607,Katie,0.0
34105211,Demet,1.0
34120126,Joshua,0.0
34120722,Lucinda,0.0
34130999,Armin,1.0
34133307,Sophie,1.0
34153099,Luo,0.0
34155307,Amethyst,1.0
34163042,Michael & Lynda,0.0
34168840,Supacharee,1.0
34173971,Lisa,0.0
34177374,Paul,0.0
34184611,Sharon,1.0
34198758,Max,0.0
34208296,Oonagh,0.0
34208771,Lorraine,0.0
34248641,Chadaruch,0.0
34251322,Sophie,0.0
34252239,Jay,0.0
34255443,Simon,0.0
34263584,Georgina,1.0
34288082,Sinéad,0.0
34299609,Charlotte,0.0
34300533,Giles,1.0
34301759,Iddy,0.0
34314603,Jesús,0.0
34317612,Gabriel,0.0
34319354,Han,0.0
34322492,Ben,1.0
34327373,Susy,0.0
34340577,Melisa,0.0
34347164,Lily,0.0
34349063,Belle,1.0
34349317,Yvonne,0.0
34359250,Jacob,0.0
34365256,Noa,0.0
34366816,Lize,1.0
34370102,Candy,0.0
34375894,Stephen James,0.0
34384704,Shreyash,1.0
34386047,Alice,0.0
34391614,Mide,0.0
34409478,Rebecca,0.0
34415433,Pat,1.0
34415994,Olya,0.0
34427736,Jane,1.0
34428894,James,0.0
34429455,Adam,0.0
34433493,Hadrien,0.0
34439941,Bhavini,0.0
34444916,Ye,0.0
34445039,Danny,0.0
34445236,Justyna,0.0
34445793,Christine,1.0
34458610,Will,0.0
34458919,Silvia,1.0
34461070,Charlotte,0.0
34461307,Aryan,1.0
34469488,Beatrice,0.0
34469847,Anne,1.0
34487626,Susan,0.0
34490141,Joy,0.0
34499789,Alexander,0.0
34500352,Arsalan,1.0
34501664,James,0.0
34502260,Gizem,0.0
34503647,Donruedee,0.0
34505229,Yas,0.0
34505619,Nichapark,0.0
34507689,Shaunak,0.0
34510826,Kerry,0.0
34514000,Howard,0.0
34514781,Caroline,0.0
34522463,Giovanni,0.0
34528822,Emre Can,0.0
34532623,Georgios,1.0
34532996,Clare,0.0
34539720,Charlie,0.0
34541071,Jenny,0.0
34542941,Paula,0.0
34542949,Allegra,0.0
34550440,Mimy,0.0
34564505,Luke,0.0
34565927,Marian,0.0
34574957,Jennifer,1.0
34578997,Richard,0.0
34588368,Nicole,1.0
34592040,Antonia,1.0
34595207,Patrick,0.0
34598339,Angela,1.0
34602394,Denise,0.0
34605010,Sam,0.0
34605765,Rory,0.0
34607746,Sarah,1.0
34610247,ชลธิชา,0.0
34621345,C-Chingg,0.0
34622047,Strephon,0.0
34626294,Akhrin,0.0
34627043,Simon,0.0
34629265,Dariusz,1.0
34632379,Christen,0.0
34637176,Amanda,0.0
34645680,Ari,0.0
34659747,Yvonne,0.0
34665223,Linda,1.0
34673665,Milla,0.0
34674164,Kirsten,0.0
34674205,Federica,1.0
34676202,Paul,1.0
34678624,Sunny,0.0
34678799,Beatrice,1.0
34679907,Antonio,1.0
34680230,Bay,0.0
34687655,Riddhika,1.0
34705309,Korraphat,0.0
34705877,Karen,1.0
34706397,Matthew,0.0
34707493,Susan,1.0
34711769,Annabelle,0.0
34712694,Raymond,1.0
34715653,Vallee,0.0
34720801,Margaux,0.0
34721297,Lina,0.0
34721666,Alison,0.0
34727847,Phou,1.0
34729694,Francesca,0.0
34730718,Isabella,0.0
34737794,Chris,1.0
34739494,Santiago,0.0
34746651,Takako,0.0
34748934,Nut,1.0
34757754,Gabriel,0.0
34768846,Alexander James Leonard,1.0
34769575,Patrick,1.0
34795931,Kim,0.0
34798084,Lilee,0.0
34805848,Dimitra,0.0
34807523,Amity,1.0
34808756,Paula,1.0
34811062,Emma,0.0
34812335,Emily,0.0
34814475,Juneia,0.0
34814979,Richard,0.0
34821768,David,0.0
34821853,Joanne,0.0
34842096,Aimee,0.0
34854047,Resham,0.0
34861118,Mariam,0.0
34872196,莉,0.0
34875904,Narelle,1.0
34880454,Oana,0.0
34885144,Bernie,0.0
34886179,Angelique,0.0
34886679,Pooja,0.0
34886878,Guy,1.0
34890084,Christine,1.0
34891764,Alice,1.0
34901157,Paulina,0.0
34905680,Sonoo,1.0
34905782,Laurent,0.0
34906825,Krisztina,1.0
34923193,Claire,1.0
34944584,Sophie,0.0
34967653,Meral,1.0
34972598,Bethania,0.0
34974727,Ben&Jenya,1.0
34978274,Stuart,0.0
34978408,Grant,0.0
34980965,Dean,1.0
34984029,Katherine,1.0
34992484,Wendy,0.0
34992806,Leah,0.0
35015636,Tina,0.0
35021451,Ayman,0.0
35025475,Jorge,0.0
35036781,Lily,0.0
35043615,Susie,1.0
35044802,Gill,0.0
35047322,Gulcan,1.0
35052734,Emily,0.0
35053498,El,0.0
35054805,Laura,0.0
35056429,Josef,1.0
35057345,David,1.0
35064668,John,0.0
35067059,Gulnaz,0.0
35068115,Shirley,1.0
35068410,Gv,0.0
35071787,Ling,0.0
35072652,Don,0.0
35073104,Carrie Blackman,0.0
35076388,Theo,0.0
35082871,Ed,0.0
35085228,Shaun,0.0
35093553,Julianne,0.0
35094127,Gemma,0.0
35106623,Anna,0.0
35107413,Estela,1.0
35112478,Ping,1.0
35114397,Laura,0.0
35116827,Damon,0.0
35120920,Yvonne,1.0
35133904,Athena,0.0
35142284,Michael,0.0
35147992,Viktor,0.0
35154411,Aekaphol,0.0
35162182,Cham,1.0
35175430,Simon,0.0
35175579,Annabel,0.0
35176812,James,1.0
35179870,Rob,1.0
35181473,James,0.0
35185070,Sophie,0.0
35193562,Tracy,0.0
35206013,Thananrat,1.0
35207806,Amy,0.0
35218391,Lalita,0.0
35221805,Tom,0.0
35226881,Tania,0.0
35237444,Wayne,0.0
35243389,Michela,0.0
35244103,Ben,0.0
35248403,Ana Maria,1.0
35253198,Greg,1.0
35260087,Sally,0.0
35265749,Michele,1.0
35266420,Oredola,0.0
35268927,Emma,0.0
35271816,Alexandra,0.0
35273466,Jessica,1.0
35290496,Holly,0.0
35294267,Breadfruit Properties,1.0
35296980,Kate Scarlet,0.0
35301962,Pantakarn,0.0
35308662,Natalia,1.0
35314305,Luz,1.0
35316592,Ben,1.0
35328792,Lara,0.0
35331730,Lindsay,0.0
35335822,María,0.0
35345690,Teowai,0.0
35346626,Hoa,0.0
35351106,Hugh,0.0
35352493,Diana,1.0
35356361,Céline,1.0
35356849,Louise,1.0
35361549,Soph,0.0
35363794,Fiona,0.0
35363825,Sally,1.0
35370673,Sarunyaphak,1.0
35370944,Charlotte,0.0
35372185,Phil,0.0
35376027,K 2 G Apartments,0.0
35380534,Elen,1.0
35382932,Amy,1.0
35393734,Alexandre,0.0
35395552,Tanya,0.0
35413680,Daniel,0.0
35417058,Miguel,0.0
35424006,A,1.0
35424755,Robin Door,0.0
35426344,Moon,0.0
35444171,Lucas,0.0
35444289,Nks,1.0
35455949,Toby,1.0
35461559,Silvia,0.0
35462863,Paul,0.0
35462876,Wuthiphon,0.0
35464225,Sarah,0.0
35465889,Jasmine,1.0
35470496,John,1.0
35470952,Emma,0.0
35483886,Fred,0.0
35489610,Tamasine,0.0
35511418,Vanisha,0.0
35512005,Hong,0.0
35523890,Linda,0.0
35526898,Nicole,1.0
35536943,Ross,0.0
35536966,Jordan,0.0
35538788,Melinda,0.0
35548591,Hannah,0.0
35553652,James,1.0
35560889,Cate And Alistair,0.0
35569882,Gary,0.0
35579243,Victoria,0.0
35580671,Tatjana,0.0
35583045,Julian Thomas,0.0
35600029,Carl,1.0
35604942,Andrew,0.0
35608471,Negar,1.0
35608517,Cheongchai,0.0
35614097,Olivia,0.0
35614551,Salvatore,0.0
35623909,Wanqing,0.0
35624977,Anne,0.0
35625155,Jonathan,0.0
35625518,Mira,0.0
35649810,Christo,1.0
35659888,David & Leighann,0.0
35677261,Simon,0.0
35679183,Rhiannon,0.0
35681435,Diana,1.0
35694725,Melissa,0.0
35699514,Alexander,0.0
35708842,Christian Evert,1.0
35709443,Pashtewan,0.0
35709528,Zoe,0.0
35711231,Jessica,1.0
35722843,Karina,1.0
35728731,Calvin And Nikki,1.0
35729655,Steve,0.0
35730408,Kiran,0.0
35734357,Jacob,1.0
35742595,Kontrikova,0.0
35748529,Helen,1.0
35751255,Sarah,0.0
35754800,Stan,0.0
35754890,Nicholas,1.0
35755250,Andrew,0.0
35757165,Jo,0.0
35761298,Michael,1.0
35762491,Kathrin And Marc,0.0
35765660,Lauren,0.0
35787309,Amber,0.0
35794593,Stephanie,1.0
35795397,Naomi,1.0
35798934,Jo,0.0
35800902,Fabiano,1.0
35808151,Martin,0.0
35808809,Mazz,0.0
35812846,Leyla,0.0
35815071,Jixian,0.0
35816183,Sabina,0.0
35816225,Donatella,0.0
35819254,Suze,0.0
35821570,Vinod,0.0
35833952,Pp,0.0
35842774,Clare,1.0
35847018,Sadek,1.0
35853406,Joseph Nicholas Campbell,0.0
35858644,Jeremy,0.0
35868862,Chana,0.0
35881884,Raquel,0.0
35890581,Siri,0.0
35899544,Raphael,0.0
35902113,Ali,0.0
35906720,Ann,0.0
35908146,Dynn,0.0
35910969,Miriam,1.0
35913904,Sonny,0.0
35915915,Gbenga,0.0
35923165,Glen,1.0
35923444,Khunnee,0.0
35923834,Roslyn,1.0
35929661,Andre,0.0
35936798,Vandana,0.0
35940770,Lara,0.0
35945871,Lottanna,0.0
35950084,Gemma,0.0
35953882,Paul,0.0
35964394,Henrietta,0.0
35965279,Rosie,1.0
35984727,Brian,1.0
35984905,Ben,0.0
35986141,Martyn,0.0
35991321,Rosie,0.0
35991484,Johan,1.0
35993254,Olivia,0.0
36002302,Pakinee,1.0
36009950,Sunny,1.0
36014737,Katrina,1.0
36025153,Sabreena,1.0
36029426,Lynsey,1.0
36032634,Dulce,0.0
36034865,Ackravat,0.0
36043165,Janet,1.0
36046851,T,1.0
36050851,Jay,0.0
36056545,Faye-Lara,0.0
36073989,Sally,0.0
36076948,Lily,0.0
36077458,Rob,0.0
36099862,Charles,0.0
36102481,Maria,1.0
36106002,Tom,1.0
36107319,Irene,0.0
36110258,V,0.0
36111425,Nubia,1.0
36115519,Polly,0.0
36117949,Elena,1.0
36121249,Sinem,0.0
36126664,Traveler,1.0
36132307,勇,0.0
36132581,Dina,0.0
36134779,Julia,1.0
36166287,Timothy,0.0
36173056,Sue,1.0
36186110,David,1.0
36194737,Chandana,1.0
36196974,Moni,0.0
36198303,Fay,0.0
36199099,Emily Lynn,0.0
36202694,Pammy's,1.0
36205864,GuestReady,1.0
36212349,Sabahat,1.0
36213383,Hana,0.0
36214054,Patricia,0.0
36215530,Geoffrey Miles,0.0
36231377,Paige,1.0
36232491,Helle,1.0
36232723,Chris,1.0
36244461,Peter,0.0
36257537,Konstantin,1.0
36259534,Filipa,0.0
36262172,Myhomeisyours,0.0
36266514,Yan,0.0
36285550,Naomi,1.0
36286281,Alexander,0.0
36292277,Parsa,0.0
36304442,Ben,1.0
36313213,Yaowanee,1.0
36318033,Yj,1.0
36318494,Paul,0.0
36320694,Martina,1.0
36323730,Nijaporn,0.0
36324473,Premika,0.0
36327170,Emma,1.0
36329336,Cristina,1.0
36332548,Robson,1.0
36333248,Cheetah,1.0
36333824,Dennis,1.0
36335667,Zarah,0.0
36341252,Michael,0.0
36341472,Suebchat&Sirada,1.0
36346206,Valerie,0.0
36346675,Ewa,1.0
36349293,Joanna,0.0
36355198,Oguzhan,0.0
36355568,Dawn,0.0
36359194,Sacha,0.0
36360449,Phongsiri,0.0
36364476,SIX MJ Rentals,0.0
36373101,Lili,0.0
36374831,Nisma,0.0
36376902,Craig,0.0
36377148,Roseanne,1.0
36380030,Jasmine,1.0
36382475,Yusra,0.0
36393772,Boonchai,0.0
36395631,Nicola,0.0
36397911,Felicity,0.0
36401443,Taak & Vora,1.0
36401779,Hila,0.0
36404387,Gizem,1.0
36406331,Julija,0.0
36410108,Megan,0.0
36410227,Quirin,0.0
36414549,Lena,0.0
36424661,Ingyadapachra,0.0
36424698,Viewii Siraprapha,0.0
36429666,Chacha,0.0
36429855,Jide,0.0
36456875,Benoit,1.0
36457075,Natasha,0.0
36464176,Tommaso,0.0
36470306,Tim,0.0
36477799,Lucas Lin,0.0
36485260,Claudia,0.0
36490731,Maria Elena,1.0
36493073,Chayapol,0.0
36500935,Zoe,1.0
36508014,Eli,0.0
36508311,Silvia,0.0
36514750,Judith,1.0
36516575,Jonathan,0.0
36519643,Genie,1.0
36523852,Edith,0.0
36528467,Julián,0.0
36528521,Robertson,0.0
36537973,Rene,1.0
36545547,Yasmina,1.0
36546201,Peter,0.0
36559542,Elineia,1.0
36561425,Sara,0.0
36565805,Anna,0.0
36575079,Connor,1.0
36580450,Joanne And Julian,0.0
36581903,Mannie,0.0
36583667,Isobel Catherine,0.0
36584333,Anne,0.0
36588891,Sergio,1.0
36598546,Albert,1.0
36600413,Lea,1.0
36603143,Serena,0.0
36604057,Anna,0.0
36604734,Vahakn,0.0
36607762,Geraldine,1.0
36610293,Martin-Louis,1.0
36612286,Ailada,1.0
36613587,Martin,0.0
36614308,Suzy,1.0
36617113,Kylie,0.0
36620875,Nicholas,0.0
36629338,Polly,0.0
36644050,Jaimee,1.0
36644173,Jean Francois,1.0
36644963,Athiwit,0.0
36645347,Josie,1.0
36651709,Heneage,0.0
36658681,Byron,1.0
36670688,Hannah,1.0
36673505,⁨M.⁩,0.0
36680067,Dave,0.0
36684130,Tasha,0.0
36684167,Jenny Katherine,0.0
36686086,Chalayut,0.0
36688598,Samantha,0.0
36694417,Amrinder,0.0
36712011,Ray,0.0
36712091,Natalie,1.0
36716878,Filippo,1.0
36720966,Donna,0.0
36735762,Tony,0.0
36737204,Amit,0.0
36741202,Tom,1.0
36750789,Kusalin,0.0
36761554,Luca,0.0
36774355,Pablo,0.0
36780396,Peyman,1.0
36793979,Dylan,0.0
36794843,Na,0.0
36808034,Lalana,1.0
36811248,Polly,0.0
36812183,Ceara,0.0
36813865,Matheus,0.0
36814125,Geraldine,1.0
36815167,Mike,1.0
36818617,My London,0.0
36821669,Luke,0.0
36821945,Neeraj,0.0
36832931,David,1.0
36833988,Susan,1.0
36845435,Anthony,0.0
36847966,Tuba,0.0
36849557,Tristan,1.0
36852418,Sunny,0.0
36856946,Matt,0.0
36861027,Patiphat,0.0
36877594,CP Stays,0.0
36879124,Alexander,0.0
36883136,Marcus,0.0
36891775,Ci Ci,0.0
36892989,Dana,0.0
36900518,Heidi,0.0
36901754,Hany,0.0
36917031,⁨พิชาพัทธ์⁩,0.0
36917464,Christine,1.0
36920552,Rocio,0.0
36922891,Merrilyn,1.0
36928080,Elham,1.0
36929438,Andy,0.0
36930863,Michael Maynard William,0.0
36938545,⁨Rhana (Nat)⁩,1.0
36941021,Jacob,0.0
36941195,Jenny,0.0
36942148,Olufunke,0.0
36948057,Rachel,1.0
36950118,Marta,0.0
36952125,Brent,0.0
36955621,Nicha,1.0
36956178,Agnieszka,0.0
36965826,Ruth,0.0
36966698,Nana,0.0
36977849,Pascal,0.0
36984890,Gaurav,0.0
37006544,Fiona,1.0
37013810,Ayuk,0.0
37026316,Kranthi,1.0
37026442,Sarrah,1.0
37027953,Mariolina,0.0
37038297,Ailís,1.0
37041573,Kusuma,0.0
37045413,Yaa,1.0
37056489,Will,1.0
37059211,Marie,1.0
37060646,Justin,1.0
37060825,Juliana,0.0
37074936,Karen,1.0
37079205,Amie,0.0
37082100,Prattana,1.0
37090208,Paul,0.0
37093188,Lucy,1.0
37093955,Linda,1.0
37098642,Travis & Shauna,1.0
37106177,Freda,0.0
37106760,Benjamin,0.0
37112337,Juan Pablo,0.0
37117135,Julie,1.0
37120852,Polona,0.0
37122577,Claudia,1.0
37123582,Simone,0.0
37134630,Ana,0.0
37135412,Thanakrit,0.0
37139990,Ellie,0.0
37157789,Kieran,1.0
37177027,Robert,0.0
37184797,Yunus,0.0
37193606,Sydney Short Term Rentals,1.0
37194944,JJ Suites,1.0
37201006,Emrys,0.0
37204331,Judah,0.0
37211028,Karina,1.0
37211444,Heidi,0.0
37221578,Jadelin,0.0
37225700,Chani,0.0
37228921,Nichcha,0.0
37233767,Kate,1.0
37239633,Lucy,0.0
37248317,Theodora,0.0
37248811,Louise,0.0
37249729,Paula,0.0
37268155,Bronwyn,1.0
37270093,Severine,0.0
37284010,Kp,1.0
37294994,Robbie,0.0
37298136,Fatos,1.0
37301654,Stephen,0.0
37301825,Rachada,0.0
37303176,Vlad,0.0
37306942,Kaymumaki,0.0
37309529,Laura,1.0
37325852,Anton,0.0
37335144,Eleonora,1.0
37337169,Shay,0.0
37343920,Marta,0.0
37348356,Thomas,0.0
37370741,Viren,0.0
37385465,Miranda,1.0
37388341,AdeTunji,0.0
37389162,Benjamin Boris,1.0
37393214,Tina,0.0
37398141,Hail,1.0
37400240,⁨Alpphy5⁩,0.0
37404368,Laszlo,0.0
37405598,Charlotte,0.0
37408973,Suchalee,1.0
37423068,Fatima,0.0
37429530,Andrea,0.0
37434746,Aviram,1.0
37434837,Danial,1.0
37435821,Philippa,0.0
37436872,Michael,0.0
37440334,Craig,1.0
37441138,Amanda,1.0
37449142,Lola,0.0
37451680,Benjamas,1.0
37452570,Vanessa,1.0
37460573,Kashif,0.0
37462999,Melanie,1.0
37465400,Supreet,0.0
37467786,Wim,1.0
37486288,Thirzie,0.0
37487667,Lucy,0.0
37495551,Claire,0.0
37501922,Milen,0.0
37516628,Jo,1.0
37519955,Ekant,0.0
37527723,Chanon,0.0
37534354,Sasha,0.0
37534445,Thanchaya,0.0
37539060,Moran,0.0
37541890,Julien,1.0
37548814,Jira,0.0
37555079,Robert,0.0
37556425,Maria,0.0
37559360,Jono,0.0
37561117,Melinda,0.0
37563463,Joivy Scotland,0.0
37565353,Sabil,0.0
37567351,Numpol,0.0
37573429,Grant,1.0
37580317,Tib,0.0
37593730,Helene,0.0
37599300,Oliver James Barham,0.0
37614580,Judyta Maria,0.0
37629345,Will,1.0
37634791,Amanda,1.0
37635527,Eleanor,0.0
37636399,Prudence,1.0
37638595,Lulu,1.0
37638688,Carolyn,1.0
37655286,Maria,0.0
37656628,Beam,0.0
37658986,Chantelle,0.0
37663696,Jenny,1.0
37668161,Linda,0.0
37670528,Tita Maxine,0.0
37681262,Saba,0.0
37687029,Piyawat,0.0
37696056,Roselin,1.0
37698561,Craig,1.0
37706145,Louise,1.0
37717022,Kevin,0.0
37720898,David And Lara,0.0
37721790,David,0.0
37742608,Atena,0.0
37746076,Fah,1.0
37749330,Nune,0.0
37749512,LuxurySuitesAsia,0.0
37750470,Alex,0.0
37754220,Matthew,0.0
37756053,Gabriela,0.0
37762034,Sharmin,0.0
37764077,Bua,0.0
37777721,Sophia,0.0
37779126,Aleata,0.0
37779893,Simone,0.0
37788197,Echo,1.0
37790034,Wut,0.0
37791888,Aleksandar,0.0
37795457,Farhad,0.0
37815453,Jo,0.0
37820041,Albion,0.0
37829148,Carole,0.0
37836665,Anne,1.0
37854573,Sam,0.0
37861849,Sirinthorn,1.0
37863745,Aine,0.0
37872773,Holly,0.0
37894311,Camilla,1.0
37954370,Wachiraporn,0.0
37959094,Bo,1.0
37961673,Rebecca,0.0
37962723,Anuthep,1.0
37971064,Christopher,0.0
37977481,Katerina,1.0
37979700,Francesca,1.0
37980633,Ahad,1.0
37983112,Simon & Sue,1.0
38023011,Jerome,0.0
38024343,Edward,0.0
38033867,Mark - มาร์ค,1.0
38047610,Pom,0.0
38064593,Marina,1.0
38071101,Nesimi,0.0
38085328,Pimmy,1.0
38092494,Tanja,0.0
38092798,Ronita,1.0
38094089,Elizabeth,0.0
38096921,Nick,0.0
38126726,Nink,1.0
38128413,Tanid,0.0
38141476,Kasey,0.0
38142089,Kate,1.0
38142406,Christopher,0.0
38143826,James,0.0
38147991,London City Stays,0.0
38150285,Raz,1.0
38160130,Macrina,0.0
38161703,Sandra,1.0
38162590,Sel,0.0
38163554,Queenbee,0.0
38173100,An,0.0
38180912,Alejandra,0.0
38187883,Jazmin,0.0
38197607,Jo,0.0
38203131,Sirinda,0.0
38214855,Sununtha,1.0
38224560,Nicholas,1.0
38228774,Marc,0.0
38230267,Hotwani,0.0
38233637,Trent,1.0
38234268,Anne-Sophie,0.0
38235360,Reha,0.0
38238937,Héctor Miquel,0.0
38239259,Leona,0.0
38242901,Janetta,0.0
38244342,Vera,1.0
38244581,Dara,0.0
38247936,David,1.0
38255415,Rebecca,0.0
38261174,Emma,0.0
38262998,Elizabeth,0.0
38263874,Anna,0.0
38278585,Matt,0.0
38281009,Skarleta,0.0
38283091,Isabella Bruni,0.0
38283457,Kylie,1.0
38283793,Thomas Tresilian,1.0
38294246,Chris,1.0
38297120,Oracha,0.0
38313544,Gary,1.0
38315842,Sabrin,0.0
38316292,Surapap,0.0
38317138,Hannah,0.0
38317522,Al,1.0
38318734,Varry,0.0
38321692,Bee,1.0
38329024,Melissa,0.0
38332795,Nixon,0.0
38333926,Sarah,0.0
38334118,Hassan,0.0
38346865,Rochana,0.0
38352087,Emre,0.0
38353901,⁨Angela 'Samantha'⁩,0.0
38358803,Marialuisa,0.0
38363155,Carlos,0.0
38368371,Arminda,1.0
38381773,Aimee,0.0
38382048,Alicia,0.0
38382256,Marnie,0.0
38388352,Julius,0.0
38402261,Tarik,1.0
38403758,Andrina,1.0
38406539,Anja,1.0
38416297,Naya,1.0
38420313,Gaia Ines,0.0
38429299,Yiting,0.0
38433145,Tash,0.0
38433269,Ellie,0.0
38460539,Uday,0.0
38464732,Hannah,0.0
38470402,Carl,1.0
38470528,Sandra,0.0
38474550,Sabina,1.0
38478183,Guest Realty,1.0
38488773,James,0.0
38493656,Douglas,1.0
38502615,Mahmood,1.0
38506657,Jenisara,0.0
38507033,Niamh,0.0
38512891,Pong,1.0
38517784,Khaled,0.0
38518306,Ben,1.0
38519657,Yongmei,0.0
38537344,Mika,0.0
38537503,Wonyul,0.0
38542352,Michael,0.0
38556015,Harrison,0.0
38566836,Paul,0.0
38569692,Foca Ofer,1.0
38584031,Stacy,0.0
38594240,Andy,1.0
38596403,Reba,0.0
38602066,Shahram,0.0
38633586,Anna,0.0
38638520,Max,0.0
38644643,Jem,0.0
38645322,Antonio,1.0
38651666,Dean,0.0
38654848,Stefano,0.0
38659806,Bank,0.0
38663558,Nathalie,0.0
38671327,Holly,0.0
38677674,Barry,1.0
38682559,Sean,0.0
38686657,Alexander,0.0
38687394,Sara,0.0
38692956,Michelle,0.0
38697905,Lesa,0.0
38705947,Fiona,1.0
38713663,Lucy,1.0
38729754,Frieda,0.0
38729873,Sophie,0.0
38732336,David,1.0
38735028,Can,0.0
38735831,Ali,0.0
38736674,Alexis,0.0
38742890,Liang,1.0
38747416,Franz,1.0
38757344,Shan,0.0
38765049,Matthew,0.0
38771371,John,0.0
38776117,Martin,1.0
38777592,Ineta,0.0
38782255,Poom,0.0
38787520,Tara,0.0
38803057,Kam,1.0
38811087,Andy,0.0
38817569,Amanda,0.0
38817577,Antonina,1.0
38823948,Syed,0.0
38828013,Nicola,0.0
38835761,Nhan,1.0
38847338,Gyula Laszlo,0.0
38847505,Lucky,0.0
38851959,Kai,1.0
38853329,Jessica,0.0
38854306,Eve,0.0
38871731,James,0.0
38872523,Brett,0.0
38880239,Cathryn,0.0
38882087,JoaRees,0.0
38895350,Mike,0.0
38905530,Elaine,0.0
38907105,Katie,0.0
38907468,Rob,1.0
38919685,Mita,0.0
38926553,Eugenio,0.0
38927361,Adriana,0.0
38942461,Stephen,0.0
38957469,Anna Olrik,0.0
38959349,David And Carole,1.0
38963087,Sal,0.0
38984557,Pattanakrich,1.0
38990297,Stefanie,1.0
38992516,Cathy,0.0
38994375,Nicolas,0.0
38994543,Seb,0.0
38994842,Nic,0.0
38995366,Diego,0.0
38995727,Chayuth,1.0
38998033,Oliver,0.0
39001011,Jirapat,0.0
39003610,Julia,0.0
39009854,Forough,0.0
39017833,Harry,1.0
39025103,Peter,1.0
39042147,Nestor,0.0
39052191,Saoirse,0.0
39055623,Bruce,1.0
39067109,Agnese,1.0
39067991,Michelle,0.0
39070784,K,0.0
39073497,Anna,1.0
39084902,Kunita,1.0
39088586,Supoj,1.0
39104048,Jessica,0.0
39106330,Dena,0.0
39106804,Chloe,0.0
39114028,Rachel,1.0
39118090,Eduardo,0.0
39118742,Emma,1.0
39125314,Thomas,1.0
39127831,Andy,1.0
39128053,Phoebe,0.0
39166955,Gary,1.0
39169555,David,0.0
39176869,Ange Michael,0.0
39182457,Marina,0.0
39206118,Vilgailė,0.0
39212690,Laura,0.0
39214297,Sophie,0.0
39215308,Annabel,0.0
39215595,Genevieve,0.0
39224521,Sakkarin,0.0
39227325,Daniel,1.0
39234450,Ysk,0.0
39234812,Lene,1.0
39244141,Gabriella,0.0
39247484,Steven,1.0
39254576,Mark,0.0
39259503,Wanisaya,0.0
39263580,Matt,0.0
39264005,Kula,0.0
39267377,Adel,0.0
39270543,Tara,1.0
39275392,Sonali,1.0
39277947,Steve Jonathan,0.0
39282722,James,0.0
39284881,Daniel,1.0
39284938,Brigita,0.0
39289318,Kathryn,1.0
39289926,Tiffany,0.0
39290693,Callum,0.0
39291042,Clym,0.0
39326627,Lucia,0.0
39326643,Fran,0.0
39327192,Johno,0.0
39327303,Cristian,1.0
39328611,Marise,0.0
39331379,Giorgio,0.0
39338867,Jonathan,1.0
39339656,Leo,0.0
39342169,Gladys,0.0
39344908,Martina,0.0
39345378,Helen,0.0
39347346,Tamolwan,1.0
39348347,Edgar,0.0
39349956,Mariasole,0.0
39350789,Gabriella,0.0
39360977,Oakwood BnB Heathrow,1.0
39361753,Zsu,0.0
39379769,Jesse,0.0
39385144,Maddalena,0.0
39388519,Grace,0.0
39398746,Jean-Christophe,0.0
39403829,Angie,1.0
39409732,Krzysztof,0.0
39418287,Susanne,0.0
39421937,Izabela,1.0
39422938,Clare,0.0
39425629,Carl Dreamzs,0.0
39432198,Sara,0.0
39445976,M,0.0
39447678,Ton,0.0
39450269,Jane,0.0
39459413,Neil,1.0
39465503,Leyla,0.0
39470410,Angela,0.0
39472961,Sally,0.0
39485522,Andy,1.0
39487575,Saifon,1.0
39491831,Pavlos,1.0
39494768,Nohora,0.0
39495086,Nicole,1.0
39506513,Catherine,1.0
39508431,Kevin,0.0
39526399,Khajornsak,0.0
39526461,Emilie,0.0
39527430,Michael,1.0
39528507,Michael,0.0
39529236,Philipp,0.0
39536124,David,1.0
39540549,Dorottya,0.0
39544185,Olinga,0.0
39553722,Joseph,0.0
39556991,Marc,0.0
39562334,Tirone,0.0
39562653,Dianne,0.0
39569254,Erica,0.0
39574008,Surapol,0.0
39574587,Caz,0.0
39575045,Michelle,1.0
39576110,Armor,0.0
39576358,Dan,0.0
39576750,Ingrid,1.0
39578309,Jdb,0.0
39587621,Vipavee,0.0
39595832,Richard And Jenny,1.0
39602281,Olivier,0.0
39604965,Daniella,0.0
39610603,Nancy,0.0
39624397,Naomi,0.0
39630625,Tina,0.0
39633271,Hannah,0.0
39640007,Alex,1.0
39644625,Andrzej,0.0
39645654,Shabina,0.0
39654787,Belinda,0.0
39655742,Marine,0.0
39656151,Charlie,0.0
39660895,Ali,0.0
39673488,Jintana,0.0
39674317,Andreas,1.0
39674327,Tobias,1.0
39683379,Kay,0.0
39685412,Tracy,1.0
39690077,Victoria,0.0
39691940,LUXA Stays,0.0
39696689,Barkan,0.0
39700634,Jérôme,0.0
39703290,Harry,1.0
39712656,Lauren,0.0
39713809,Gleb,0.0
39724830,Jordan,0.0
39735775,Cyrus,0.0
39735827,Justine,0.0
39739196,Peer,0.0
39744308,Vich,1.0
39749261,Anjali,0.0
39751837,Amy,0.0
39751999,E,0.0
39753229,Kate,0.0
39753461,Delia,0.0
39755731,Alice,1.0
39756412,Robert,0.0
39757242,Rosemary,0.0
39774921,Sandy,0.0
39776542,Francesca,0.0
39788305,Aylin,0.0
39791109,Kristy Charlotte,0.0
39794243,Daisy,0.0
39798800,Omara,0.0
39801243,Odelia,1.0
39804789,Tracy,0.0
39837696,Manuel,0.0
39843654,Smarter Rent Ltd,0.0
39854990,Colin,1.0
39856437,Matthew,0.0
39861718,Jessica,0.0
39863959,Ed,0.0
39867572,Ana,0.0
39878043,Yimmy,1.0
39893019,Michael,0.0
39903285,Col,1.0
39904040,Oliver,0.0
39905985,Tim,1.0
39906394,Anne Marie,0.0
39907219,Ashleigh,0.0
39909373,Keiko,1.0
39909452,Heather,0.0
39914253,Siobhan,0.0
39924001,Meg,0.0
39925544,Charlotte,0.0
39931907,Racha,0.0
39932852,L.A,0.0
39933122,Samui Camping Farm,0.0
39943614,Abi,0.0
39946531,Sacha,0.0
39948850,Olorunbunmi,1.0
39959614,Lenka,0.0
39960811,Ann,1.0
39963790,Soninha,0.0
39984341,Sararat,0.0
39991424,Lalita,0.0
39997760,Juliana,0.0
40000539,Neville,0.0
40002725,Hannah,0.0
40015114,Sorin,1.0
40017517,Daiane,0.0
40018097,Claire,1.0
40023466,Aida,0.0
40031789,Sam,1.0
40039022,Raci,0.0
40048598,Tarik,0.0
40052581,Clementine,0.0
40052862,Michelle,0.0
40059118,Khisrow,0.0
40059338,Helen,0.0
40065918,Maggie,0.0
40070341,Marcela,1.0
40076994,Paola,1.0
40077554,Liz,0.0
40088145,Tayba,1.0
40089166,Debbie Dwek,1.0
40106879,Al,1.0
40128653,Tanawit,0.0
40129028,Yichieh,1.0
40147730,Tania,0.0
40153345,Marichloe Or Maria,0.0
40174489,Marnie,1.0
40183162,Faye,1.0
40186864,Peter,0.0
40193559,Fay,0.0
40194172,Boladale,0.0
40199460,Janvier,0.0
40227631,Bao,1.0
40245588,Marcia,0.0
40245634,Damien,1.0
40253615,Sunita,1.0
40256243,Maria,0.0
40259616,Piak,1.0
40261386,Joshua,0.0
40262107,Patty,0.0
40262287,KRE Team,1.0
40262659,Nuala,0.0
40277437,Christina,0.0
40280597,Rupert,0.0
40282066,Eric,0.0
40292423,Alice,0.0
40296996,Alison,0.0
40311554,Michael,1.0
40331327,Hans,0.0
40332390,Russ,1.0
40334907,Raynelah,0.0
40336942,Ananya,0.0
40340765,Lisa,1.0
40342476,Rozzi,1.0
40343252,Patharin,0.0
40350717,Jarvis,0.0
40362099,Steven,0.0
40366498,Rooppreet,0.0
40370710,Katie,0.0
40370850,Nicki,0.0
40372541,Alex,0.0
40392546,Tor,1.0
40400696,Marian,0.0
40417811,Peter,0.0
40418725,Nooma,0.0
40423303,Jay,1.0
40440084,Yvette,0.0
40452547,Fope,0.0
40455900,Chris,0.0
40462226,Chanlakan,0.0
40466852,Tara,0.0
40469560,Emily,1.0
40470831,Adam,0.0
40471319,Simon,0.0
40472863,Nicola,0.0
40478217,Emma,0.0
40479758,Skye,1.0
40480766,Neil,0.0
40489972,Stephen,0.0
40491746,Monalisa,0.0
40494761,Thomas,0.0
40501196,London,0.0
40504483,Beau,1.0
40518196,Pailin,0.0
40523868,Zena Alison,1.0
40525582,Effie,0.0
40532476,Penny,0.0
40535018,Jacki,0.0
40550809,J,1.0
40562878,Jigsy,1.0
40563982,Nattarat,0.0
40565227,Eloise,0.0
40576227,Suttaporn,1.0
40584419,Sophia,1.0
40586622,Alison,0.0
40587970,Live Beautiful,0.0
40598374,Rose,1.0
40609580,Peter,0.0
40613174,Jasmine,0.0
40631031,Jonathan Hugh,0.0
40631167,Sarah,0.0
40633522,Raj,0.0
40647634,Marisa,0.0
40648533,Kelly,1.0
40656263,Peter,1.0
40660187,Phakakul,0.0
40665604,Egle,0.0
40667569,Natalia,0.0
40668298,Richard,0.0
40677008,Ross,0.0
40686299,Zadoque,0.0
40695778,Tevit,0.0
40696465,Venessa,1.0
40703252,Cathy,1.0
40727751,Matt,0.0
40731929,Fi,0.0
40735328,Katherine Angharad L,1.0
40738113,Kellie,1.0
40742924,OllieTwistMusic,0.0
40747136,Phil,0.0
40752431,Alan,0.0
40757821,Naomi,0.0
40758074,Lena,0.0
40758655,Marisol,0.0
40761556,Sylvie,0.0
40780092,Theo,1.0
40781926,Denis,0.0
40783286,Olga,1.0
40783929,Natakorn,0.0
40786507,Kerry,0.0
40790331,Siri,0.0
40805700,Catherine,0.0
40819729,Cee,0.0
40823000,Aadil,0.0
40830808,Danny,1.0
40832057,Sarah,1.0
40834068,Suppakorn,0.0
40835603,Atiwat,0.0
40854953,Hugo,0.0
40860678,Somkiat,1.0
40888140,Carlos,1.0
40889426,Kseniya,0.0
40890701,Sally,0.0
40892068,Ethan,1.0
40901841,Nastia,0.0
40913051,Master Pap,0.0
40916613,Sirichet,1.0
40929123,Simon,0.0
40953464,Raj,0.0
40956731,Beata,0.0
40964187,Gina,0.0
40970695,Zubair,0.0
40975927,Richard,0.0
40977715,Andy,0.0
40979139,Thanathorn,1.0
40980635,Keith,0.0
40985198,Luana,0.0
40991729,Sal,0.0
41011048,Tina,1.0
41014724,Sophie,0.0
41022978,Quest Bondi Junction,0.0
41024530,Santa,0.0
41028577,Craig,0.0
41038253,Emma,0.0
41045868,Keith,0.0
41048349,Ellie,0.0
41053836,Kook,0.0
41054698,Manupat,0.0
41058701,Ben,0.0
41061762,Ann,1.0
41062831,Brian,0.0
41070200,Jack,0.0
41073988,Ghada,0.0
41079620,Tabara,0.0
41082892,Peter,0.0
41087432,June,1.0
41090799,Melinda & Jon,1.0
41099760,Vicky,1.0
41102980,Amy,0.0
41106408,Helen,0.0
41113660,Denise,1.0
41114649,Maria Jose,0.0
41115006,Bangkok Check Inn,0.0
41119422,Topview,0.0
41123000,Jill,0.0
41124247,Can,0.0
41128568,Matthew,0.0
41132182,Rupa,0.0
41132901,Damiano,0.0
41134897,Sabrina,0.0
41135624,Hendi,1.0
41140474,Kathy,1.0
41147442,Menchie,0.0
41155590,Alexander,0.0
41159031,Rhianna,0.0
41166129,Jacqui,1.0
41182081,Zoe Anne Sasha,0.0
41184258,Pierre,1.0
41186213,Zoe,0.0
41191570,Emma,0.0
41192844,Katya,0.0
41199923,Muhammed,0.0
41200507,Diana,0.0
41209324,Sasithorn,0.0
41215678,Julia,1.0
41234483,Santosh,0.0
41234802,Jason,0.0
41257805,Aaya,1.0
41264322,Marianna,0.0
41265146,Rowan,1.0
41286879,Ying,1.0
41304356,Ali,0.0
41305271,Oriana,1.0
41317484,Levy,0.0
41318906,Daniel,1.0
41319522,Paul,0.0
41339404,Dean,1.0
41358452,Jules,0.0
41358564,Lee,1.0
41365245,Jade,0.0
41367404,Fahmi,1.0
41371549,Haus & Key Property Management Ltd,0.0
41378673,Sophie,1.0
41381946,Erica,0.0
41383024,Olivia,0.0
41387710,Abdullah Hamad,1.0
41391644,Hendrix,0.0
41392074,Richard,1.0
41393777,Patience,1.0
41400605,Suzanne,0.0
41409790,Jennifer,0.0
41423540,Anthony,0.0
41433300,Saowaluck,1.0
41444478,Andy,1.0
41448815,帅超,0.0
41457474,Suzanne,1.0
41509588,Sarah,0.0
41512313,Silvio,0.0
41528394,Michael,0.0
41529057,Akvile,0.0
41536185,Frederick,1.0
41537656,Paola Andrea,1.0
41539139,Usanee,0.0
41546652,Ran,0.0
41550238,Anuradha,0.0
41555594,Sivan,0.0
41559178,Stephen,1.0
41568763,Peter,1.0
41575379,Chhatt,1.0
41576958,Kittikhun,0.0
41582863,Nattakarn,0.0
41588199,Lindsay Amelia,0.0
41593314,Cecilia,0.0
41594647,Chloe,0.0
41598889,Anucha,0.0
41599666,Ae,1.0
41605807,Anya,1.0
41605970,Ashleigh,0.0
41617961,Filiz,0.0
41623113,Charlotte,1.0
41634675,Kirsty,1.0
41639862,Katharine,1.0
41639992,Mark,1.0
41641745,Charlie,0.0
41642270,Rajarshi,1.0
41642791,Robert,0.0
41646728,Huw,1.0
41651984,Niall,1.0
41653416,Lana,1.0
41660237,Jasdeep,0.0
41660523,Verity,1.0
41670564,Ieva,1.0
41676786,Vincent,0.0
41682839,Dominique,1.0
41683733,Peter,0.0
41688136,Danielle,0.0
41688259,Pan,1.0
41691919,Amy,0.0
41692000,Eva,0.0
41695410,Catherine,0.0
41698119,Clara,1.0
41702441,Fabrianna,1.0
41707630,Daniel,0.0
41710657,Alina,0.0
41717928,Cynthia Akua Oforiwah,1.0
41721013,Sabina,0.0
41729189,Gabriela,0.0
41731078,Carmen,0.0
41732546,Hanushka,0.0
41742910,Christopher,1.0
41744430,Sanjay,1.0
41747137,Mark,0.0
41759631,Jasmine,1.0
41766187,William,0.0
41790179,Alexander David William,1.0
41798034,Ann,0.0
41798963,Kristina,0.0
41799579,Cathy,0.0
41802320,Juliana,0.0
41810567,Nicholas,0.0
41816741,RH Waterfront,0.0
41845403,Ronie,0.0
41851768,Paul,0.0
41865000,Toonlachart,1.0
41875680,Cat,0.0
41880004,Nadia,0.0
41880620,Ellen,1.0
41882488,Caroline,1.0
41886416,Rebecca Josephine,1.0
41886874,Kirstin,1.0
41888141,Bileg,0.0
41889561,Jessica Anne,0.0
41891575,Sutas,0.0
41894494,Pui Man,1.0
41897115,Irene,1.0
41901794,Jennifer,0.0
41909267,Sam Benjamin,1.0
41910783,Daniel,0.0
41916332,Catalina,0.0
41935190,Samirra,0.0
41947247,Hung,0.0
41949981,Sana,0.0
41952511,Alice,0.0
41954310,Kathryn,0.0
41958397,Marcel,1.0
41958690,Jimmy,0.0
41965051,Filippo,0.0
41970381,Helen,1.0
41970810,Moujan,0.0
41970843,Natasha,0.0
41978055,Badis,1.0
41983951,Luke,0.0
41992990,Jovis,0.0
41996412,Edina,0.0
42004037,Emmanuel,1.0
42010079,Richard,1.0
42010368,Wipada,1.0
42013575,Stuart,0.0
42015150,Alessandra,0.0
42029715,Rodolfo,0.0
42037868,Daniel,1.0
42038376,Nathanaporn,0.0
42041278,S Won,0.0
42041737,Mark,1.0
42042251,Jack,0.0
42051108,Adrián,0.0
42059098,Libo,0.0
42064058,Henok,0.0
42069682,Jessica,0.0
42082503,Julie,1.0
42085763,Casa Hospitality Group Direct Booking,0.0
42092865,Luke,0.0
42100283,Richard,0.0
42101430,Beatrice,0.0
42102907,Asad,0.0
42105320,John,0.0
42111155,Laércio,1.0
42112285,Juan,0.0
42113698,Claudia,0.0
42123137,Residence Yu,0.0
42128124,Maria,1.0
42131668,Alex,1.0
42134256,Mark,0.0
42149163,Shaune,0.0
42152922,Iain & Margie,0.0
42153689,Aza,0.0
42174341,Niche,0.0
42193246,Heidi,0.0
42207771,Kate,0.0
42209546,Shehzad,0.0
42210736,Tuppadit,1.0
42229491,Natasha,0.0
42231924,Morgann,0.0
42239335,Kane,0.0
42239976,Buncha,1.0
42244009,Sam And Kristina,0.0
42245630,Ophelia,0.0
42249556,Joana,0.0
42252596,Benny,1.0
42254882,Gustavo Adolfo,0.0
42255024,Olfa,0.0
42258971,Buay,1.0
42266259,Tania,1.0
42271997,David,0.0
42274268,Amanda,1.0
42278463,Anya,0.0
42279799,Renee,0.0
42285058,Helen,0.0
42302635,Vane,0.0
42309257,E Cristina,0.0
42313379,Rose,0.0
42314124,Phillip,0.0
42321758,Clark,0.0
42323124,Marilyn,1.0
42334762,雷,0.0
42340063,Julien,0.0
42342682,Adrian,1.0
42344462,Marvin,0.0
42349005,Spring,0.0
42352139,Nadine,0.0
42359166,Can,0.0
42359553,Joe,0.0
42359864,Katrina,0.0
42362646,Ben,0.0
42365086,Sarah,0.0
42374352,Kate,1.0
42384328,Heydon,0.0
42387758,Mez,1.0
42399974,Emanuele,1.0
42407417,Tom,0.0
42415209,A,1.0
42419705,Phoebe,0.0
42435634,Wichai,0.0
42440269,Wila,0.0
42450251,Shar,1.0
42451223,Dani,1.0
42463395,Nick,0.0
42472716,Barbara,1.0
42482778,Paul,0.0
42488694,Emer,0.0
42490653,Mal,0.0
42492023,Mark,0.0
42493598,Javier,0.0
42498791,Johan,0.0
42499137,Sophia,0.0
42505648,Charles,0.0
42512689,Christopher Anthony,0.0
42519110,Robert,0.0
42520184,Kate,0.0
42522818,Helen,0.0
42522950,Ali,0.0
42530839,Thomas,1.0
42538714,Ying,0.0
42540485,John Li,1.0
42540886,Silveira,0.0
42546492,Porntip,0.0
42548590,Vichai,0.0
42553663,Agenthy,1.0
42554233,Paola,0.0
42566432,Rachel,1.0
42570294,Nina,1.0
42570470,Katerina,0.0
42572590,Sopin,1.0
42581651,Amanda,0.0
42584225,Raj,1.0
42586339,Michael,0.0
42594121,Gift,0.0
42597040,Boonrat,1.0
42599074,Arisa,0.0
42621797,Frank,0.0
42622860,Lydia,0.0
42625592,Li Lin,0.0
42629799,Rose,1.0
42630949,Agnieszka,0.0
42634661,Sophie,0.0
42642464,Karen,0.0
42647056,Panyapat,0.0
42650735,Kanvarathit,0.0
42651456,Laura,1.0
42653212,Nell Gwynn,0.0
42664586,Georgia,0.0
42664886,Lauren,0.0
42670837,Allegra,0.0
42671019,Nasha,0.0
42671353,Rory,0.0
42674547,Tom,0.0
42681346,Nundhaputt,0.0
42691713,Carol,0.0
42692991,Alex,0.0
42706254,Robert,0.0
42713973,Abi,1.0
42714781,Raquel,0.0
42716973,Nishanth,0.0
42719489,Gari,0.0
42719818,Qlodie,0.0
42738682,Stuart,1.0
42747817,Harpreet,0.0
42748081,Piers,0.0
42751883,Olly,0.0
42752646,Adrian,0.0
42758089,Liang,1.0
42763729,Sam,0.0
42765585,Andrew,0.0
42767587,Dipen,0.0
42791326,Suzanne,0.0
42792282,Al,1.0
42822168,Pinder,0.0
42823570,Doungjai,0.0
42825099,Joseph,1.0
42829243,Margo,1.0
42839307,Viviana,0.0
42841560,Sersh,0.0
42842660,Jintana,1.0
42854166,Anne,0.0
42870690,Nuttorn,0.0
42876567,Tidarat,1.0
42881682,Duncan,0.0
42888687,Fanny,0.0
42888766,Rose,1.0
42894383,Kuri Lu,1.0
42896600,Mark,0.0
42904999,Lorenzo,1.0
42936959,Carlos,0.0
42948180,Keira,0.0
42957004,Annie,0.0
42958079,Jules,1.0
42961040,Nicholas,0.0
42961758,Pammy,0.0
42967769,Andrew,0.0
42971412,Hugh,1.0
42972261,Lubna,0.0
42972468,Sammy,1.0
42977446,Ed,1.0
42979120,Sarah,0.0
42979551,Angelika,0.0
42991771,George,0.0
42993819,Katherine Tara,0.0
42996444,Jamie,1.0
43013338,Gemma,0.0
43020091,Juan,0.0
43024110,Patricia,0.0
43024869,Andrew,0.0
43032454,Hannah,0.0
43055553,Aymeric,0.0
43061607,Peter Bruce,0.0
43070845,Tadeas,0.0
43072077,Damian,1.0
43073846,Edwin,0.0
43075927,Marcia Regina,0.0
43076562,Andrew,0.0
43078370,Vanessa,1.0
43088321,Henry,0.0
43103004,Maliha,0.0
43109590,Holly,0.0
43115103,Daniel,0.0
43115868,Sheetal,0.0
43125387,Giuseppe,0.0
43153385,Simon,1.0
43154547,Welyton,0.0
43157293,Leighroy And Olivia,0.0
43159296,Sasha,0.0
43159316,Emma,0.0
43160431,Ellen,1.0
43161069,Alicja,0.0
43163192,Yuko Wayuwan,0.0
43169092,Tina,1.0
43169784,Maria,1.0
43172192,Ong,0.0
43177020,Queen Elizabeth Hostel,0.0
43178429,Sevdal,0.0
43181737,Andrea,1.0
43181771,Pembridge Home,0.0
43196566,Laura,0.0
43196637,Christopher,1.0
43198653,Fon,1.0
43207561,Angel,0.0
43208012,Alex,1.0
43211104,Ampersand,0.0
43214584,Rosalind,1.0
43214864,Daniel Arturo,1.0
43220459,Ruud,1.0
43224683,George,0.0
43237228,Bethany,0.0
43238128,Emily,1.0
43240218,Fon,1.0
43244379,Laddawan,0.0
43245487,Trevor,0.0
43249789,Elena,0.0
43253730,Fraser,0.0
43254498,Penny,0.0
43256316,Ceit,0.0
43260703,Isabel,1.0
43261208,Mayriel,1.0
43267494,Ommar,0.0
43269902,Rommy Olivo,0.0
43270736,Manuela,1.0
43271563,Bam,0.0
43278373,Claire,0.0
43282847,Elephant Escape,1.0
43286510,Susannah,1.0
43288661,Tom,0.0
43290126,Erika,1.0
43298911,Stephanie,0.0
43317840,Sophie,0.0
43321412,Kamolrat,0.0
43321553,⁨Kanchana S.⁩,0.0
43326393,Leslie,0.0
43328115,Philip,0.0
43329533,Abby,0.0
43338534,Randa,0.0
43342070,Chris,0.0
43349124,Andy,1.0
43360262,Charlotte,0.0
43366349,James,0.0
43366725,Jeanette,0.0
43372828,Herman,0.0
43374338,Sandra,1.0
43401134,Ria,0.0
43403700,Ida,0.0
43412568,Chied,0.0
43418468,Mariam,1.0
43422352,Bhusnisa,0.0
43434643,Ranjith,0.0
43436269,Ewa,0.0
43437063,Brenda,0.0
43467430,Serene,0.0
43471107,Kerryn,0.0
43471696,Noppada,1.0
43472326,Wenting,0.0
43476494,Grace,0.0
43478396,Dom,1.0
43481032,M Apartments,0.0
43483271,Andi,1.0
43485257,Anthony,1.0
43485903,Stephanie,0.0
43488031,Deborah,1.0
43501487,Haych,1.0
43510672,Helen,0.0
43520346,Oliver,0.0
43522964,Mimi,0.0
43541661,Kat,1.0
43548517,Brendon,0.0
43555347,Margie,0.0
43556178,Yusuke,0.0
43556492,Irene,0.0
43557811,Orestis,0.0
43558686,Ash,0.0
43563030,William,1.0
43563241,Raxtham,1.0
43566360,Gabe,0.0
43567853,Alison,0.0
43570206,Carlotta,0.0
43572671,Johnny,0.0
43580483,Charles,0.0
43583927,Peri,0.0
43587321,Geoff,0.0
43592765,Lan,0.0
43600063,Tatiana,0.0
43601390,Adam,0.0
43604789,Arif,0.0
43609142,Regina,1.0
43615966,Adam,1.0
43618092,Diego,0.0
43625652,Yinka,1.0
43639312,Sky Place,0.0
43640327,Anna,0.0
43652003,Peack,1.0
43657378,Lesley,1.0
43659229,Abi,0.0
43659486,Michalina,0.0
43661552,Keren,1.0
43672802,Margaret,0.0
43672903,Anthony,0.0
43673750,Stewart,1.0
43673792,Rosie,1.0
43712571,Richard,1.0
43712942,Laura,0.0
43715086,Frank,1.0
43719738,Xena,1.0
43720499,Yolradee,1.0
43721107,Mo,0.0
43723505,Teeraya,1.0
43723843,Leigh,1.0
43736728,Nicole,0.0
43736801,The Scout Group,0.0
43737285,Rishi,1.0
43744041,Sathya Parthasarathi,0.0
43745816,Mona,1.0
43750079,Eileen,0.0
43754076,Mong,1.0
43754868,Silvia,0.0
43755902,Eser,0.0
43755941,Iola,0.0
43757595,Gary,1.0
43758143,Anna,1.0
43769024,Phoebe,0.0
43782081,Ben,0.0
43802615,James,0.0
43805032,Zack,1.0
43809506,Roxanne,0.0
43809600,Rachid,0.0
43827531,Jee,0.0
43827677,Sam,1.0
43830588,Fan,0.0
43835925,Charlotte,0.0
43843979,Eric,0.0
43846946,Jaclyn,0.0
43848640,Vladislav,1.0
43851863,Prechanun,1.0
43854031,Amonrat,0.0
43855025,Stephen,1.0
43857136,Shanta,0.0
43861825,Andrew,0.0
43862865,Suna,0.0
43863233,Helga Chinak,0.0
43866971,Ben,0.0
43870330,Michael,1.0
43877840,Chao,0.0
43880368,Nuala,0.0
43882737,Rolf,1.0
43891732,Ruth,0.0
43891825,Vlad,0.0
43896354,Chantal,0.0
43902934,Brad,1.0
43919194,Samuel James,1.0
43924136,Evan And Team Kayin,0.0
43924887,Maisie,0.0
43924933,Jackie,1.0
43925854,Pingwei,1.0
43927857,Bonnie,0.0
43932094,Tiziana,0.0
43935156,City Living,0.0
43935264,Robert,1.0
43935689,Fara,0.0
43936882,Patricia,1.0
43950945,Eszter,1.0
43953516,Claire,1.0
43977602,Martti,0.0
43985719,Sandeep,0.0
43991398,Helen,1.0
44004905,James,0.0
44009046,Louise,0.0
44009959,Joanna,0.0
44010427,Evangelos,0.0
44022658,David,1.0
44037439,Annabel,1.0
44039744,Christine & Patrick,1.0
44046887,Jo,1.0
44047039,Olympe,0.0
44047968,Nin,0.0
44052575,Jenn,0.0
44052614,Mark,1.0
44056233,Oxana,0.0
44058464,Atanasko,1.0
44060345,Ana,1.0
44067825,Sarah Michelle,0.0
44088930,May,1.0
44093115,Imran,0.0
44102829,Joe,0.0
44103276,Mo,1.0
44104640,Ronan,0.0
44108434,Andy,0.0
44119570,Andrea,0.0
44124049,Coralie,1.0
44134955,Annabel,0.0
44140974,Nipun,0.0
44152412,Howard,1.0
44154349,Glenn,0.0
44156022,Lucretia,0.0
44160749,Clare,0.0
44165702,Graham,0.0
44183533,Abdul,0.0
44184292,John,1.0
44186243,Annamarie,1.0
44196694,Catherine,1.0
44200996,Oi Ling,1.0
44201282,Dina London Apartments,0.0
44208767,Nikos,0.0
44212075,Steve,1.0
44213167,Wayne,1.0
44214696,Na,0.0
44215199,Laurent,0.0
44218809,Conor,0.0
44226491,Vinita,0.0
44226701,二噜,0.0
44231680,Jeremy,0.0
44232752,Nick,0.0
44236009,Victoria,0.0
44236033,Simone,1.0
44239191,Chris,1.0
44244672,Francesca,1.0
44245330,Sara,0.0
44249586,Mariya,0.0
44267598,Mark,1.0
44282576,Katy,0.0
44283879,Patricia,0.0
44288145,Kate,0.0
44292111,Marion,1.0
44293989,Laura,0.0
44298615,Karann,0.0
44305808,Lek Boonsiri,0.0
44307151,Denise,1.0
44314064,Michelle,1.0
44315316,Janelle,0.0
44317544,Jenni,1.0
44319335,Laurie,1.0
44319842,Zara,0.0
44319866,Hayley,0.0
44323526,Lukshmi,0.0
44324490,Absi,1.0
44327713,Fritz,0.0
44340235,Anja,0.0
44341552,Alice,0.0
44342976,Vishnu,0.0
44343131,Claudinei,0.0
44343770,Carlos,0.0
44344631,Conn,0.0
44350740,Mary,1.0
44352137,Karin,1.0
44358998,Alex,1.0
44361238,Donna,0.0
44363056,Darcy,1.0
44371695,Megan,0.0
44380777,Jessica,0.0
44386256,Chanidapa,0.0
44387020,Chanakarn,0.0
44399116,Porsche,0.0
44403105,Lucy,0.0
44404591,Bharati,1.0
44408376,Matteo,0.0
44410301,Norma,0.0
44412204,Sumer,0.0
44415703,Daaniyaal,0.0
44419443,Trevor,0.0
44421766,Lucy,0.0
44437844,Douglas,0.0
44442979,William And Giusy,0.0
44447908,Savita,0.0
44473290,Phattranit,0.0
44478684,Yuanyuan,0.0
44491355,Julitta Woodley,0.0
44495682,Jose,1.0
44498654,Tamara,0.0
44508820,Reggie,1.0
44527146,Jenny,1.0
44549729,Julie,1.0
44554036,Frank,1.0
44581219,Paul,1.0
44582235,Alison,0.0
44583872,Momomo,1.0
44615005,RoomPlace Acomodações,0.0
44615184,Victoria,0.0
44618273,Julie,0.0
44619946,Siv,0.0
44620170,Abdo,0.0
44628208,Gail,1.0
44630834,Ohm Jirarot,1.0
44632239,Emilia,1.0
44639666,Namon,0.0
44641922,Jackie,1.0
44642136,Cazal,0.0
44648368,Gail,0.0
44648503,Alyssa,0.0
44650914,Irene,0.0
44659139,Antonio,1.0
44659774,Salma,0.0
44664593,Asia,0.0
44664606,Kevin,1.0
44687956,Lisa,0.0
44688871,Paula,0.0
44696853,Johan,0.0
44702712,Jasmine,0.0
44715044,Ivette,0.0
44723664,Kloë,0.0
44724285,Valentina,0.0
44734831,Simon,1.0
44736939,Shayan,0.0
44738028,Clara,1.0
44739791,Christina,0.0
44746235,Jack,0.0
44756280,Karen,1.0
44758898,Tom,0.0
44760447,George,1.0
44772829,Manuel,0.0
44777179,Sunaina,1.0
44782246,Billie,1.0
44787336,Omar,0.0
44793627,Sudeep,0.0
44794102,Ash,0.0
44804429,Necati,0.0
44804736,Xiang Jing,0.0
44809533,Korakot,0.0
44810985,Taryn,0.0
44815085,Carlos,1.0
44816826,Thibaud,0.0
44816832,Linnea,1.0
44821096,Jaro,1.0
44835383,José,0.0
44848510,Ugur,0.0
44850721,Tareq,0.0
44869453,Ernest,0.0
44872510,Silvia,0.0
44876712,Ian,0.0
44880182,Nishant,0.0
44882192,Hope,0.0
44882330,Alexandra,0.0
44888391,Christian,0.0
44892863,Cieran,0.0
44905618,Leah,0.0
44907327,Charlotte,0.0
44924464,Nikita,0.0
44929715,Constanza,0.0
44935173,Roya,1.0
44942736,Oliver,1.0
44945095,William,0.0
44947142,Gibsy,0.0
44947845,Connor,0.0
44954206,John,0.0
44956160,Flavian,1.0
44957976,Perfectly Nested,0.0
44975825,Aaron,1.0
44975923,Marek,0.0
44978210,Frances,0.0
44990895,Ashley,0.0
44992829,Johnny,1.0
44995882,Maryam,1.0
45003890,Candice,0.0
45010040,Harriet,0.0
45010790,Nirmal,1.0
45011211,Salman,0.0
45023095,Tim,0.0
45027492,Robert,1.0
45046021,Claire,0.0
45047654,Melissa,0.0
45055120,Cesar,0.0
45057908,Sadhana,0.0
45062219,Suzanne,0.0
45062867,Anthony,0.0
45063982,Peeyush,0.0
45076665,Katherina,1.0
45082745,Sophie,1.0
45119131,James,0.0
45119861,Vince,1.0
45121266,Craig,1.0
45127956,Sammy,0.0
45128001,Jai,0.0
45128189,Suzanne,1.0
45130538,Pinpach,1.0
45132954,Marina,0.0
45141838,Christopher,1.0
45151484,Maarten,0.0
45152712,Piyapa,1.0
45155675,Ellie,1.0
45174270,Andrea,1.0
45175404,Ben,0.0
45184605,Daniel,0.0
45189343,Elizabeth,1.0
45190048,Alex,0.0
45191399,Giorgia,0.0
45195931,Nicholas Max,0.0
45198059,Eamonn,1.0
45213961,Kari,1.0
45226259,Caroline,0.0
45234240,Caitlin,0.0
45236199,Nucharee,0.0
45246066,Suvimon,0.0
45250872,Simon,0.0
45251217,Julia,1.0
45252507,Kay,0.0
45268498,Amala,0.0
45268627,Minna,1.0
45268695,Munib,0.0
45269173,Samet,0.0
45278564,Peter & Lydia,0.0
45291859,Raj,1.0
45299751,Nathan,0.0
45303483,Bianca,1.0
45310722,Kappy,1.0
45313808,Paul,0.0
45315795,Zoe,0.0
45326725,Eric,0.0
45327946,Jakkrapant,0.0
45350377,Jonna,1.0
45355435,Karn,0.0
45356464,Frederique,0.0
45374552,Pashmina,0.0
45394739,Ehsan,0.0
45404098,Jenny,1.0
45405395,Alison,1.0
45411730,Hector,0.0
45425908,Gill,1.0
45427906,Hannah,1.0
45437693,Peerapon,0.0
45441508,Harley,1.0
45445779,Rory,0.0
45446574,Dario,0.0
45449683,Cynara,1.0
45469473,Helen,0.0
45470122,Heerbode,0.0
45472427,Anna,0.0
45483096,Grace,1.0
45485305,Laura,0.0
45491229,Rassamee,1.0
45492736,David,0.0
45495367,Katherine,0.0
45496395,Paula,0.0
45503537,Jennifer,1.0
45507035,Anne-Marie,1.0
45510434,Alex,1.0
45512186,Meesha,1.0
45512207,Nita,1.0
45514873,Tanavat,1.0
45535375,Shafad,0.0
45541682,Kai,0.0
45546582,Niall,0.0
45557010,Apiradee,0.0
45564662,Shelly,1.0
45571474,Pom,1.0
45571754,Lee,0.0
45572903,Oliver,0.0
45608108,Danya,0.0
45610913,Andrew,1.0
45618046,Sem,0.0
45628851,Cc,1.0
45646959,Marianne,0.0
45655603,Jordan,0.0
45656677,Eleni,1.0
45658417,Benjamin,0.0
45671985,Elizabeth,0.0
45672994,Nash,1.0
45673733,Amy,0.0
45710198,Thomas William,0.0
45730000,Paul,1.0
45734786,Neil And Yui,0.0
45735671,Hellen,0.0
45739814,Akash,0.0
45741704,Denise,1.0
45742351,Barbara,1.0
45744234,Everleigh,0.0
45745972,Safe,1.0
45753263,Michelle,0.0
45754027,Jeff,1.0
45765978,Marty & Lindsay,1.0
45766554,Nick,0.0
45767275,Phoebe,1.0
45776153,Jim,1.0
45777299,Amarin,0.0
45782904,Paul,1.0
45782914,Guillaume,1.0
45790332,Lionel,0.0
45791084,⁨All Accom (Thailand)⁩,1.0
45794016,Malte,0.0
45795843,Inna,0.0
45799265,Jane,0.0
45801292,Nisachon,0.0
45817527,Jean Charles,0.0
45823789,James,0.0
45824871,Sakkarn,0.0
45834595,Kira,0.0
45836931,Elaine,0.0
45838239,Carole,1.0
45847076,Thomas,0.0
45850059,Obi,1.0
45854546,David,1.0
45854804,Margaret,1.0
45863286,Nina,0.0
45874491,Theodore,0.0
45882650,Riannon,1.0
45883959,Jon,1.0
45885120,Attaporn,1.0
45888738,Larissa,0.0
45894376,Fiona,0.0
45895121,Jona,0.0
45896442,Ally,0.0
45896746,Schoeman,0.0
45902976,Siri,0.0
45927526,Grace,1.0
45928088,Kaz,1.0
45933761,Antonio,0.0
45940165,Nora,0.0
45956704,Pm,0.0
45964103,Lewis,0.0
45965626,Martin,0.0
45968792,Damon,0.0
45971013,Mina,0.0
45972152,Monica,0.0
45974964,Molly,0.0
45975817,Nivit,1.0
45976119,Connor,0.0
45977967,Megane,0.0
45984738,Joseph,0.0
45988293,Jumie,0.0
45990563,Alejandra,0.0
45991797,Seun,0.0
45992244,Wuttaya,0.0
45999164,Matt,0.0
46013792,Adam,0.0
46021146,Denise,0.0
46041827,Terz,1.0
46046661,Laurence,0.0
46047291,Sofia,0.0
46056057,Alexandra,0.0
46059433,Elod,0.0
46069598,Vanessa,1.0
46074306,Guy,0.0
46075414,Gill,1.0
46077527,Phantipa,1.0
46079455,Reem,0.0
46080686,Eva,1.0
46105904,Wanda,0.0
46120882,Nikki,1.0
46132508,Furong,0.0
46148837,Jo,0.0
46149083,Aeya,0.0
46174072,Faton,1.0
46191784,Brendon,1.0
46197564,Chloe,0.0
46207463,Christopher,1.0
46219252,Cindy,0.0
46223673,Hannah,0.0
46224081,Orranart,1.0
46226521,Megan Louise,0.0
46228802,Marie,0.0
46229216,Mark,0.0
46235546,Krimo,0.0
46236396,Salih,1.0
46243239,Carol,1.0
46245572,Selma,0.0
46246602,Michala,0.0
46247932,Mitra,1.0
46248966,Olivia,0.0
46256242,Steve,1.0
46256757,⁨499Development⁩,1.0
46257468,Tracey,1.0
46260484,Tipnipa,0.0
46264810,Ekkalak,0.0
46270925,Iris,0.0
46272608,Pamela,0.0
46313209,Smart Stay Services Ltd,0.0
46323750,Jinny,0.0
46326770,Katie,0.0
46338680,Kris,0.0
46339911,Rapeepan,0.0
46344229,Kirsty,0.0
46347749,Bernard,0.0
46362642,Kelly,1.0
46366502,Hamid,0.0
46370994,Ugur,0.0
46385575,Orachat,0.0
46389329,Oktay,0.0
46390813,Pietro,1.0
46403919,Patricia,0.0
46407845,Andrew,0.0
46426013,Simon,0.0
46437492,Helen,0.0
46448285,อภิสรา,0.0
46460084,Wale,1.0
46461524,Stephen,1.0
46465760,Kingsley,0.0
46466054,Mini,0.0
46475447,Gift,1.0
46483515,Jake,0.0
46491167,Robyn,1.0
46497904,Jan,0.0
46527963,Manjit,0.0
46528704,Pierre,0.0
46529244,Greg,1.0
46530947,Lina,0.0
46541320,Pamela,0.0
46546547,Valbona,0.0
46550672,Tnop,0.0
46550739,Way,0.0
46563836,Arpa,1.0
46568905,Davinder,0.0
46575461,Matt,0.0
46579183,Chris,1.0
46608261,Gabrielle Nicola,0.0
46611698,The Ox,0.0
46616159,Fadumo,0.0
46616766,Rupert,1.0
46627879,Georgios,0.0
46651484,Raha,0.0
46657632,Tommy,0.0
46667543,Lucy,0.0
46672985,Laurent,1.0
46676484,Simon,0.0
46678865,Fran,0.0
46688288,Melhem,0.0
46689367,Maris,0.0
46689581,Lalith,0.0
46701761,Renée,1.0
46706684,Diane,1.0
46715361,Liga,0.0
46722076,Susannah,1.0
46731840,Susie,0.0
46738170,Thatchakorn,0.0
46749847,Nitaya,1.0
46756947,Lux,0.0
46759829,Daria,0.0
46765345,Nicholas,0.0
46779475,Antonia,0.0
46796707,Hana,0.0
46812630,Erin,0.0
46815017,Wendy,1.0
46815760,Ceci,1.0
46816517,Yvonne,1.0
46827741,Rashpal,0.0
46828011,Susan,1.0
46834683,Konstantinos,0.0
46836736,Louise,0.0
46838828,Anne,0.0
46842016,Patro,1.0
46848163,明,0.0
46863594,Adam,1.0
46864237,Ingrid,0.0
46865288,James,0.0
46875439,Bodil,1.0
46876036,Anna,0.0
46879394,Marcin,0.0
46888651,Skye,1.0
46897748,Dilan,0.0
46898742,Chris,1.0
46899706,Bronte,0.0
46902414,June,1.0
46905654,Cathy,0.0
46909702,SydneyStay,0.0
46910951,Suzy,0.0
46911259,Johanna,1.0
46922116,Youie,1.0
46928216,Zaina,0.0
46943387,Amr,0.0
46944391,Shanthi,0.0
46952696,Jo,1.0
46957327,Emma,0.0
46958339,Luke,0.0
46958383,Rosie,0.0
46959124,Maria,0.0
46961254,Anita,1.0
46972657,Melanie,0.0
46972891,Paul,0.0
46975243,Lynda,0.0
46975426,Chanamas,0.0
46979232,Dan & Robert,1.0
46984544,Lien,1.0
46985481,Ramona,0.0
46987279,Jill,0.0
46987508,Somcee,1.0
46989361,Phromphol,0.0
46990871,Sarah,1.0
46993372,Graham,0.0
46996798,JoJo,0.0
46997650,Poonyisa,1.0
47003392,Ayten Göksenin,0.0
47006048,Nick,1.0
47006153,Lily,0.0
47009287,George,1.0
47015703,Amy,0.0
47019896,Christopher,0.0
47020184,Virginie,0.0
47021009,Simon,0.0
47036528,Lucy,0.0
47045148,Cecilia,1.0
47051067,Paula,0.0
47052928,Adventure,0.0
47054360,Amber,0.0
47057132,Fernanda,0.0
47057860,Giulia,0.0
47060002,Pantipa,1.0
47060767,Ian,0.0
47072043,Jeremy,0.0
47072233,Sylvester,0.0
47075483,Paul,0.0
47087098,Alexis,0.0
47092375,Patricia,0.0
47110102,Judith,0.0
47110734,Maria,0.0
47112197,Fame,1.0
47127721,Lianne,0.0
47129263,Tf Let,1.0
47132671,Eduard,0.0
47135972,Milky,0.0
47142720,Jen,1.0
47151016,Giovanni,0.0
47154139,Michael,0.0
47161184,Kay,0.0
47164217,Paweethida,0.0
47165560,Vik,1.0
47166927,Alice,0.0
47168482,Moira,1.0
47168742,Bella,0.0
47170959,Nudyy,0.0
47181969,Marika,0.0
47186270,Steven,0.0
47192584,Magdalena,0.0
47202412,Tom,0.0
47202741,Nnamdi,0.0
47208527,Jun,0.0
47212228,Jeff,0.0
47217184,Sherry,1.0
47229308,Art,0.0
47231036,Tara,0.0
47234497,Uyen,0.0
47237632,Candice,0.0
47238500,Amanda,0.0
47241754,佳嘉,0.0
47244924,Vincent,1.0
47258436,Sonya,0.0
47263948,Georgia,0.0
47266226,Maggie,1.0
47281916,Daniel,0.0
47283983,Sonia,0.0
47285683,Nina,1.0
47288348,Lloyd's,0.0
47290614,Nikki,0.0
47294623,David,0.0
47296406,Dani,1.0
47314592,Kanda,1.0
47314692,Usually Known As Geri,0.0
47314917,Silvia,0.0
47319992,Thomas,0.0
47320777,Mickey,0.0
47322974,Peter,0.0
47324488,Tony,0.0
47336662,Abdus,1.0
47352655,Jarupa,0.0
47352778,Andrea,0.0
47354450,Ali,0.0
47368566,Robert,0.0
47368910,Xiaolong,0.0
47378872,Kenny,0.0
47385809,Nadezda,0.0
47387184,Trang,0.0
47406666,Ruth,1.0
47408501,Wonik,1.0
47409886,Tina,1.0
47415806,Catherine,0.0
47416070,Jack,1.0
47425400,Nattinee,0.0
47425603,Bee,1.0
47433590,Dasha,0.0
47437020,Chakrit,0.0
47437163,Patricia,0.0
47441978,Angela,1.0
47451173,Olivia,0.0
47451431,Peter,0.0
47452546,Thomais,1.0
47480249,Annette,1.0
47498120,Jaina,0.0
47499932,Vicky,1.0
47504309,Wes,0.0
47516839,Martin,0.0
47524566,Genevieve,0.0
47528135,Rob,0.0
47528289,Julie,1.0
47529510,Naomi,0.0
47529943,Amy,1.0
47530789,Mathieu,0.0
47541796,Sab,0.0
47542963,Nakul,0.0
47558702,Colm,0.0
47563514,Anna,0.0
47566625,Superhost,1.0
47567420,Eylem,0.0
47574848,Tim,0.0
47579101,Sabrina,0.0
47593074,Mary,0.0
47606882,Janet,0.0
47608979,Elizabeth,1.0
47609036,Ben,1.0
47618612,Row,1.0
47634456,Poompong,0.0
47636076,Tara,0.0
47637267,⁨Sohrab(Simon)⁩,0.0
47639091,Harry,0.0
47648168,Ethan,0.0
47648444,Noémie,0.0
47651301,Ludmil,0.0
47654760,Kamie,1.0
47663165,Angela,0.0
47666671,Ally,0.0
47667904,Kristin,1.0
47669397,Jennifer,0.0
47672233,Sora,0.0
47684180,Jack,0.0
47686427,Teresa,0.0
47686700,Nat,0.0
47690740,Edoardo,1.0
47692370,Jean-Philippe,0.0
47696882,Sami,0.0
47706945,Dionne,0.0
47709712,Nicolas,1.0
47712745,Jane,0.0
47721717,Mubarak And Laila,0.0
47723651,Michael,0.0
47725466,Amardeep,0.0
47727696,Kulbir,0.0
47730690,Michail,0.0
47732587,Mook,1.0
47732978,Ingrid,0.0
47748845,Melanie,0.0
47750865,Cathie,0.0
47751883,Marc,0.0
47764144,Phooripat,1.0
47769463,Giulia,0.0
47777659,Ali,0.0
47788806,Nico,1.0
47795487,Thomas,0.0
47797083,Nathan,0.0
47802862,Ajit,0.0
47809234,Gerard,1.0
47810786,Helena,0.0
47820946,Richie,0.0
47821711,Mark,0.0
47822515,Konrad,0.0
47822956,Gerald,0.0
47824164,Noam,1.0
47865355,Robyn,1.0
47872757,Stephanie,0.0
47873948,Kn,0.0
47878604,Sabi,1.0
47880016,Chloe,0.0
47882519,TheSunrise,0.0
47883747,Fiona,0.0
47887241,Charaf,0.0
47887926,Pimauma,0.0
47891464,Susan Yu,0.0
47901489,Chookiat,0.0
47904996,Alejandro,0.0
47908587,Gagan,1.0
47910463,Milän,0.0
47914908,Tricia,1.0
47920983,Francine,1.0
47936459,Katrina,0.0
47939377,Nitchawan,1.0
47940947,Saran,0.0
47943619,Murray,1.0
47945354,Barry,0.0
47952638,玉瑛,0.0
47954240,Oluwatobi,0.0
47954838,Roland,0.0
47955110,Laurence,0.0
47958330,Nima,0.0
47962051,Sharon,1.0
47971243,Rosalie,1.0
47975732,Nick,0.0
47989731,Ploypapas,0.0
47992934,Hamza,0.0
48005524,Nico,1.0
48007059,Greg,0.0
48014315,Nat And Andy,1.0
48015044,Henry,0.0
48015860,Alex,1.0
48030900,Ms,0.0
48035101,Luke,0.0
48037820,Caroline,1.0
48042508,Oz,0.0
48043229,Shinwha,0.0
48043460,Mary Beth,0.0
48045996,Daisy,0.0
48060076,Samuel,0.0
48062833,Arty,1.0
48066622,Sharon,0.0
48068618,Rika,0.0
48069192,Sam,1.0
48073897,Amy,0.0
48076203,Priya,0.0
48081003,Raul,1.0
48085902,Beth,0.0
48088997,Ida,0.0
48089804,Irina,1.0
48103811,Jay,0.0
48107951,Orin,1.0
48118930,Koramon,0.0
48124731,Richard,0.0
48132716,Shida,0.0
48136143,Crystal Wang,1.0
48136162,Eleni,1.0
48136271,Antonia,0.0
48143860,Galyna,0.0
48149803,Joel,0.0
48166364,Lola,0.0
48179101,Jason,0.0
48182520,Gareth,0.0
48183757,Hazel,0.0
48184513,James,0.0
48202725,Vanessa,0.0
48215290,Wachira,1.0
48239094,Jon,0.0
48244274,Sophie,1.0
48245727,Vanee,1.0
48246467,Sanjay Perera,1.0
48247266,Loudmila,1.0
48258009,Phoebe,0.0
48268468,Natalie,0.0
48271708,Joao,0.0
48281793,Victoria,0.0
48284125,Vivian,0.0
48287739,Giulia,0.0
48297073,Lola,0.0
48299089,Simon,0.0
48310038,Sandi,0.0
48312483,Jettawan,0.0
48313052,Dean,1.0
48317381,Heidi,1.0
48318236,Jonathan,0.0
48321800,Susan,0.0
48326591,Rhiannon,1.0
48336566,Sandrine,1.0
48336884,Christopher,0.0
48351445,Susan,0.0
48362238,Heather,1.0
48373308,Will,1.0
48392431,Osama,0.0
48396048,Jeab,0.0
48411878,Teresa,0.0
48423503,Rinrada,1.0
48425998,James,0.0
48431397,Rania,0.0
48431930,Trisha,0.0
48432412,Michael,0.0
48434709,Karishma,0.0
48436277,Seann,0.0
48444018,Emma,1.0
48452647,Sally,1.0
48453379,Sylvia,0.0
48457806,Taspol,1.0
48457835,Faisal,0.0
48461615,Monamorn,1.0
48462456,Charlotte,1.0
48464899,Oi,0.0
48482990,Freddy,0.0
48483483,Jittirat,0.0
48487310,Helen,0.0
48487758,Suryavir,0.0
48491149,Auttapon,0.0
48494009,Matteo,0.0
48516675,Natasha,0.0
48525076,Catherine,0.0
48527341,Dominica,0.0
48538672,Stephen,1.0
48540387,Mayuree,1.0
48540947,GirlyGrace,0.0
48543400,Siripen Sonia,0.0
48554881,Amanda,0.0
48559359,Keith,0.0
48559534,Wendy,0.0
48560888,Matteo,0.0
48570874,Angel,0.0
48576461,Vylana,1.0
48584117,Rachel,1.0
48601313,Elena,1.0
48602573,Simon,0.0
48611786,Jennifer,0.0
48613419,Sophie,0.0
48614883,Todd,0.0
48618551,Marcos Roberto,1.0
48629870,Gary,0.0
48632246,Omg,0.0
48637373,Angie,1.0
48654322,Luke,1.0
48659269,Sean,1.0
48663251,Eddie,0.0
48695149,Fleur,0.0
48699467,Brewlands Estate,1.0
48702817,Jackie And Mark,1.0
48704831,Nancy,0.0
48705001,Dede,1.0
48709676,Sabrina,1.0
48713321,Jacqueline,0.0
48721805,Sandra,1.0
48725481,Mully,0.0
48741143,Jd,0.0
48746550,Bettina,0.0
48749619,Angela,1.0
48752051,Adrien,0.0
48755323,Zack,0.0
48760037,Lizz,0.0
48766347,Catherine,0.0
48770495,Toni,0.0
48800067,Robert,0.0
48801172,Nicola,0.0
48802738,Mohammad Yousof,0.0
48805137,Bj,0.0
48822679,Saharat,0.0
48826552,Thomas,0.0
48831469,Machita,1.0
48832264,Maki Family,0.0
48834532,Peter,0.0
48837080,Emma,0.0
48839550,Kate,0.0
48850593,Martin,1.0
48854001,Jeff,1.0
48855448,Mayjira,0.0
48858481,Jonny,1.0
48861062,Lily,0.0
48861995,Ben,1.0
48879252,Jean,0.0
48888889,Humayun,1.0
48889930,Valentina,0.0
48892477,Eoghan Edmund,1.0
48894093,Corporate Stays,0.0
48894303,Piero,1.0
48907138,Jing,0.0
48920884,Rosemary,1.0
48923018,Robert,1.0
48924556,Tee,0.0
48931081,Yoo,1.0
48931601,Joscha,1.0
48951367,Ong,1.0
48956288,Ian,1.0
48957065,Callum,0.0
48959236,Crista,0.0
48968232,Anna,0.0
48970014,Victoria,1.0
48970473,Rodrigo,1.0
48973165,Wil,1.0
48975847,S&D,0.0
48978998,Aleksandar,0.0
48979791,Arne,1.0
48986246,Charlie,1.0
48992322,Chotchanin,0.0
48993661,Sara,0.0
48994141,Thanya,1.0
48996991,Ben,0.0
49001904,Kristina,0.0
49003010,Holly,1.0
49007282,Ed,0.0
49013740,Keawalee,1.0
49028834,Ele,0.0
49029781,Adda,1.0
49039050,Cami,0.0
49043392,Poppy,0.0
49043649,Anya,1.0
49043993,Gray And Ally,1.0
49048466,Alexandra,1.0
49055642,Chris,0.0
49056878,Rifat,0.0
49061784,Mrs.Variya,0.0
49065894,Tushar,0.0
49078523,David,0.0
49080556,Sayed,0.0
49097759,Leigh,0.0
49098205,Francisco,0.0
49102742,Grace,0.0
49104844,Pimpisa,0.0
49105606,Amelia,0.0
49112002,Sarah,0.0
49118186,Viviana,0.0
49132583,Weeraphong,0.0
49135920,Rattana,0.0
49144077,Paras,1.0
49144210,Sophie,1.0
49148649,Eimear,1.0
49149511,Ted,0.0
49149749,Chantel,0.0
49153497,Paul,0.0
49168076,Maria,0.0
49174807,Hoxton,1.0
49176283,Lukas,0.0
49182321,Julie,0.0
49183164,Sara,1.0
49188603,Lynn,1.0
49193242,Yasumi,0.0
49204089,Helen,0.0
49205994,Soskia,1.0
49218983,Linda,1.0
49220458,Pim,1.0
49223775,Carrie,0.0
49224188,Yolanda,0.0
49227061,Papaporn,0.0
49227778,Briget,0.0
49232938,Mark And Sally,1.0
49235300,Elliott,0.0
49237805,Laurie,0.0
49241833,Jingying,0.0
49248044,Jirakorn,1.0
49253469,Sinead,1.0
49257116,William,0.0
49264754,Shannon,0.0
49265926,Alhambra Hotel,0.0
49266330,J Francis,0.0
49278054,Steve,0.0
49279976,Lauren,0.0
49285361,Jose Francisco,1.0
49287283,Hugo,0.0
49293123,Danny,1.0
49303784,Neil,1.0
49303982,Mirko,0.0
49309984,Ratchadapoint,0.0
49316951,Erika,0.0
49321441,Keiron,0.0
49338227,Antonio,0.0
49344975,Cattareeya,1.0
49345632,Radu,0.0
49360489,Mike,1.0
49361461,Amanda,0.0
49397014,Amish,0.0
49399015,Jonathan,0.0
49400091,Farida,1.0
49402344,Angus,0.0
49402421,Elizabeth,0.0
49403985,Mon,0.0
49406757,Michael,0.0
49406958,Nickael,0.0
49419222,Lee,0.0
49422730,Phil,0.0
49437067,Romain,1.0
49439423,Natalia,0.0
49440017,Ivi,0.0
49441195,Helen,0.0
49453712,Mohammad Muddesur,0.0
49456685,Adam,0.0
49469130,Aleks,0.0
49472260,Be London,1.0
49484850,Taweesuk,0.0
49485057,Annie,0.0
49487656,Lilia,0.0
49496291,Anna,1.0
49509483,Julia,0.0
49511076,Suzanne,0.0
49511218,Marie,0.0
49522927,Prin,0.0
49529568,Catherine,1.0
49529860,Ernest,1.0
49531451,Paolo,1.0
49532225,Daniel,0.0
49534823,Theodora,1.0
49535090,Katja,0.0
49539775,Max,0.0
49558029,Hannah,0.0
49574352,Alastair,0.0
49575186,John,0.0
49575523,Ish,1.0
49590099,Lorna,0.0
49602995,Daniela,1.0
49605373,Patrick,0.0
49613992,Annabelle,0.0
49616770,Luis,0.0
49621586,Victoria,0.0
49634683,Richard,1.0
49638628,Graham,0.0
49642511,Stanis,1.0
49661957,Ekapop,0.0
49662322,Raissa,0.0
49665061,Rewa,0.0
49683163,Mod,0.0
49685797,Blair,1.0
49689250,Jessie,0.0
49691664,Laura,0.0
49693964,Fred,0.0
49713971,Paul,1.0
49720924,Priscilla,1.0
49732535,Jake,0.0
49733755,Lady Yomara,0.0
49740289,Daniel,0.0
49743612,Jeannie,0.0
49748174,Yunlong,1.0
49749179,Kane,0.0
49749513,Pip,0.0
49751870,Oliver,0.0
49766908,Shauna,0.0
49767529,Catherine,1.0
49774273,Lydia,0.0
49775015,Juliette,0.0
49777088,Julian,0.0
49780012,Nadia,0.0
49781347,Ziena,0.0
49786435,Elodie,0.0
49786548,Anahit,0.0
49786957,Nil,0.0
49788675,Sandra,1.0
49791467,Harriet,0.0
49798582,Nyima,0.0
49799340,Diane And Al,1.0
49805341,Rikke,0.0
49816541,Kate,0.0
49824036,Woodti,0.0
49825020,Simone,0.0
49828258,Bi Xia,0.0
49829134,Lee,1.0
49834487,Sahadon,0.0
49837508,Jane,0.0
49839563,Kenosuge,0.0
49851295,SunnyBay,0.0
49855716,Gracie,0.0
49855867,Ani,0.0
49858636,Non,0.0
49859582,George Christopher Robin,0.0
49861876,Daniella,1.0
49875528,Pascale,0.0
49883461,Eva,0.0
49889734,Avni,0.0
49892766,Ramona,1.0
49893504,Veronica,0.0
49894416,Julia,0.0
49906915,Georgina,0.0
49908546,Daniel,1.0
49912646,Santi,0.0
49916138,Lucy,0.0
49918625,Thanasinee,1.0
49919469,Raheel,0.0
49921252,Jena,1.0
49922077,Meriem,1.0
49924319,Jeetender,0.0
49926410,Charlie And Amanda,1.0
49926765,Aimilios,0.0
49931274,Pisith,0.0
49936207,Rampapak,0.0
49938375,Mingus,0.0
49940344,Jah Sitaphan,1.0
49954164,Dragan,0.0
49959723,Yusa,0.0
49964776,Linda,0.0
49969949,Cecilia,0.0
49977373,Minkie,0.0
49979699,Hemmi,1.0
49992531,Bill - LettsGetSmart,0.0
50019551,Giovanni,0.0
50020477,Fraser,0.0
50028176,Phak,0.0
50029694,Amanda,1.0
50031773,Sandra,0.0
50034341,Christie,1.0
50034881,Nina,0.0
50044324,Binyam,0.0
50044806,Camilo,1.0
50050657,Wipa,0.0
50052360,Matus,0.0
50056624,Nora,0.0
50076402,Dominic,0.0
50077998,Wanvisa,1.0
50083604,Ella,0.0
50084498,Gerard,0.0
50090051,Nicholas,0.0
50092343,Robin,0.0
50095820,Dario,0.0
50109371,Jonathan,0.0
50112313,Al,1.0
50119698,Amelia,0.0
50121615,Emma,0.0
50124280,Jatupon,0.0
50130837,Ollie,0.0
50134690,Jenny,1.0
50134725,David,0.0
50136517,Penny,1.0
50140849,Najia,0.0
50150402,Palisa & Matt,0.0
50156330,Nicky,0.0
50158419,Shukun,0.0
50159250,Matt,0.0
50160236,Tania,0.0
50163470,Katie,0.0
50166310,Supichet,0.0
50170816,Richard,1.0
50174640,Charles,0.0
50178196,Rory,0.0
50181179,Derek,0.0
50183566,Petra,0.0
50187853,Elsa,0.0
50191539,Varissara,0.0
50193696,Chris,1.0
50202811,Tom,0.0
50204266,Elinor,0.0
50207133,Muhammad,1.0
50208944,Mayor,0.0
50217813,Megan,0.0
50225846,James,0.0
50244012,Eddie,0.0
50245652,Joseph,0.0
50248423,S,0.0
50249700,Nut,0.0
50257667,Fabio,0.0
50259960,Leandro,1.0
50262952,Rory,0.0
50264555,Harry,0.0
50273428,Blae,0.0
50291093,Mar,0.0
50294332,Ken,0.0
50297312,Ole,0.0
50299547,Nadia,1.0
50302161,Sarah,0.0
50305583,Katherine,1.0
50308105,Daniel,0.0
50312563,Alex,0.0
50312731,Mary,1.0
50314226,Danny,1.0
50334472,Craig,0.0
50339821,Lisa,1.0
50347283,Fi,1.0
50347884,Min,0.0
50353342,Xavier,0.0
50361077,Elite Shortlet,0.0
50364061,Bhawat,0.0
50369025,Romina,0.0
50374217,Luke,1.0
50381170,Kurran,1.0
50392824,Lisa,1.0
50394197,Francesco,1.0
50396825,Eric,0.0
50400563,LondonFlatsDFM,0.0
50413369,Anaek,1.0
50417543,David,0.0
50418636,Marcus,0.0
50425595,Trinh,0.0
50427057,Once Again Hostel,0.0
50427516,Sebnem,0.0
50430940,Ruth,0.0
50431256,Jon,0.0
50445940,R,0.0
50451288,Pearl,0.0
50461291,Rebecca,0.0
50481769,Sea,0.0
50491342,Luke,1.0
50499205,Bum,1.0
50500052,Verity,1.0
50501119,Marit,0.0
50502319,Cheeraporn,1.0
50504612,Simon,1.0
50504811,Hannah,1.0
50505992,Sahar,0.0
50508994,Olivier,0.0
50510760,快乐 雷姐,0.0
50523408,Aqeel,0.0
50524589,Felicity,0.0
50531253,Mark,0.0
50544510,Jay,1.0
50547514,Paulo,0.0
50552306,Arzu,0.0
50552827,Katy,0.0
50565626,Livia,1.0
50577078,Alex,0.0
50578784,Inessa,0.0
50581484,Alice,1.0
50581946,Elena,0.0
50589475,Greg,0.0
50591602,Ashraf,0.0
50600550,Kingsley,0.0
50601221,Vivien,0.0
50617145,Jenny,1.0
50623291,Toni,0.0
50640031,Sıla,0.0
50661571,David,1.0
50664005,Ajay,0.0
50668779,Carol,0.0
50674720,Simon,1.0
50674922,Alex,0.0
50677945,Luca,0.0
50681888,Amy,1.0
50682582,Steve,0.0
50691200,Lizeth,0.0
50705772,Mark,0.0
50709865,Daniela,0.0
50713152,Zheng,0.0
50713258,Piya,1.0
50713270,Mirjam,0.0
50721606,Evalyne,1.0
50725147,Mark,0.0
50731659,Bee,0.0
50743129,Emily,0.0
50755462,Katie,0.0
50773846,Suji,1.0
50779492,David,0.0
50786413,Charles,0.0
50790927,Jamie,0.0
50792864,Nawat,0.0
50795500,William,0.0
50796707,Trish,0.0
50798708,Monica,0.0
50798855,Peta,0.0
50800396,Emma,0.0
50800796,Tania,0.0
50806157,Owen,0.0
50807084,Clive,1.0
50814184,Elaine,0.0
50837563,Ravi,0.0
50837668,Sara,0.0
50839690,Ricardo,1.0
50843517,Jisan,1.0
50845994,Ece,1.0
50846493,Guenter And Shan,0.0
50847329,Alvaro,0.0
50848092,Robert,0.0
50851343,Vanessa,0.0
50865766,Deana,0.0
50876631,Ponprapa,1.0
50879743,Dan,0.0
50881718,Helena,0.0
50884276,Cosyroam,0.0
50886422,Lusi,1.0
50895175,Waranya,1.0
50896010,Matt,1.0
50896947,NiSh,0.0
50906531,Katy,0.0
50913468,Louis,0.0
50919544,Jan,0.0
50942777,Tara,0.0
50960273,Anne,0.0
50963493,Bobo Nathanet,0.0
50963947,Calvin,0.0
50964398,Robert,0.0
50965084,Ruthai,0.0
50973340,Shane,1.0
50982650,Mahan,0.0
50982876,Dennis,0.0
50985658,Catherine,0.0
50986869,Sutthi,0.0
50992974,Matthew,1.0
51002683,Tom,1.0
51012810,⁨瀚 (Han)⁩,1.0
51018425,Marco,0.0
51020828,Jo,1.0
51021430,Mark,0.0
51029344,Stig,0.0
51035152,Tim,0.0
51048158,Selina,1.0
51053138,Mario,0.0
51058860,Peng,0.0
51064393,Sinan,1.0
51072279,Samuel,1.0
51074483,Nuttawut,0.0
51077937,Guy,0.0
51079525,Carlos Javier,1.0
51096845,Vishal,0.0
51117855,Joseph Geoffrey,0.0
51124020,Caroline,1.0
51124959,Kesha,0.0
51128122,Carmen,0.0
51133751,Serge,1.0
51142753,Ingrid,0.0
51159837,Simone,0.0
51166872,Julia,0.0
51168635,Serge,1.0
51176943,Sonia,0.0
51193166,Jacquie,1.0
51195425,Margie,1.0
51197557,Nichola,0.0
51197872,Anita,0.0
51200360,Rufy,0.0
51206743,Annie,1.0
51208974,Murat,0.0
51213399,Haus,0.0
51225201,Richard,0.0
51226470,Richard,0.0
51236459,Kieran,1.0
51242696,Graham,0.0
51256187,Oli,0.0
51257703,Barry,1.0
51258768,Laura,0.0
51262282,Guy,1.0
51272430,Lily,0.0
51273664,Helena,0.0
51288198,Ashleigh,1.0
51290134,Fur,1.0
51290317,Taryn,0.0
51295296,Theeranon,0.0
51295605,Craig,1.0
51296891,Dionne,0.0
51306044,Apiwat,1.0
51310804,Nui,0.0
51316361,Jessie,0.0
51325901,Bk,0.0
51329458,Rachel,1.0
51335463,Kate,1.0
51337758,Barley,0.0
51338220,Catherine,0.0
51343611,Bianca,0.0
51344887,Bethany,0.0
51350792,Stela,1.0
51374673,Phalawut,1.0
51381013,Ben,1.0
51392709,Siena,0.0
51407461,Sarah,1.0
51429466,Harry,0.0
51432204,Gael,1.0
51437359,Karin,0.0
51439982,Shweta,0.0
51442809,Claire,0.0
51445678,Archie,0.0
51447086,Anthony,0.0
51479482,Marie,1.0
51483141,Gwen Hughes,1.0
51486319,Stephanie,1.0
51487567,Ping-Chih,0.0
51487569,Karen,1.0
51505350,Cathy,0.0
51507029,M,1.0
51509160,Nanou,1.0
51515579,Kayode,0.0
51521703,Sam,0.0
51529825,Yoel,0.0
51532149,Abel,1.0
51532408,Amanda,1.0
51536679,Saba,0.0
51537656,Ibrahim,0.0
51547356,Claudia,0.0
51549667,Jaq,1.0
51557712,Marian,0.0
51560487,Kim,0.0
51560910,Michael,0.0
51564780,Geoffrey,0.0
51570053,Nathan,0.0
51572157,Andrew,0.0
51572260,Yvonne,0.0
51587685,Laura,0.0
51613100,Sirirat,0.0
51613926,Wanti,0.0
51617834,Georgina,0.0
51641436,Franky,0.0
51652045,Ruth,0.0
51657387,Anna,0.0
51665207,Carrie,1.0
51672581,Seyma,0.0
51685133,Brett,0.0
51689511,Louwrida,0.0
51692374,Homa,0.0
51698102,Xannon,0.0
51704407,Saba,1.0
51709028,Nata,1.0
51715335,SettleEase,0.0
51734330,Dhruva,0.0
51767555,Cameron,0.0
51772899,Nikki,0.0
51783459,Mossy,0.0
51787255,Weeraya,1.0
51796188,Jo,1.0
51816240,Giuseppe,1.0
51816436,Richard,0.0
51818360,James,0.0
51822233,Pedro,0.0
51832842,Neil,1.0
51833676,Vanessa,0.0
51837583,Charlotte,0.0
51846953,Anna,1.0
51849039,Sharie,0.0
51849824,Zlatko,0.0
51853288,Oliver,0.0
51858185,Cici,1.0
51858299,Tammy,0.0
51869758,Anna,0.0
51874734,Helen,0.0
51880508,Vanny,0.0
51880652,Wasim,0.0
51882427,Mina,0.0
51894844,Ladislas,0.0
51900271,Andrew,0.0
51915256,Fahimah,0.0
51918131,Daksha,1.0
51923309,Justin,0.0
51949709,Urvashi,1.0
51967443,Mathew,0.0
51972449,Rauri,1.0
51973997,Hadi,1.0
51982020,Residence,1.0
51984798,Harriet,1.0
51990541,Matt,0.0
51990967,Dennis,0.0
51990968,Daisy,0.0
51991912,Peter,0.0
52005585,Koko,1.0
52010396,Liz,0.0
52012248,Rhonwen,0.0
52013470,Stephane,0.0
52015258,Maria,0.0
52025447,Diego,0.0
52044717,Grace,0.0
52053618,Sue,0.0
52065464,Tilda,0.0
52068281,Krissna,0.0
52090991,Numair,1.0
52103731,Joseph,1.0
52111992,Danny,0.0
52117665,Sinead,1.0
52122721,Paul,1.0
52123550,Lauren,0.0
52130340,Pim,1.0
52134819,Jeremy,1.0
52136851,Noel,1.0
52144521,Sawarot,0.0
52146481,Sam,0.0
52150663,Alan,0.0
52151176,Camden Stays,0.0
52155616,Eliza,0.0
52161762,Sarah-Jane,0.0
52161947,Noons,0.0
52165017,Thanawan,1.0
52167763,Patrick,1.0
52168891,Dipto,0.0
52170437,Izzie,1.0
52206550,Xiggy,0.0
52207532,Gal,0.0
52210679,Barbara,0.0
52215388,Amarah,0.0
52231114,Petra,1.0
52252468,Aree,0.0
52261040,Simon,0.0
52266189,Mal,1.0
52268422,Ali,0.0
52268766,Inji,0.0
52270960,Maud,0.0
52278456,Daniel,0.0
52298811,Deborah,1.0
52301066,Isobel,1.0
52319073,Cats,0.0
52319842,Simon,1.0
52321762,Ian,0.0
52334455,Max,0.0
52336049,Brayan,0.0
52338465,Emily,0.0
52348300,Aaron,0.0
52364981,Jennifer,0.0
52370590,Pranee,1.0
52379485,Bhavin,0.0
52385717,Aoife,1.0
52392611,Visanu,0.0
52398651,Pai,1.0
52406913,Hugo,1.0
52409488,Joaquín,1.0
52432448,Joy,1.0
52437011,Zena,0.0
52442695,Mauricio,0.0
52443306,Lara,0.0
52445400,Duncan,0.0
52446331,Murray,0.0
52451504,Juliet,1.0
52457434,Val,0.0
52459238,Anna,0.0
52462736,Diane,1.0
52477012,Marin,1.0
52494593,Linda,1.0
52496968,Song,0.0
52514797,Clare,1.0
52518044,Jesse,0.0
52539298,Natthamon,1.0
52543686,Don,0.0
52553025,Gary,1.0
52570021,Dominic,0.0
52591516,Sue,1.0
52597851,Georgia,0.0
52619736,Cameron,1.0
52621038,Taneisha,1.0
52630365,Alex,0.0
52632077,Gemma,1.0
52642683,Sabah,1.0
52644798,Alexandra,0.0
52648416,Ben,0.0
52650550,Anusit,0.0
52654962,Susannah,0.0
52697564,Zhaohua,0.0
52704932,Roberta,0.0
52737847,Eye,0.0
52743366,Tommy,0.0
52745934,Jack,0.0
52746743,Nikki,0.0
52747195,Minho,0.0
52752337,Simone,0.0
52752390,Rebecca,0.0
52771383,Alison,1.0
52779918,Jini ジニ,1.0
52784362,Kike,0.0
52784614,Suzie,0.0
52791923,Sascha,0.0
52792937,Anne,1.0
52800150,Saskia,0.0
52807885,Simon,1.0
52825346,Jamal,0.0
52832157,Vanessa,0.0
52833444,Lyndsay,1.0
52834531,Peppi,0.0
52836567,Orange,1.0
52840596,Emma,1.0
52850681,Ioanna,0.0
52850926,Tommy,0.0
52862500,Sarah,0.0
52863887,Francesco,0.0
52874294,Yusuf,0.0
52878580,Craig,0.0
52913616,Luke,0.0
52921249,Allison,0.0
52928152,Michelle,1.0
52929086,Vivian,0.0
52933451,Mandy,0.0
52937326,Will,0.0
52937964,Hannah,1.0
52941044,Joseph Alison,0.0
52943109,Charlotte,0.0
52975556,Sudip,0.0
52988565,Anton,0.0
52988942,Scott,0.0
52992986,Thayika,1.0
52998499,Jane,0.0
53008104,Michele,1.0
53016334,Annick,0.0
53019821,Sophie,1.0
53020046,Bruno,0.0
53022713,Sara,1.0
53025283,Rose,0.0
53038195,Claire,0.0
53053106,Eli,0.0
53056585,Lydia,0.0
53064840,Preslava,0.0
53065647,Edward,0.0
53066079,Camila,0.0
53076733,Ana,1.0
53081853,Joanne,0.0
53092882,Sunny,1.0
53113753,Amanda,1.0
53117968,Kerim Emre,0.0
53125704,Jessica,0.0
53148663,Dora,1.0
53150964,Lucy,0.0
53163197,Tejashree,0.0
53164194,Napoj,0.0
53172115,Matt,0.0
53179431,Jules,1.0
53182737,Fergus,1.0
53186911,Shelley,1.0
53198635,Ida,0.0
53199047,Jesse,0.0
53227875,Georgina,0.0
53239676,Samornrat,0.0
53243081,Tanya,0.0
53247641,Justin,1.0
53259065,Lisa,1.0
53261313,Julie,0.0
53264622,Jackie,1.0
53271177,Marco,0.0
53274341,Angel,0.0
53292355,Chris,0.0
53296927,Emily,0.0
53298605,Gillian,0.0
53313588,Ali,0.0
53316064,David,0.0
53317510,Keddon,0.0
53323515,Paris And London Perfect,1.0
53328317,Carlene,0.0
53329995,Katherine,0.0
53330721,Kate,0.0
53334406,Rebecca,1.0
53382280,Andrew,1.0
53387181,Dana,0.0
53387240,Yodkamol,1.0
53393222,Joe,0.0
53396153,Phoebe,0.0
53415857,Min,0.0
53421246,Alex,1.0
53421494,Ignacio,0.0
53466399,Patrick,1.0
53478091,Kara,0.0
53478824,Barry,0.0
53494836,Cheng,0.0
53497010,Emma,0.0
53502676,Thi,0.0
53503584,Chey,0.0
53505044,Lula,0.0
53510791,Rory,0.0
53511278,Rebecca,0.0
53512783,Win,0.0
53518497,Darcy,0.0
53522430,Milena,0.0
53526879,Leila,0.0
53530531,Darto,1.0
53530945,Jonas,1.0
53538193,Jira,1.0
53541197,Silvia,0.0
53550425,Michael,0.0
53562772,Germana,0.0
53563610,Asal,0.0
53595540,Vannessa,0.0
53605713,Katie,1.0
53618841,Simon,0.0
53625508,Mark,0.0
53625584,Aurora,1.0
53637304,Neil,1.0
53641149,ShaSha,0.0
53665661,Michelle,0.0
53667288,Alyssa,0.0
53668731,Andrew,0.0
53669778,Errikos,0.0
53675926,Kim,1.0
53683576,Luca,0.0
53692987,Melon,1.0
53716002,James,0.0
53730999,Jonathan,0.0
53746689,Alessandro,0.0
53751735,Col & Sandra,1.0
53758392,Olivier,1.0
53759664,Shuang,0.0
53790623,Rika,0.0
53791938,Joshua,0.0
53797872,Hanna,0.0
53798335,Camilla,1.0
53802482,Letizia,0.0
53804282,Lucy,0.0
53805651,Rachel,0.0
53821061,Catherine,1.0
53861172,Siobhan,0.0
53863860,Carly,0.0
53864944,Michelle,0.0
53874311,Daniel,1.0
53879429,Alexis,1.0
53883666,Wanree,0.0
53893971,Lynda,0.0
53900468,Susu,0.0
53900703,Maria & Alan,0.0
53903175,Fatima,1.0
53904736,Jirat,1.0
53907459,Molly,0.0
53910934,Daniel,0.0
53916260,Ayse,0.0
53934039,William Albert C,1.0
53950326,C,0.0
53952383,Arman,0.0
53956730,Melanie,0.0
53962093,Hannah,0.0
53962460,Maya,0.0
53974091,Amanda,1.0
53982526,Vanessa,0.0
53988498,Jessica,0.0
54000237,Guy,1.0
54009314,Pond,1.0
54016609,Sunhee,0.0
54025360,David,1.0
54027472,Justin,0.0
54030613,Michelangelo,1.0
54046266,Antoaneta,0.0
54052402,Gareth,1.0
54052872,Richard & Daryl,1.0
54052905,Charlie,0.0
54054404,Helen,0.0
54061138,Kate,1.0
54074507,Maria,1.0
54088726,Eleanor,1.0
54091052,Ben,0.0
54111075,Abdul,0.0
54111141,Sally,1.0
54115048,Adel,0.0
54119599,Michael,1.0
54132150,Vic,0.0
54133309,Barbara,0.0
54134220,Kittipong,1.0
54147083,Neil,1.0
54157075,Dome,0.0
54164153,Markus,0.0
54178821,Sirinad,1.0
54179668,Dean,0.0
54184847,Madison Hill London,1.0
54200457,Carey,1.0
54210256,Andrea,0.0
54210559,Sakchai,1.0
54222401,Anwar,0.0
54238057,Ms Jessica Claire L,0.0
54247230,Daniel,0.0
54250830,Madeleine,0.0
54251281,Alex,0.0
54278520,Ahmed,0.0
54296635,Jack,0.0
54338058,Lauren,1.0
54341169,James,0.0
54341448,Lauren,1.0
54353297,Lesley,1.0
54354422,Colette,1.0
54363981,Kalvinder,0.0
54371838,Jamie,1.0
54395556,Penny,1.0
54395883,Sunil,1.0
54402975,Inka,0.0
54403007,Monique,0.0
54412773,Maureen And Brendan,1.0
54421762,Tanyapat,0.0
54422142,Atcharat,0.0
54436135,Adriana,0.0
54439977,Simon,0.0
54444171,Adam,1.0
54452393,Vanesa,0.0
54453283,Micki,1.0
54457939,Linda,0.0
54465412,Tom,0.0
54466989,Babette,0.0
54472647,Saskia,0.0
54476200,Thaweewat,0.0
54492701,Roosh,0.0
54498420,Henry,1.0
54498496,Carlos,0.0
54527212,Jordan,0.0
54529357,David,0.0
54537346,Sabai Stays,1.0
54549053,Stephanie,0.0
54551748,Kerry-Anne,0.0
54554313,Claire,0.0
54556383,Khemiga,0.0
54557372,Chen,1.0
54559276,Bussara,0.0
54560359,Somphol,0.0
54568607,Fiona,1.0
54574474,Namo,0.0
54580210,Simon,1.0
54588067,Aldineia,0.0
54616890,Tom,0.0
54628383,Tina,0.0
54655191,Louisa,1.0
54661540,Nikos,0.0
54664108,Kostas,1.0
54674236,Nischal,0.0
54687153,Jonathan,0.0
54691429,Thanya,0.0
54700924,Jane,1.0
54711794,Nadine,0.0
54712602,Tara,0.0
54724310,Jim,0.0
54743221,Nueng,1.0
54745791,Prinn,0.0
54747051,Ellie,0.0
54810908,Lisa,0.0
54813664,Best,0.0
54833937,Glen,1.0
54836658,Nigel,0.0
54841628,Sleepover Stays,1.0
54851956,Ify,1.0
54852384,Denise,0.0
54874195,Mark,0.0
54886370,Veronica,0.0
54887972,Francesca,0.0
54888471,Michael,0.0
54890829,Elizabeth,0.0
54893469,Julian,1.0
54906452,Sherisse,0.0
54908367,Anna,1.0
54924515,Greg,1.0
54947219,Phillip,0.0
54947448,Emma,0.0
54948019,Kevser,0.0
54959906,Rachel,0.0
54983757,Bia,0.0
54993880,Kate,0.0
54995060,Arianna,0.0
55001008,Katie,0.0
55015763,Caroline,0.0
55039463,Hetty,0.0
55054596,Michelle,1.0
55063550,Andrew,0.0
55085589,Luke,0.0
55091341,Yana,1.0
55098510,Pia,0.0
55104825,Natia,0.0
55117679,Amitesh,0.0
55120666,Diane,1.0
55122575,Sidharth,0.0
55128138,Maxine,0.0
55130442,Thomas,1.0
55131525,Naadiya,1.0
55153512,Tony,1.0
55173365,Alex,0.0
55174068,Pareesa,0.0
55204448,Alex,0.0
55211838,Charlotte,1.0
55235823,Jeremy,0.0
55238640,Louise,0.0
55240832,Chris,1.0
55245201,Royal,0.0
55250579,Brent,0.0
55255077,Rehan,0.0
55272687,Aaron,0.0
55277753,Kathleen,0.0
55292086,Marilia,1.0
55298011,Charlotte,0.0
55312572,Duncan,0.0
55314021,Danielle,0.0
55317499,Linda,1.0
55321826,Miles,0.0
55332507,Manna,1.0
55338108,Zoë,0.0
55338598,Yao,0.0
55341671,Virut,0.0
55353075,Kelly,0.0
55353183,Noparat,1.0
55356550,Vivi,1.0
55356733,Kanchan,0.0
55361472,Richard,0.0
55372563,Chesca,0.0
55395782,Luca,1.0
55396360,Rhys,0.0
55404064,Poppy,0.0
55411579,Phoompat,1.0
55414382,Genny,0.0
55439797,Kimberleigh,0.0
55441122,Kenneth Chi Tak,1.0
55441384,Luke,0.0
55448463,Dan,0.0
55456924,Nikki,1.0
55489854,Rob,0.0
55496470,Amanda,0.0
55503410,Catherine,0.0
55514474,Nop,0.0
55519642,Gergo,1.0
55525889,Victoria,0.0
55565294,Larry,0.0
55580396,Victoria,0.0
55584344,Rhodie,0.0
55588033,Sam,1.0
55597452,Meraki Residences,0.0
55598483,Emanuel,0.0
55599600,Laura Elizabeth,1.0
55605825,Ashika,0.0
55622213,Jing,0.0
55628574,Nid,0.0
55629970,Nahgrit,0.0
55639901,Nicola,0.0
55640456,Catherine,1.0
55652198,Mergim,0.0
55652657,Carl,1.0
55652810,Tim,1.0
55654459,Harvey,0.0
55676531,Claire,0.0
55680867,Lucy,0.0
55684287,Alan,0.0
55688316,Jo,0.0
55693985,John,0.0
55696151,Céline,1.0
55699143,Vivi,1.0
55718829,Faisal,0.0
55718956,Pam,0.0
55719038,John,1.0
55725491,Savi,0.0
55729821,Sarah,0.0
55731825,Andrew,0.0
55733804,Cathy,1.0
55740397,Rabia,0.0
55742906,Renana,0.0
55746890,Peter,1.0
55750767,Sy,0.0
55756398,Ms Imogen Octavia,0.0
55766663,Ian,0.0
55777639,Amy,0.0
55779524,Jesse,0.0
55781948,Fran,0.0
55789423,Robin,0.0
55800984,Sinead,0.0
55809399,Mahfuz,1.0
55814332,Floriane,1.0
55830636,Olivia Catherine,0.0
55837670,Tawee,0.0
55845110,Mabell,0.0
55850866,Hanna,1.0
55853474,Kirstine,1.0
55855598,Tomi,0.0
55902915,Anna,1.0
55904018,Leigh,0.0
55947056,Lucie Gemma,0.0
55950928,Marialuisa,0.0
55950981,Chloe,0.0
55953864,Nick,0.0
55956150,Carolyn,1.0
55961254,Sofia,1.0
55966121,Pauline,0.0
55976245,Victoria,0.0
55989757,Crystal,1.0
55996047,Bex,1.0
56007404,Sun昇茂,1.0
56012221,Lj,0.0
56025097,Joyce,0.0
56038642,Jenna,0.0
56049425,Claire,1.0
56059808,Lise,0.0
56062517,Jez,0.0
56068243,Anna,0.0
56087355,Jannes,0.0
56088744,Sean,0.0
56101597,Arhouse Apartments,0.0
56125082,Ellis,0.0
56131685,Silv,0.0
56138158,Jo-Anne,1.0
56141287,Yohan,0.0
56148943,Robert,0.0
56150015,Amanda,0.0
56150021,Deepali,0.0
56153534,Hocharn,0.0
56183779,Lukas,1.0
56185736,Richard,0.0
56195610,Khushroo,0.0
56212502,Alex,0.0
56219388,Elaine,0.0
56222692,Carl,0.0
56234623,Beatrice,1.0
56238585,Mikhail,0.0
56248983,Megan,1.0
56250231,Jay,1.0
56255385,Alicia,0.0
56279305,⁨1988 Homes⁩,0.0
56296845,Sasha,0.0
56298747,Orathip,1.0
56302717,Sarah,1.0
56312034,Cissy,0.0
56315342,Harrison,0.0
56318405,Michelle,0.0
56319149,Sara,0.0
56319417,Talya,0.0
56322812,Katie,0.0
56355360,Jason,0.0
56366088,Matteo,0.0
56377354,Sandra,1.0
56392105,Eva,0.0
56404290,Aiste,0.0
56406380,Bin,1.0
56422121,Rewadee,0.0
56431492,Kim,0.0
56439968,Branca,1.0
56441789,Tahzeen,0.0
56443921,Nicola,0.0
56444331,Presidential Estates,0.0
56446617,Sam,1.0
56459146,Phang,1.0
56463813,Anita,1.0
56467017,Golf,0.0
56469316,Omy,1.0
56475099,Jose And Angel,0.0
56500948,Chloe,0.0
56502517,Matt,0.0
56509246,London,0.0
56511725,Matthew,0.0
56512985,Gary,0.0
56517827,Joe,0.0
56527528,Philip,1.0
56531587,Guillaume,1.0
56540733,Delfine & Marco,1.0
56540762,Zhu,1.0
56549613,Tony,0.0
56550841,Julia,1.0
56558546,Shannon,1.0
56561719,Oom,1.0
56562808,Shaun,1.0
56564558,Jess,1.0
56569409,Carl & Andrea,0.0
56572361,Gianluca,1.0
56581006,Louis,0.0
56581866,Charles,0.0
56581935,Christopher,0.0
56587505,Charlotte,1.0
56590923,Nene,1.0
56592335,Peter,1.0
56596450,Marina,0.0
56600976,Freddie,0.0
56603945,Francesca,1.0
56605764,Pedro,0.0
56607329,Nicole,0.0
56633727,Jenny,0.0
56644042,Michael,0.0
56644444,Kerri Anne,0.0
56648978,Kingpai,0.0
56656904,Mitch,0.0
56663585,Joanna,0.0
56677670,Benedict,1.0
56682081,Claire,0.0
56682207,Thomas,0.0
56683141,Fleur,0.0
56684909,Livia,0.0
56685424,Sanaz,1.0
56686574,Michelle,0.0
56712173,Laura,0.0
56712864,Amy,0.0
56715794,Natasha,0.0
56716772,Ley,0.0
56718797,Isabelle,0.0
56724567,Martyn,0.0
56737444,Oliver,0.0
56758816,James,0.0
56762334,Alexander,1.0
56770105,Nattariya,1.0
56782854,Off,0.0
56793569,Leanne,1.0
56794737,Jane,1.0
56800994,Dennis,0.0
56802051,Ashley,0.0
56814120,Urban Hives,0.0
56824935,Issy,0.0
56825454,Torstein,0.0
56827067,Voratape,0.0
56828592,Svetlana,0.0
56836091,Yvonne,0.0
56840348,Mary,1.0
56851383,Emmanuel,1.0
56859407,Molly,1.0
56859611,Jonny,0.0
56862112,Paul,1.0
56878727,Sarah,0.0
56879550,Cristiana & Alex,1.0
56885321,Kátia,0.0
56885418,Jessica,0.0
56893197,Zoya,0.0
56896092,Carolyn,0.0
56899852,Ben From Bidnstay,1.0
56905475,Jessica,0.0
56907858,Yvette,1.0
56915041,Angela,1.0
56925370,Veronica,0.0
56934643,Nathan,1.0
56937639,Jonathan,0.0
56938276,Jack,0.0
56942436,Carla,1.0
56949035,Charlotte,0.0
56951683,Clare,1.0
56955416,Tom,0.0
56956074,Helen,0.0
56958966,Anaïs,0.0
56959794,Maria Florencia,0.0
56961392,Eve,0.0
56964871,Ash,1.0
56969249,Esphandyar,0.0
56980069,Rafael,1.0
56991334,Enrique,0.0
56992543,Amelia,0.0
56999663,Ana & Alicia Elorza,1.0
57000693,Nicolas,0.0
57001458,Karen,0.0
57002014,Sena,1.0
57024640,Melissa,0.0
57025617,Kaspar,0.0
57035485,Wei Cheng Wilson,0.0
57067541,Matthew,0.0
57083900,Carina,0.0
57085526,Marg,0.0
57100337,Peter,0.0
57100353,Libbi,0.0
57105548,Shi Hui,0.0
57109206,Antonia,0.0
57122581,Jennifer,0.0
57132621,Volha,1.0
57138054,Aaliyah,1.0
57150664,Tristam,0.0
57156124,Domenic,1.0
57167505,Ruth,1.0
57170303,Sarah,0.0
57172724,Charlotte,1.0
57178598,Tsivi,0.0
57186189,Andreas,0.0
57187149,Afrus,0.0
57187721,Susan,1.0
57192988,Ratjaporn,0.0
57200032,Brenda,1.0
57231454,Angelina,0.0
57232525,Gott,0.0
57239025,Tamsin,0.0
57240388,Katherine,1.0
57247447,John,0.0
57261707,Alvaro,1.0
57263463,Sawarot,1.0
57299168,Andrew,0.0
57305122,Zoe,1.0
57305634,Yan,0.0
57312802,Joo,1.0
57319433,Supatcha,0.0
57326434,Kelly,1.0
57334003,Yan,0.0
57340159,Meiya,0.0
57364291,Philippa,0.0
57377500,Remi,1.0
57416490,Rachel,1.0
57435989,Audrey,0.0
57440062,Shan,0.0
57441562,Mariana,1.0
57466292,Florencia,0.0
57467489,Fiona,0.0
57473266,Phornruethai,1.0
57479012,Lina,0.0
57490981,Tonje,0.0
57496939,Calantha,0.0
57506147,Miriam,0.0
57551836,Fred,1.0
57582991,Sumadee,1.0
57591152,Yes Khaosan,0.0
57593237,Penny,0.0
57612116,Camila,1.0
57613100,Leon,0.0
57613692,Zaryna,0.0
57615060,Kallum,0.0
57619117,Elda,0.0
57635402,Natalie,0.0
57662625,Mark,0.0
57669825,Cassandre,0.0
57672291,Sia Tracy,0.0
57676141,Sofia,0.0
57677883,Manoj,0.0
57678521,Elika,0.0
57683727,Christophe,1.0
57706372,Sotiri,0.0
57707854,Christian,0.0
57711135,Eileen,0.0
57738077,Nick,0.0
57747143,Jacob,1.0
57752365,Nathita,1.0
57766100,Kimberly,0.0
57781343,Archie,0.0
57797679,Benedict,0.0
57798770,Ben,1.0
57800271,Fady,0.0
57801495,Tia,1.0
57811413,Sharon,0.0
57811830,Jorge,0.0
57811933,Lauren,1.0
57814769,Maria,0.0
57827253,Tula,1.0
57828284,Brad,0.0
57833649,Tim,0.0
57838402,Debbie,0.0
57843393,Pakorn,1.0
57853105,Niamh,0.0
57860631,Robert,1.0
57860708,Jaegu,0.0
57866598,Luciano,0.0
57866941,Joanna,1.0
57868953,Tom,0.0
57874916,Nicha,0.0
57891037,Lovina U,0.0
57891240,Shez,1.0
57897961,Merat,0.0
57918814,Gary,1.0
57921319,Lisa,0.0
57922973,Noah,0.0
57929403,Lara,0.0
57935654,Tia,0.0
57940804,Leonie,0.0
57947946,Hamed,1.0
57970807,Prajitporn,0.0
57974755,Linda,1.0
57979681,Lida,0.0
57984352,Gabriele,0.0
57986943,Candy,1.0
57987294,Alessandra,1.0
57988677,Yupinda,0.0
57989340,Gareth,0.0
57991359,Pauline,0.0
57992470,Charlotte,0.0
57997525,Eddy,0.0
58033222,Kit,0.0
58045237,Maggie,0.0
58054625,Liliia,0.0
58055097,Simon,1.0
58056142,Sathivanie,0.0
58085894,Thap,0.0
58088453,Julie,1.0
58101502,Rehaan,0.0
58101869,Andrew,0.0
58104887,Ganell,0.0
58108504,Pedro,0.0
58108867,Diana,0.0
58115130,Kawin,0.0
58135070,Karol,0.0
58142602,San,1.0
58147757,Hannah,1.0
58150470,David,1.0
58154639,Pardeep,0.0
58163332,Catherine,0.0
58180956,Joanne,0.0
58185010,Georgia,0.0
58219159,Alex,1.0
58225180,Warwick,0.0
58227592,Susannah,0.0
58231845,Justin Cavell,1.0
58232076,Sarah,0.0
58237054,Penny,0.0
58237710,Douglas,0.0
58238892,Matteo Gabriele,0.0
58240396,Mayana Jolin,0.0
58241867,Dan,1.0
58242387,Kyn,0.0
58253287,Tania,0.0
58258278,Anne,0.0
58286311,Kawa,1.0
58298829,Susan Mary,1.0
58300394,Boon,0.0
58301302,⁨Anahita (Ana)⁩,1.0
58316808,Rebecca,0.0
58325499,Stephen / Jenny 的家,0.0
58332933,Marinos,0.0
58341371,Ellen,1.0
58345468,Valentina,0.0
58349045,Frances,0.0
58379319,Lisa,1.0
58381982,Steve,1.0
58393929,Alex,0.0
58420228,Chris,0.0
58424882,Graham,0.0
58432816,Georgia,0.0
58433978,Antonia,1.0
58449367,Kaan,0.0
58466193,Jennifer,0.0
58493643,Toni,1.0
58493863,Ben,0.0
58503905,Laureano,1.0
58507612,Ieva,0.0
58510558,Corneliu,0.0
58522331,Anna,0.0
58525970,Frank,1.0
58532127,Peraphan,0.0
58534791,Darren And Ralph,1.0
58549262,Séverine Nicole,0.0
58550203,Kim,0.0
58552173,Zi Ning,0.0
58553759,Saul,0.0
58555718,Kevin,0.0
58558581,Viktor,1.0
58566956,AZ Haven Properties,1.0
58573031,Sirin,1.0
58576811,Tom,0.0
58588392,Auguste,0.0
58591658,Kendall,0.0
58592437,David,1.0
58602847,Dario,0.0
58610724,Katrina,0.0
58617470,Higley,0.0
58625285,Nisal,0.0
58653244,Ann,0.0
58655312,Simon,0.0
58667045,Jaruwan,1.0
58672229,Matthew,1.0
58676399,Nicholas,0.0
58679998,Nia,1.0
58681790,Georgie,1.0
58692151,Robert And Tara,0.0
58697588,Siobhan,0.0
58699773,Drenusha,0.0
58713380,Vanessa,0.0
58743055,Adnaan,0.0
58747417,Will,1.0
58751062,Calum,0.0
58782311,Ulrik Mikkel Olsen,1.0
58806345,Soso,0.0
58807118,Elizabeth,0.0
58811866,Stefanie And Rhea,1.0
58812679,Trudy,0.0
58814444,Fiona,0.0
58814998,Samandar,0.0
58815854,John,1.0
58818299,甫宜 Fuyi,1.0
58822584,Helen,0.0
58826424,Nicolas,0.0
58828488,Una,0.0
58834113,Kristine,1.0
58834697,Lindsey,1.0
58836951,Claudia,0.0
58841393,Priya,0.0
58844866,Kirsty,1.0
58846228,Dana,0.0
58855783,Golchehr,0.0
58861069,Lucy,0.0
58900877,Andrew,1.0
58901427,Faye,1.0
58901818,Phil&Bibi,0.0
58905156,Megan,0.0
58909096,Jeff,0.0
58924832,Rafael,1.0
58950874,Matt,1.0
58957066,Justine,0.0
58962143,Luciano,1.0
58964862,Nuwaan,1.0
58967885,Cartoon,0.0
58975028,Zaeem,1.0
58981088,Supakar,0.0
58981906,Zhanhao,1.0
58983838,Ashil Jagdish,0.0
58992702,Muhammad Aqsal,0.0
58995464,Marco,1.0
59004098,Yasmin,1.0
59006380,Sonia,0.0
59008994,Sonia,0.0
59009543,Holger,1.0
59016636,Thomas,1.0
59019652,Kin,0.0
59021281,Yoss,0.0
59045094,Güzin,0.0
59047207,Angela,0.0
59047553,Rosie,0.0
59050820,Shaun,0.0
59055101,Vikki,0.0
59067933,Amey,0.0
59071491,Ben,0.0
59073763,Ozan,0.0
59095028,Darunuch,1.0
59101356,David,0.0
59109172,J,0.0
59111904,Paolo,0.0
59113930,Tom,0.0
59114817,Shae,0.0
59117676,Clare,1.0
59119603,Emi,0.0
59143772,Talfan,0.0
59149214,Amy,1.0
59154058,Joanna,0.0
59191977,Nina,0.0
59195370,Michal,0.0
59196931,Hugh,0.0
59197373,Dominic,0.0
59204756,Lizelle,1.0
59206194,Tom,0.0
59210767,Ann,0.0
59255871,Rafael,1.0
59260623,Goong,0.0
59285789,Nari,1.0
59289068,Gavin,0.0
59292450,Bernardo,1.0
59293154,Rosella,0.0
59293345,Isabel,1.0
59297618,Fei,0.0
59306532,Adrianna,0.0
59306609,Laura,0.0
59328660,Shahida,0.0
59344331,Eliza,0.0
59357624,Gene,0.0
59380904,Barby,0.0
59392964,Kristian,1.0
59394576,Mike,1.0
59403148,Alex,1.0
59404450,Witchulada,0.0
59413438,Supaporn,0.0
59432806,Warwick,0.0
59437517,Anastassiya,1.0
59452531,Jee,0.0
59469138,Vasin,1.0
59473456,Sophie,0.0
59474286,Mickie,0.0
59497951,James,1.0
59501145,Clara,0.0
59507003,Silvio,0.0
59510879,Rosanne,1.0
59512340,George,1.0
59528367,Uthaithip,1.0
59530912,Chris,1.0
59538155,Jj,0.0
59561355,Duncan,1.0
59561849,Heena,1.0
59565581,Johanna,1.0
59571711,Jo,1.0
59573433,Stephen,0.0
59577043,Raymond,0.0
59584710,Julie,1.0
59589955,Khalid,1.0
59593321,Missie,0.0
59599306,Laura,0.0
59600031,Reita,0.0
59610244,Siri,1.0
59614614,Şennur,0.0
59630789,Tracy-Lee,1.0
59632012,Kévin,0.0
59632742,Snug Corner,0.0
59633612,Katy,0.0
59633966,Iya,0.0
59649659,Jamie,0.0
59661270,Zaeem,0.0
59676464,Mudit,0.0
59681334,Robyn,0.0
59694372,Graeme,0.0
59725484,Sye,0.0
59727911,Ezgi,0.0
59740480,James,0.0
59774661,Ritz,0.0
59780805,Adrian,1.0
59814984,Serene,0.0
59839774,MaLaGor,1.0
59845852,Ester,0.0
59846825,Bo,0.0
59851700,Cara,0.0
59874191,Angela,1.0
59874333,David,0.0
59884062,Dolly,0.0
59884226,Ikechi,0.0
59885835,Premamayi,0.0
59917543,Diego,1.0
59925896,Arthur,1.0
59938526,Dylan,0.0
59943574,Steve,0.0
59951507,Annabel,0.0
59953320,Lucia,1.0
59953713,Peter,0.0
59974573,TaKa Thet,0.0
59975746,Ketan,0.0
59986350,Nantarat,1.0
60007706,Yvonne,1.0
60017041,Panuwat,0.0
60020897,Angela,0.0
60049358,Victoria,0.0
60049967,Note,0.0
60058028,Giles & Laura,1.0
60073540,Similoluwa,0.0
60078945,Olamide,0.0
60085939,Ronan,0.0
60096873,Pablo,0.0
60101004,Abbie,0.0
60105976,Michael,0.0
60107377,Will,1.0
60113243,Samantha,0.0
60115013,Mayur,1.0
60121629,Andrea,0.0
60132436,Claire,0.0
60135494,Veriu Camperdown,0.0
60151108,Anya I Shogren,0.0
60162877,Alexis,1.0
60163067,Jenny And Andrew,0.0
60171513,Magon,0.0
60178359,Kanta,0.0
60178730,Anthony,0.0
60189998,Lucy,0.0
60194145,Kittisak,1.0
60204840,Alex,0.0
60206630,Matthew,1.0
60210023,Deborah,0.0
60226580,Michelle,1.0
60244844,Henry,0.0
60249350,Amee,1.0
60307634,Helena,1.0
60311141,Victoria,0.0
60323782,Susan,0.0
60324285,Andra,0.0
60324618,Nutjaree,1.0
60327832,Daniel,0.0
60340268,Julie,1.0
60348304,Didi,0.0
60355330,Kristeesh,0.0
60357951,Amornrat,0.0
60384373,Gabriella,0.0
60393972,Lars,0.0
60394177,Ian,0.0
60403291,Raj,0.0
60403558,Abraham,0.0
60405654,Jamie,0.0
60406543,Rochelle,0.0
60407424,Yogita,0.0
60423487,Craig,1.0
60441979,Weena,0.0
60442623,Manatchanok,1.0
60445668,Nina,1.0
60450792,Kong,1.0
60456594,Naamtran,0.0
60473403,Adam,0.0
60480188,Carol,1.0
60496587,Olivia,1.0
60524679,Maria,0.0
60536908,Matthew,0.0
60545205,Rachael,1.0
60553853,Time,1.0
60554425,Ben,0.0
60554463,Sally,0.0
60572279,Gab,1.0
60576404,Lynn,0.0
60582482,Leo,0.0
60582745,Ashley,0.0
60587151,Sue,0.0
60593496,Thongthep,0.0
60593820,David,0.0
60593968,Alex,1.0
60601655,Sal,0.0
60602991,Paul,0.0
60615469,Marianela&Elena,1.0
60625531,David,0.0
60628413,David,0.0
60629153,Mikah,1.0
60633397,Ada,1.0
60635896,Anne,0.0
60640151,Mayigaen,0.0
60647587,Djan And Liezel,1.0
60648575,Rosanna,0.0
60662272,Mahmoud,0.0
60662781,Daniela,0.0
60663063,Eric,0.0
60679295,Kyriacos,0.0
60679979,Stella,1.0
60682406,Tommy,0.0
60683734,Micha,0.0
60693747,Mike,1.0
60704636,Liu,0.0
60706264,Acharapan,1.0
60713005,Carly,1.0
60713473,Melissa,1.0
60718634,Emily,0.0
60722048,Wongwari,1.0
60748156,Valerio,0.0
60767548,Shahed,0.0
60769962,Aumento,0.0
60794336,James George John,0.0
60795846,Lorenzo,1.0
60799874,Oat,1.0
60802557,Ranelle,0.0
60805266,Atia,0.0
60806838,Kate,0.0
60808769,Anderson,0.0
60812566,Amer,0.0
60823701,Emma,1.0
60830373,Phatthranit,0.0
60849842,Elena,1.0
60866402,Pattaraporn,0.0
60868440,Melissa,0.0
60871319,Santi,0.0
60875940,Donna,1.0
60880692,Rocsana,0.0
60904626,Helen,0.0
60909953,Molly,0.0
60929271,David,0.0
60930965,Euan,0.0
60974649,Shiv,1.0
60979525,Kathy,1.0
60992580,Mark,0.0
60994750,Heather,0.0
61026671,Cherry,0.0
61041819,Sam,0.0
61052508,Ontheera,0.0
61056296,Pels,1.0
61067626,Kati Mai,1.0
61100110,Peter,1.0
61108210,Alireza,0.0
61118353,Susannah,0.0
61134514,Jose,1.0
61135458,Kelly,0.0
61136944,Sana,0.0
61138038,James,0.0
61151655,Anna,0.0
61178568,Mark,0.0
61181801,Miranda,0.0
61200476,Dew,1.0
61201826,Claire,1.0
61213571,Amy,0.0
61215102,Chetan,0.0
61215505,Caroline,0.0
61215735,Tony,1.0
61219765,Ann,0.0
61220905,Zainnab,0.0
61227477,Simone,1.0
61228519,Eljay,0.0
61248497,Orla,1.0
61253107,Helene,1.0
61268812,Amy,0.0
61288403,Roger,0.0
61294202,Dimitris,0.0
61296883,Malath,1.0
61314110,Barbe,0.0
61328523,David,0.0
61330523,Biba,0.0
61342849,Yanisa,0.0
61345997,Dan,0.0
61347351,Kristelle,0.0
61350474,Brigitte,0.0
61362160,Naya,0.0
61364540,Cat,0.0
61370522,Sylvester,0.0
61378491,Eric,1.0
61391373,Tatiana,0.0
61394732,Sinan,0.0
61399002,Tessa,0.0
61399771,Pimnara,0.0
61421375,Alice,1.0
61421667,Shiza,0.0
61429769,Naomi,1.0
61433638,Hao,0.0
61437214,Rosie,0.0
61440405,James,1.0
61468086,Nita,1.0
61476163,Usa,0.0
61492425,Aaron,0.0
61513089,DaviD,0.0
61521294,Caroline,0.0
61524904,Komla,0.0
61526036,琦,1.0
61530141,Fara Homes Ltd,0.0
61533172,Mary,1.0
61533968,Helene,0.0
61546040,Doron,0.0
61573636,Patricia,0.0
61575776,Alan,0.0
61577508,Etienne,0.0
61579423,Thiwaluck,1.0
61583495,Andy,0.0
61586776,Mark Randy,1.0
61591183,Sophie,1.0
61610339,Josephine,0.0
61612942,Ioannis,1.0
61614872,Estela,0.0
61619055,Raluca,0.0
61624002,Michelle,1.0
61634483,Rupert,0.0
61659785,Adelodun,0.0
61660094,Laura,0.0
61671370,Nicola,1.0
61675845,Natasha,0.0
61684003,Meredith,0.0
61695299,Joe,0.0
61701412,Georgios,1.0
61706918,Rebecca,0.0
61707062,Awassada,1.0
61712223,⁨G.G.⁩,1.0
61727205,Candice,0.0
61731500,Stela,0.0
61742856,Savannah,1.0
61746094,Caroline,0.0
61752236,Rob,0.0
61753814,Didier,1.0
61763906,Sam,0.0
61770287,Vivienne,0.0
61775353,Nicola,0.0
61782375,Fosca,0.0
61783196,Niam,0.0
61787979,Ana,0.0
61838655,Pamela,1.0
61840991,Jonny,1.0
61842830,Tom,0.0
61846825,San,1.0
61863454,Apinya,0.0
61863658,Ngam,0.0
61870231,Qingruo,1.0
61882401,Roselyn,0.0
61894750,Nadia,0.0
61898420,Julia,1.0
61909344,Viktor,1.0
61927678,Belle,0.0
61933065,Isobel,0.0
61936781,Zaklina,1.0
61937330,Michael,0.0
61938166,Amp,0.0
61938702,Xiaowen,0.0
61941001,Fiona,0.0
61943637,Aisha,0.0
61946080,Naruthai,0.0
61966575,Janejinta,1.0
61973102,Sophia,0.0
61981153,William,0.0
61990145,Katherine,0.0
61992373,Tilly,0.0
61997681,Alastair,0.0
62003491,Tiffany,0.0
62028973,Anabella,1.0
62029943,Alilada,0.0
62040811,Kristan,1.0
62043812,Karen And John,1.0
62043835,Lalitpat,0.0
62075045,Tan T,1.0
62078151,Somboon,1.0
62088208,Sergio Alexandre,1.0
62097274,Joanna,0.0
62106164,Natasha,0.0
62111867,Mimoza,0.0
62115249,Molly,0.0
62147634,Edina,0.0
62148953,Danai Kalliopi,0.0
62162634,Joe,0.0
62164961,Louisa,0.0
62171292,Suvit,0.0
62174377,Georgia,0.0
62189725,Cake,0.0
62202130,Aranya,0.0
62203032,Hannah,0.0
62211407,May,0.0
62220810,Nikki,0.0
62232869,Syed,0.0
62239060,Tayla,0.0
62254557,Char,1.0
62255741,Isabella,0.0
62256771,Skyline Suites,0.0
62257044,Ludoping,0.0
62263417,Kiera,0.0
62272632,WaWa,0.0
62272674,Shayan,0.0
62287180,Annalisa,0.0
62290630,Calum,0.0
62301612,Thomas,0.0
62306444,Greg,0.0
62321225,Benjamin,0.0
62328126,Liam,0.0
62343410,Benyada,1.0
62361640,Paul,1.0
62374140,Aime,1.0
62377000,Supanita,1.0
62378246,Mauricio,0.0
62378474,John,0.0
62384236,Laura,0.0
62391270,Kaye,0.0
62401016,Louise,1.0
62411200,Janice,1.0
62457028,Daniel,0.0
62487121,Pakphuwind,0.0
62505720,Gail,1.0
62507565,Rory,0.0
62522560,Sophie,0.0
62523652,Urasha,0.0
62537872,Casey,0.0
62540133,Frank,1.0
62565552,Joe,0.0
62569285,Amelie,0.0
62571832,Victor,0.0
62592921,Rosemary,0.0
62596031,Ken,0.0
62599758,Eleanor,0.0
62614788,James,0.0
62622356,Lou,1.0
62632027,Pamela,0.0
62655016,Anna,0.0
62665083,Jessica,1.0
62678021,Agatha,1.0
62680627,Lucinda,1.0
62687002,Laura,0.0
62693039,Sarocha,0.0
62728764,Karim,1.0
62731178,Loris,0.0
62733670,Apilop,1.0
62744648,Su,0.0
62750720,Poonyapat,0.0
62751170,Grace,0.0
62755084,Sirirat,0.0
62756575,Sirine,0.0
62780803,Sully,0.0
62784994,Sue,1.0
62786127,Gemma Louise,0.0
62792318,Jittranuch,0.0
62806468,Rosa,0.0
62825054,Isabel,1.0
62825156,Aaron,0.0
62857245,Ronnakorn,0.0
62860868,Jason,0.0
62873733,Alexandra,1.0
62875224,Jimmy,0.0
62878021,Toon Ratana,0.0
62879929,Suzi,0.0
62884881,Jen,1.0
62888084,Faris,1.0
62890732,Natt,0.0
62894707,Andy,1.0
62910138,Susie,1.0
62927772,George,1.0
62939640,Rawinthira,0.0
62941383,O,0.0
62945013,Jennifer,0.0
62956417,Alex,0.0
62959952,Jamie,1.0
62967956,James,0.0
62969929,Anastasiya,1.0
62980270,Chris & Corinna,1.0
62985735,Julia,0.0
63004642,Andy,0.0
63006838,Yvette,1.0
63020643,Frances,0.0
63028156,George,0.0
63031441,Laura,1.0
63033421,Burcin,0.0
63034997,Weeree,0.0
63041226,Jack,1.0
63048407,Varit,0.0
63049706,Sarah,0.0
63070900,Claire,0.0
63073442,John,1.0
63091616,Fabio,0.0
63117242,Hugo,1.0
63123199,Anne,1.0
63134238,Karen,1.0
63137264,Ali,0.0
63137610,Raff,0.0
63149653,Jenjira,1.0
63153993,Herman Wu,0.0
63158932,Mike,0.0
63189811,Chris,1.0
63191003,Reeshma,0.0
63194575,Ante,0.0
63216372,Joe,0.0
63220485,Michael,1.0
63238045,Prasit,0.0
63239450,Sansanee,0.0
63275617,Vanessa,1.0
63278871,Helena,1.0
63285615,Vladica,0.0
63288473,Harvey,0.0
63301481,Andi,1.0
63320217,Jiajie,0.0
63322178,Joy,0.0
63324935,Ben,0.0
63325250,Charlotte,1.0
63326136,Roman,1.0
63328041,Colemen,1.0
63336675,Juste,0.0
63339702,Mo,1.0
63340903,Marusell,1.0
63347651,Dimi,0.0
63355169,OASIS ON THE GO- Self Contained Units,0.0
63360072,Joseph,0.0
63362782,Tanya,1.0
63366023,Dennis,1.0
63378701,Ernesto,0.0
63386431,Muriel,0.0
63393665,Olivia,0.0
63399896,Jeff,1.0
63403991,Shikha,0.0
63413853,Niall And Mariela,0.0
63450361,Areerat,0.0
63450898,Amber,1.0
63458328,Karen,1.0
63461999,Alejandra,1.0
63464316,Martina,0.0
63466688,Alessia,1.0
63469782,Sheniece,0.0
63471525,Livia,1.0
63490285,Jamie,1.0
63494166,Suphachin,0.0
63501147,Ahmed,0.0
63504177,Joseph,0.0
63512009,Marcelo,0.0
63517684,Susan,0.0
63521844,Joanna,1.0
63544516,Aphichai,0.0
63558992,Yolanda,0.0
63562879,Zsolt,1.0
63576412,Tom,1.0
63578254,Jane,1.0
63596282,Chloë,0.0
63598796,Bonbon,0.0
63598813,Jacqui,1.0
63599472,Pichaporn,0.0
63603617,Asfandiyar,0.0
63626756,Zayd,0.0
63633763,Duwayne,1.0
63662214,Amalia,1.0
63665618,Jorge,0.0
63665629,Peter,1.0
63674449,Minh Tam,0.0
63676119,Penelope,0.0
63686860,Penny,1.0
63695605,Angela,0.0
63697180,Alex,0.0
63711378,Joanne,0.0
63735491,Umove Airbnb Global,0.0
63753697,Antonios,0.0
63756429,Talia,0.0
63761769,Ármin,0.0
63772713,Anderson,0.0
63785179,Anna,0.0
63789390,Judith,0.0
63801948,Steven,0.0
63822411,Maria,0.0
63823264,Lorena,0.0
63828219,Sirithorn,0.0
63838636,Ric,0.0
63841353,Joanna,1.0
63844472,Richard,0.0
63846195,Ant,0.0
63851568,Serena,0.0
63852041,Junior,0.0
63856406,Gil,0.0
63859113,Zuxiong,1.0
63863998,Judy,0.0
63869623,Trevore,0.0
63870690,Walter,0.0
63876794,Steve,0.0
63896119,Polly,0.0
63917819,Marco,0.0
63937802,Megi,0.0
63939806,Guleraana,0.0
63953103,Ricard,0.0
63957138,Esther,1.0
63960478,Oscar,0.0
63966593,Natasha,1.0
63992650,Fahad,0.0
63993879,Gemma & Mark,1.0
64004381,Amna,0.0
64004995,Md Mahbubur Rahman,0.0
64007631,Ola,0.0
64011330,Milly,0.0
64011582,Thibault,0.0
64013075,Mariana,0.0
64016006,Alix,0.0
64018291,Dominic,0.0
64035406,Prudence,0.0
64042383,Ren,1.0
64049782,Simona,0.0
64063931,Deep,0.0
64079297,Harry,0.0
64080713,Haydn,0.0
64089927,Deborah,0.0
64106020,Matt,0.0
64118109,Caroline,0.0
64118423,Hakan,0.0
64131143,Chetna,0.0
64139565,Michelle,0.0
64147136,Alessandra,0.0
64149936,Nopphun,1.0
64177693,Constance,0.0
64195379,Win,1.0
64202899,Susan,0.0
64206173,Piyatida,0.0
64207656,Linda,0.0
64208760,Floris,0.0
64226098,Jaime,1.0
64227554,Pradeep,0.0
64231857,Julia,0.0
64256849,Jamie,0.0
64263937,Lebua Bangkok,1.0
64266578,Angsumalin,0.0
64269843,Olivia,1.0
64274512,Vuong,0.0
64297113,GuestReady,0.0
64304450,Sleeplab,1.0
64320393,Aga,0.0
64342254,Stephanie-Nicole,0.0
64343418,Scott,0.0
64351359,Conrad,1.0
64354735,Louisa,0.0
64354757,Rachel,0.0
64359892,Jordan,0.0
64367134,Carolyn,0.0
64376827,Rod,0.0
64380342,Freda,0.0
64396214,Douglas,0.0
64405287,Kanit,1.0
64408154,Karen,0.0
64417797,Lucy,0.0
64429781,Gt,1.0
64442044,Mollie,0.0
64453605,June,0.0
64485938,Alex,0.0
64508602,Rungarun,0.0
64509629,Kieran,0.0
64516901,Hashu,0.0
64523202,James,0.0
64544770,Terence,0.0
64546996,Nichapark,0.0
64560351,Stefanos,0.0
64560788,Joanna,0.0
64562921,Kaz,0.0
64575448,Michael,0.0
64578918,Rishi,0.0
64584941,Mark,0.0
64587226,Johnson,0.0
64596843,Fiona,0.0
64603454,Nathamon,0.0
64608435,Jegan,0.0
64611553,Amanda,0.0
64611824,Marica,0.0
64624257,Natt Chom,0.0
64624459,Garden House,0.0
64634011,Iliana,0.0
64634274,Chayuth,1.0
64650886,Ricardo,0.0
64653272,Bi,0.0
64668325,Frank,0.0
64669270,Thembi,0.0
64675944,Michael,0.0
64681572,David,1.0
64690741,Franck,1.0
64700383,Ursula,1.0
64706772,Ella Loch,0.0
64762648,Michael,1.0
64766569,Maria,0.0
64769764,Ali,0.0
64789089,Hal,0.0
64805191,Patrick Timothy,0.0
64811043,Maud,0.0
64815679,Ella,0.0
64817067,Sarah,1.0
64818168,Olga,1.0
64826241,Jhae,0.0
64873566,Ana,0.0
64875659,Alicia,0.0
64880351,Carolina,0.0
64885715,達為,0.0
64891585,Nicholas,1.0
64907250,Hanna,1.0
64911877,James,0.0
64928136,Mari,1.0
64954544,Agnieszka Paulina,0.0
64966055,Skye,1.0
64977257,Jane,1.0
64995250,Bee,1.0
64995499,Adam,0.0
65008078,Katrina,0.0
65008139,William Paul,0.0
65013216,Ian,0.0
65017752,Richy,0.0
65025946,Lu,0.0
65040257,Megan,1.0
65040773,Heidi,0.0
65049270,Vikash,0.0
65061270,Chris,0.0
65064501,Rosalind,1.0
65073919,Alexander John Edward,0.0
65075576,Tom,0.0
65082193,Millie,0.0
65096613,Good Service,0.0
65109995,Sandy,0.0
65129689,Birute,1.0
65147358,Rayni,0.0
65160361,Chobjai,0.0
65170144,Elizabeth,1.0
65184184,Varda,0.0
65203113,Valentina,0.0
65203665,Molly,0.0
65206254,Eduardo,1.0
65216419,Dora Santana,1.0
65222805,Lottie,1.0
65230517,Amy,0.0
65245925,Tania,1.0
65260474,Jennifer,1.0
65261153,Rosie,0.0
65272709,Steven,0.0
65277465,Heather,0.0
65316293,Ronnie,0.0
65321404,Sarah,0.0
65321461,Vince,0.0
65324105,Anna,1.0
65334911,Jess,0.0
65336771,Svetoslav,0.0
65346209,Nontayot,0.0
65356014,Jordan,0.0
65358987,Hafsa,1.0
65365181,Faye,0.0
65371527,Simon,1.0
65378290,Pal,1.0
65380009,Nichkhun,0.0
65380051,StarHost Residences,0.0
65391518,Stephen,0.0
65403028,Amos,1.0
65437214,Beem,0.0
65452050,Samuel,1.0
65453959,David,0.0
65455207,Toy,0.0
65460017,Susan,0.0
65465307,Kerry,0.0
65476109,Mj,1.0
65484850,Hannah,1.0
65485507,Rosie,0.0
65488764,Bisola,0.0
65502977,Paloma,0.0
65509710,Umair,1.0
65516406,Lyubomir,0.0
65516427,Nick & Danielle,1.0
65522791,Thiago,0.0
65545072,Heima,0.0
65560568,Ben & Lucy,0.0
65566471,Vanessa,0.0
65574786,A D L,0.0
65577904,Athipon,0.0
65580810,Temidayo,1.0
65581924,Paul,1.0
65590845,Nicholas Craig,0.0
65593476,Susanne,0.0
65616012,Eunice,0.0
65627086,Sierra,0.0
65653689,Michael,0.0
65667549,Braden & Liz,1.0
65681665,Roland,0.0
65690910,Jenny,1.0
65692538,Emily,0.0
65700406,Aidan,0.0
65704062,Phil,0.0
65709666,Pat,0.0
65716342,Maria,0.0
65716732,Nanette,1.0
65719112,Sacha,1.0
65731078,Łukasz,0.0
65734060,Jesscia,0.0
65734700,Maria,0.0
65742582,Brian,1.0
65748634,Kristin,0.0
65771837,Diana,0.0
65798018,Athanasios,0.0
65798646,Danilo,0.0
65799194,Wiparat,1.0
65799990,Minnie,1.0
65801870,Steven,0.0
65804349,Piers,1.0
65806075,Ak,0.0
65820499,Vipavee,0.0
65827952,Carolynn,0.0
65850477,Simdi,0.0
65851348,Sanjay,0.0
65855859,Roshni,0.0
65860322,Pascual,0.0
65879655,James,0.0
65883001,Helena,0.0
65887845,Daniel,0.0
65909613,David,0.0
65911292,Jerry,1.0
65935616,Platong,1.0
65935980,William,0.0
65936544,James,0.0
65938855,Sonya,0.0
65949259,Micah,0.0
65955581,Aisling,0.0
65957804,Jessica,1.0
65989259,Kulthada,0.0
65998396,Ali,0.0
66002057,Janjira,1.0
66005856,Airlandlords,0.0
66009134,Rebecca,1.0
66011156,Ramone,1.0
66016030,Thomas,1.0
66023357,Matthew Justin,1.0
66024235,Daniel,0.0
66031351,William,0.0
66033555,Ye,0.0
66034271,Abigail,0.0
66041099,Jiang,1.0
66045830,Jesse,0.0
66047258,Anne,1.0
66049080,Fair,0.0
66049283,Kinvara,0.0
66051028,Karmen Tara,0.0
66053715,Franciene,0.0
66056982,Ella,0.0
66067378,Gaan,1.0
66081389,Srikanth,0.0
66085814,Rosa,0.0
66088444,Kaylie,0.0
66092379,Fabio Felix,0.0
66095049,Michael,1.0
66102129,Carmina,1.0
66117213,Christiene,1.0
66118827,Monique,0.0
66138460,Veronique,1.0
66159679,Maria,0.0
66174307,Gabrielle,0.0
66176149,Chiara Stella,0.0
66180309,Jelena,0.0
66183251,Alyson,0.0
66190565,Yun,0.0
66207314,Tj,1.0
66207590,Cecilia,0.0
66214939,Marina,0.0
66218687,Adrian,1.0
66238236,Joanna,0.0
66246798,Linda,0.0
66256621,Meredith,1.0
66265433,Fábio,0.0
66282805,Jacquelyn,1.0
66286264,Alexander,0.0
66312463,Ashok,0.0
66312720,Majd,0.0
66326582,Ryan,0.0
66326657,Garvin,0.0
66350380,Amornpan,0.0
66361356,Wahid,0.0
66394127,David,0.0
66400727,Josephine,1.0
66408189,Sheean,1.0
66425335,Caroline,1.0
66427480,John,1.0
66451193,Jared,0.0
66454316,Withoon,1.0
66471011,Shyam,0.0
66484794,James,0.0
66491405,Christina,0.0
66491926,Terry,1.0
66502038,Camilla,0.0
66506950,Naima,0.0
66520229,Garry And Zoe,0.0
66529848,Cristine,0.0
66545993,Ross,1.0
66546578,Piers,0.0
66549040,Irina,0.0
66549396,Joey,0.0
66552757,Sadri,1.0
66554755,Lee,0.0
66557653,Hayley,0.0
66566266,Mitali,0.0
66572330,Nap@Pan Hostel Silom,0.0
66578817,Andrada,0.0
66593001,Bhimchanok,0.0
66622217,Thiago,1.0
66633522,Leanne,1.0
66635674,Ravi,1.0
66682565,John,1.0
66689169,Harriet,1.0
66696686,Elham,0.0
66708586,Wendy,0.0
66727363,Sue,1.0
66728095,Elena,0.0
66728306,Jay,0.0
66737984,Laura,0.0
66742475,Anna,0.0
66752600,Robin,1.0
66755992,Ebru,0.0
66768127,Cecilia,0.0
66778578,Nudrat,0.0
66782514,Catherine,0.0
66786924,Awesome,0.0
66812579,Jax,0.0
66818543,T-Boutique Hostel,1.0
66829601,Enoch,0.0
66837530,Thanaporn,0.0
66868898,WM•House,0.0
66875615,Jake,0.0
66875732,Ajit,0.0
66876527,Mickael,0.0
66877429,Ayang,0.0
66878928,Linda,0.0
66883702,Jessa,0.0
66885488,Zarna,0.0
66887930,Finch,0.0
66894122,Bundit,0.0
66924011,Isabella,1.0
66932061,Alice,0.0
66934089,Shaun,1.0
66947699,Elisse,0.0
66950561,Olivia,0.0
66954544,Sarah,1.0
66956724,Ali,0.0
66966958,Olivia,1.0
66970711,Lynne,1.0
66976528,Sarah,0.0
67016838,James,0.0
67018311,Rachata,1.0
67021370,Dave,1.0
67022115,Mark,1.0
67026400,Rebecca,0.0
67031613,Milly,1.0
67055056,Melissa,0.0
67075787,Rebecca,0.0
67093154,Ian,1.0
67094933,Joanne,0.0
67097393,Nora,0.0
67125318,Jan,1.0
67136977,Mohamed,0.0
67153123,Hannah,0.0
67153253,Fabricio,0.0
67166466,Benedict,0.0
67180429,Ikram,0.0
67185321,Conrad   &   Wienda,1.0
67190334,Sam,0.0
67205439,Tim,0.0
67207239,Nikolitsa,0.0
67213699,Nuanpan,1.0
67218499,Stefano,0.0
67241073,Harriet,1.0
67287214,Damian,0.0
67308219,Crest Manor,0.0
67309395,Thelma,1.0
67311450,Anju,0.0
67312165,Patricia,0.0
67317995,Ellie,1.0
67324481,Isabel,1.0
67341960,Neil And Louise,0.0
67351266,Bekki,0.0
67355190,Kanwal,0.0
67357504,Teddy,0.0
67361167,Khalida,0.0
67386834,Dee,1.0
67391919,Hannah,1.0
67400789,Amishi,0.0
67421613,Jung Soo,0.0
67425314,Yuliya,1.0
67427676,Wayne,0.0
67452942,Ryad,0.0
67466978,Ty,0.0
67473506,James,0.0
67476496,Anna,0.0
67482525,Samra,0.0
67486840,Ray B,1.0
67496209,Francesca,0.0
67498489,Dominic,0.0
67498584,Jeremy,0.0
67531708,Elizabeth,0.0
67532779,Samchai,0.0
67535337,Shehzad,0.0
67537679,The Home Handover,0.0
67583710,Florence,0.0
67590979,Nad,1.0
67619273,Birute,0.0
67621964,Gustavo,0.0
67633751,Cassie,1.0
67636474,Darpit,0.0
67662233,Chalat,0.0
67669847,Jhessikka,0.0
67674501,Tara,0.0
67707480,Kunjira,1.0
67713258,Central Hoxton Shoreditch,0.0
67731406,David,0.0
67731760,Saul,0.0
67732309,Henry,0.0
67744002,Beenish,0.0
67759046,Ayesha,0.0
67769940,Paddy,1.0
67789919,Paul,1.0
67791881,Alex,1.0
67801069,James,0.0
67803292,Brian,0.0
67803620,Carol And Garrett,1.0
67819329,Sam,1.0
67822267,Jeff,1.0
67822440,Nayika,1.0
67828843,Juliana,0.0
67836275,MovyLodge,0.0
67859488,Pokchat,0.0
67860345,Matthew Douglas,1.0
67861970,Sonya,0.0
67873208,Jemma,0.0
67874157,Bo,1.0
67875996,Sarah,1.0
67877718,Jaranya,0.0
67882642,Malarin,0.0
67886878,Thomas,0.0
67889796,Tiffany,0.0
67890627,Niamh,1.0
67893857,Kaine,0.0
67901237,Patsina,1.0
67922528,Sebastien,0.0
67937721,Chris,0.0
67964007,Susan,0.0
67971397,Nikki,1.0
67973902,Morphy,1.0
67977651,Rebecca,0.0
67992128,David,1.0
67993415,Urailuck,0.0
67996499,Sau Lee,0.0
68030386,Will,0.0
68031588,Ross,1.0
68032215,Eleni,0.0
68034226,Edoardo,1.0
68040851,Kim,0.0
68042171,Katie,0.0
68050569,Santhya,0.0
68056793,Deepak,1.0
68057844,Qi,0.0
68060585,Alessandro,1.0
68079399,Joyce,1.0
68089571,Sara & Kasia,0.0
68122529,Cian Smarthost,0.0
68154488,Dusadee,0.0
68161698,Mason,1.0
68164412,Ronan,0.0
68174574,Easra,0.0
68176639,Angeline And Jeremie,1.0
68188211,Look,0.0
68197668,Natthapon,1.0
68197994,Deborah,0.0
68198978,Iman,0.0
68213118,James,1.0
68233834,Nandani,0.0
68256798,Tara,0.0
68272465,Alexis,0.0
68286213,Stefan,0.0
68286340,Maria,0.0
68286546,Rachel,0.0
68289997,Olivia,0.0
68290109,Lauren,0.0
68291204,Maged,1.0
68305056,Yang,1.0
68341393,Rianna,0.0
68343538,Rajni,0.0
68352932,Anne,0.0
68359180,Freya,0.0
68360433,Kane,0.0
68367203,Bonnie,1.0
68382005,Nathan,1.0
68392094,Stefano,1.0
68423877,John,0.0
68428938,Cristiano,1.0
68431856,Tommaso,0.0
68433336,Bea,0.0
68434650,Samantha,0.0
68441258,Sheila,0.0
68448398,Alex,1.0
68465974,Rachael,0.0
68483149,Louise,0.0
68483406,Gael,0.0
68491140,Pubali,0.0
68519552,Michael Conor,0.0
68524867,Daisy,0.0
68525217,Pimjai,0.0
68531085,Stephane,1.0
68531550,Galina,0.0
68546266,Tee,1.0
68549120,Christopher,0.0
68550706,Inna,0.0
68561051,Jeff,1.0
68561737,Veronica,1.0
68563845,Emma,0.0
68594954,Mp,1.0
68595108,Airbnb,0.0
68610218,Annemarie,0.0
68621530,Tong,1.0
68622022,Atinuke,0.0
68628080,Tania,0.0
68642621,Mark,1.0
68652153,Nicholas,1.0
68673388,Angeles,0.0
68686696,Jonathan,0.0
68689246,Joshua Paul,0.0
68695406,Christy,1.0
68699145,Frida,0.0
68700882,Richard,0.0
68707837,Lee,0.0
68709987,Emma,0.0
68718862,Kathryn,0.0
68732481,Ruby,0.0
68750350,Stephen,0.0
68760767,Atikom,0.0
68764708,Phurich,1.0
68771854,Chee Seng,0.0
68781711,Kritchai,0.0
68798988,Chains,0.0
68799018,Nick,0.0
68801850,Sonia,1.0
68808564,Lucy,0.0
68810966,Amon,0.0
68814782,Suz,0.0
68823209,Agus,0.0
68830166,James,0.0
68834897,Mehran,1.0
68835066,Monlada,1.0
68836781,Saleh,1.0
68841849,Nurit,0.0
68842576,Adejoke,0.0
68854114,David,0.0
68868822,Raquel,1.0
68873996,Cristina,0.0
68880908,Ozlem,1.0
68901113,Darren & Chantell,0.0
68917643,Emily,1.0
68923403,Rupert,0.0
68947331,Josh's Home,0.0
68959570,Rawitas,0.0
68974407,Paije,0.0
68976330,Katarina,0.0
68977877,Charlene,0.0
68983070,Nawarat,1.0
68983327,Rachel,1.0
68984582,Edward,0.0
68991571,Caroline,1.0
68993627,Jan,1.0
68995034,Marta,0.0
69005301,Victoria,0.0
69011844,Laura,0.0
69026896,Jacqueline,0.0
69028078,Kirsty,0.0
69032130,Karl,1.0
69075363,Nischal,1.0
69077921,Davina,0.0
69079625,Michelle,0.0
69082013,Otis,0.0
69085611,Paco,1.0
69096064,Jacqui,1.0
69107152,Robert,0.0
69117325,Tommaso,0.0
69132528,Pankaj,0.0
69151981,Katharine,0.0
69162065,Stefano,0.0
69162235,Sharon,0.0
69163957,Narelle,0.0
69169360,Sarah,1.0
69169612,Alex,0.0
69176505,Adrian,0.0
69177946,Sue,0.0
69181556,Juliet,0.0
69189278,Julie,0.0
69231433,Blake,0.0
69258467,Denise,1.0
69261502,Milena,0.0
69263600,Faby,1.0
69266538,Isaac McLean,0.0
69292142,Ekaterina,1.0
69294025,Samiksha,1.0
69305054,Sam,1.0
69306909,Anna,1.0
69322709,Louise,0.0
69323376,Lily,1.0
69346006,Daryl,0.0
69348735,Hector,0.0
69354894,Gisele,0.0
69360300,Sopitta,0.0
69392370,Omar Al,0.0
69398626,Andrea,1.0
69412666,Henryka,0.0
69468195,Yee Man,0.0
69477970,Sergii,1.0
69479387,Taylan,0.0
69485260,Thomas,0.0
69485458,Jacqui,0.0
69497951,Amanda,0.0
69512269,Peter James,0.0
69527641,Maggy,0.0
69533337,Zeke,0.0
69535659,Akshita,0.0
69535760,Chris,1.0
69541871,Paul,1.0
69550987,Magali,0.0
69555651,Michelle,1.0
69572093,Xiaman,1.0
69592175,Héloïse,0.0
69607025,Patariya,1.0
69611185,Victor,0.0
69624140,Niko,0.0
69626104,James,1.0
69629254,Adesolar,0.0
69629419,Sarah,0.0
69630687,Leuwat,0.0
69635739,Pete,1.0
69640446,Chanyika & Tang Mo,1.0
69646153,Emma,0.0
69650670,Fletcher,0.0
69694181,Jessica,1.0
69696810,Matthew,1.0
69705214,Ash,0.0
69708980,Gerry,0.0
69718422,Eva Space,0.0
69724928,John,0.0
69737393,Jessica,1.0
69748617,Pan,0.0
69749368,Mark,1.0
69773784,Pongnakorn,0.0
69796150,Sepand,0.0
69807769,Ilan,1.0
69821379,Aaron,0.0
69850644,Mark,0.0
69854264,Zainab,0.0
69865272,นิรมล,0.0
69865442,Kate,1.0
69865833,Nate,1.0
69891919,Lorena,1.0
69892143,Christine,0.0
69893025,Devaksh,0.0
69897123,Joanne Fiona,0.0
69919088,Terry,0.0
69921924,Khare,0.0
69942004,Stephen,1.0
69946927,Amanda,1.0
69949059,Michael,0.0
69956429,Kenan,0.0
69980977,Simon,0.0
69984396,Flora,1.0
70000125,Wongthiwat,0.0
70010134,Din,0.0
70031611,Katarzyna,0.0
70042565,Joe,0.0
70046039,Yan,1.0
70052304,Dianne,1.0
70058758,Vignes,0.0
70089875,Glenn,1.0
70092933,Janiina,1.0
70098686,Amanda,1.0
70106610,Rod And Lynsey,1.0
70120882,Kay,0.0
70123270,Jack,0.0
70139217,Gabriela,0.0
70142595,Christopher,1.0
70154277,Jackie,0.0
70156793,Shawn,0.0
70192478,Tanveer,0.0
70199691,Jessie,0.0
70207368,Clare,0.0
70213615,Ella,1.0
70216568,Jj,1.0
70221993,Pierpaolo,0.0
70223276,Sea Hosts,0.0
70241112,Sue,1.0
70242323,Jasmine And Martin,1.0
70268283,Suresh,1.0
70276291,Jessé,0.0
70281319,Parson,0.0
70281748,Thanawut,0.0
70285618,Marc,0.0
70299737,Jason,0.0
70305564,Logesh,0.0
70312118,Ray,0.0
70319062,Lily,0.0
70347570,Alessandra,1.0
70352862,Aurélie,0.0
70358062,Steve,1.0
70358853,Will,1.0
70371065,Clair,1.0
70385113,Tilly,0.0
70397769,Rosy,0.0
70412377,Stephen,0.0
70420210,Marty,0.0
70432007,Rolette,0.0
70438829,Aimee,0.0
70460115,Gaby,0.0
70460854,Lisa,0.0
70461344,Phil,0.0
70463904,Kaylan,0.0
70469452,Wenhao,0.0
70494535,Jazz,0.0
70504865,Anne,0.0
70527191,Lauren,0.0
70530726,Funmi,1.0
70531573,Melih,1.0
70533182,Onthebed,0.0
70563652,Natalie,0.0
70569341,Richard,0.0
70584870,Leo,1.0
70590880,The Alison Randwick,0.0
70592075,Iyarin,0.0
70593898,Ai,1.0
70610287,Dom,1.0
70619955,K,1.0
70632895,Waad,0.0
70633507,Sandra,0.0
70634221,Vicky,0.0
70639521,Jemma,1.0
70643651,Ian,1.0
70656919,Karin,0.0
70666674,Duncan,0.0
70683444,⁨A.M.⁩,0.0
70703082,Joanna,0.0
70703350,Mike,0.0
70719967,Sarah,1.0
70747498,Alice,0.0
70754066,Marco,0.0
70757083,Matt,0.0
70779171,Andrea,1.0
70779792,Lauren,0.0
70782476,Ranj,0.0
70783613,Frederick,0.0
70787840,Paula,1.0
70790019,Johannes,0.0
70792735,Ksenija,0.0
70800898,Ammar,1.0
70808173,Elena,1.0
70814682,Yedarm,0.0
70820711,Rosario,0.0
70821309,Aaron,0.0
70829779,Serena,1.0
70852926,David,0.0
70863431,Jeremy,0.0
70873297,Christian,1.0
70873439,Pradsanee,0.0
70888418,Usman,0.0
70891001,Simon,1.0
70891629,Valentina,1.0
70893896,Esme,0.0
70919124,Sophie,0.0
70919881,Ronda,1.0
70924690,Nicholas,0.0
70926827,Julia,1.0
70933831,Cosima,0.0
70940782,Donna,1.0
70943122,Ds67 Suites,0.0
70950634,James,1.0
70953746,Rachael,0.0
70967647,Nina,1.0
70968462,Keren,1.0
70968615,Cosmina,1.0
70996465,Siriwat,0.0
71000075,Alex,1.0
71007877,Michelle,0.0
71046445,Bronwyn,0.0
71051388,⁨P.K.⁩,1.0
71055788,Motto,1.0
71061521,Sina,0.0
71069162,Agatha,0.0
71071284,Liangjing,0.0
71073148,Prapatpong,1.0
71084434,Pierre,0.0
71100811,Sviatlana,0.0
71144821,Dani,0.0
71163344,Sasha,0.0
71167528,Laura,0.0
71182610,Karen,0.0
71234821,Thomas,0.0
71240141,Yvonne,0.0
71247753,Baansawasdee,0.0
71263763,Ann,1.0
71275981,Arnaud Marie Joseph,0.0
71281945,Jack,0.0
71289486,Sarah,1.0
71291482,Stephan,0.0
71298224,Michael,0.0
71307733,Doherty Property,0.0
71328556,Josephine,1.0
71332914,Abdullah,0.0
71366109,Lale,1.0
71371625,Jo,0.0
71378079,Mo,0.0
71392053,⁨4b Homes - (Boutique Bijou Bespoke Beautiful)⁩,0.0
71431015,Davide,0.0
71433440,Gianmarco,0.0
71436183,Emma,0.0
71436709,Rochelle,0.0
71451029,Tapuwa,0.0
71478739,Jj,0.0
71481944,Katia Devorha,1.0
71494908,Syed Shuja,0.0
71499263,John,0.0
71512368,Femi,0.0
71520217,David,1.0
71521454,Edwin Sargeant,1.0
71528537,Dave,0.0
71531244,Sophie,0.0
71575911,Cinthia,0.0
71577576,Watchanee,0.0
71579199,Betty,0.0
71612503,Natalie,0.0
71613237,Aya,0.0
71616854,Heera,0.0
71618436,Garry,0.0
71632347,Vinayak,1.0
71645789,Qi,0.0
71661108,Maya Kristine,0.0
71671503,Michael,1.0
71683957,Olivia,0.0
71692610,Karan,1.0
71706883,Deborah,1.0
71711599,David,1.0
71714423,Amelia,1.0
71720367,Hannah,1.0
71732497,Asylum,0.0
71745120,George,0.0
71762015,Asanai,0.0
71764141,Paul,0.0
71764236,Valda,1.0
71768790,Puangpen,0.0
71777650,Patrick,1.0
71785332,Barry & Tracey,1.0
71801753,Joanna,0.0
71808830,Susan,1.0
71815613,Elias,0.0
71818421,Max,0.0
71823482,Mahpooh,0.0
71829823,Claire,1.0
71831908,Ivan,0.0
71843919,Stacey,0.0
71846323,Lorraine Forex,0.0
71862269,Pawel,0.0
71862832,Kate,1.0
71866931,Paul,1.0
71873064,Gibrilla,0.0
71898274,Kay,1.0
71900457,AmHome,0.0
71932077,Sergio,1.0
71943330,Nannaphat,0.0
71949620,Mohammad,0.0
71951148,Tom,1.0
71954400,Mo,0.0
71956209,Som,0.0
71972146,Alexander,0.0
71972982,Wachirawich,1.0
71983108,Atmakur,0.0
71983568,Silverline,0.0
71991048,Daniel,1.0
72004071,Hayden,0.0
72048541,Liz And Mark,0.0
72059774,Eliza,0.0
72070105,David,0.0
72086203,Suchanart,0.0
72092516,Naly,1.0
72104564,Phil,1.0
72144504,Fabiola Barba,0.0
72146864,Erkin,0.0
72147051,John,0.0
72149040,Josephine,0.0
72150300,Oluwagbemiro,0.0
72163647,Amad,0.0
72173055,Leah,0.0
72200559,Mum,0.0
72212119,Thanyawadee,0.0
72233190,Loveth,0.0
72234862,Luke,1.0
72244991,Anna,0.0
72254936,Caroline,0.0
72267249,Sanjay,0.0
72273069,Angie,0.0
72277280,Wei Hong,0.0
72278614,Jon,0.0
72287516,Will,1.0
72289971,Tracey,0.0
72302266,Chattva,0.0
72327896,Yorens,0.0
72328325,Nishani,0.0
72339256,Olivia,0.0
72346125,Thiruchittampalam,1.0
72357536,Carlos,1.0
72420017,Siuapong,0.0
72423363,Mary,0.0
72428289,Tai,0.0
72438620,Nicola,1.0
72453310,Annabelle,1.0
72454456,Angelina,0.0
72462088,Anett,0.0
72467826,Supacharee,0.0
72472333,Mustafa,0.0
72483930,Caroline,1.0
72489170,Dustin,0.0
72512001,Oliver,0.0
72523979,Sirinut,0.0
72526291,Bellaire,0.0
72530728,Christopher,0.0
72556592,Andrea,0.0
72565125,Qaiser,0.0
72568404,Denise,0.0
72588600,Serena,1.0
72600755,Alex,0.0
72609279,Phurisa,0.0
72612825,Victor,0.0
72631897,Dan,0.0
72640250,Ron,0.0
72646105,Lucile,1.0
72662255,Tanya,1.0
72680806,Fatme,1.0
72691613,Alexandre,0.0
72692159,John,0.0
72694127,Parshva,1.0
72715924,Elliot,1.0
72717846,Alaa,0.0
72722683,Wasim,0.0
72724004,Fiammetta,0.0
72729694,Ben,1.0
72754609,Emily,0.0
72765224,Colby,0.0
72801414,George,1.0
72834174,Phil,0.0
72838737,Sarah,0.0
72847518,David,0.0
72856031,Noom,0.0
72862160,Khalid,1.0
72895657,Claudia,1.0
72930623,Nanchen,0.0
72932293,Rattana,1.0
72959220,Siri,1.0
72966780,Top,1.0
72971614,Natthida,0.0
72980437,John,0.0
72981186,Dina,0.0
72990234,Prince,0.0
72991075,Sinead,0.0
72998146,Ello,0.0
73008176,Ian,1.0
73029747,Alex,1.0
73059436,Ben,1.0
73062182,Bec,1.0
73069195,Siqi & Jérôme,0.0
73078708,Tanvir,0.0
73083797,Georgina,0.0
73083981,Atta,1.0
73087843,Sofia,1.0
73088001,David,0.0
73100420,Lara,0.0
73108327,Thea,0.0
73128716,Chloe,0.0
73129997,Duangporn,0.0
73132507,Andy,1.0
73138097,Ella,1.0
73139947,Fiona,0.0
73157207,Julie,0.0
73166765,Shirani,1.0
73178661,Rak,1.0
73209898,Shafi,0.0
73225471,Thomas Edward,1.0
73233573,Shaun,0.0
73243021,Natthavat,0.0
73257479,Robert,0.0
73294232,Roosevelt,0.0
73296768,Daniel,0.0
73302782,Albert,0.0
73309758,Michael,0.0
73317544,Suchit,1.0
73319386,Sam,1.0
73319958,Polly,0.0
73331969,Mo,0.0
73342270,Liliane,0.0
73351506,Nitin,0.0
73362487,Moira,0.0
73408133,Daniel,0.0
73408830,Paul,1.0
73409906,Chris,0.0
73411559,Krishna,1.0
73415701,Elfin,0.0
73423371,Thomas,1.0
73433203,Johnny,1.0
73454371,Nick,1.0
73460728,Lianna,1.0
73474940,Diana,0.0
73487424,Damla,0.0
73490000,Elizabeth,0.0
73492503,Apirudee,1.0
73494662,Max,1.0
73495343,Natalie,0.0
73511490,Dave,0.0
73515208,Azadeh,1.0
73518287,Eveline,1.0
73520484,Sofija,0.0
73521621,Sarah,0.0
73523685,Aaron,1.0
73536957,Ann,1.0
73564667,RoomPilot,0.0
73570140,Lisa,0.0
73580481,Gavin,0.0
73605987,Kischa,0.0
73608619,James,0.0
73613037,Gabriella,0.0
73640708,Tanica,0.0
73671096,Glenn,0.0
73691427,Willem,0.0
73696433,Bola,0.0
73698383,Chanaporn,1.0
73701433,Richard,1.0
73703171,Jess,0.0
73709230,Nola,0.0
73711471,Grace,0.0
73712255,Alex,1.0
73712477,Untima,0.0
73737600,Julie,0.0
73744726,Rungtip,0.0
73751642,D,0.0
73757001,Catherine,1.0
73769994,Katarzyna,1.0
73772239,Joe,0.0
73772728,Jittapa,0.0
73783979,Gary,0.0
73808259,Fiona,0.0
73825458,Remy,1.0
73870601,Sara,1.0
73902167,Max,0.0
73902691,Sarah,0.0
73908525,Toks,0.0
73927119,Scott,0.0
73945310,Lanre,0.0
73951993,Bobby,0.0
74002328,Annette,0.0
74002596,Nina,0.0
74006433,Patrick,1.0
74007678,Kristina,0.0
74018127,Katrina,0.0
74070164,Sally,0.0
74088396,Christopher,0.0
74089058,Berkcan,0.0
74090922,Dhananjay,0.0
74094505,Prompong,1.0
74095902,Pimpaphak,0.0
74106929,Megan,0.0
74107541,Lewis,0.0
74111229,Katalin,0.0
74124406,Felicia,1.0
74155715,Tyson,0.0
74160975,Guy,0.0
74167394,Alfonso,0.0
74186443,Rosie,0.0
74188930,David,0.0
74192216,Max,1.0
74194419,Farid,0.0
74204042,Riccardo,0.0
74248126,Sam,0.0
74261246,Julia,0.0
74265114,Eduardo,0.0
74270638,Matthew,0.0
74271802,Claudia,0.0
74298659,Christopher,0.0
74320360,Dejan,1.0
74328271,Denitsa,1.0
74331010,Hamid,0.0
74344685,Louise,0.0
74350650,Ian,0.0
74353803,David,0.0
74356612,Salma,0.0
74380759,Michael,1.0
74406099,Christian,1.0
74430754,Jolanta,0.0
74433885,Nicholas,1.0
74443408,Jack,0.0
74454587,Farrah,1.0
74463118,Andrea,0.0
74473585,Bekir,0.0
74484140,Alexander,0.0
74489557,Valeria,0.0
74507827,Asha,0.0
74531605,David,0.0
74545694,Esther,0.0
74553313,Monika,0.0
74567300,Julia,0.0
74568802,Prae,0.0
74587300,Anthony,0.0
74592412,Yumi,0.0
74622431,Tara,0.0
74626420,Victor,0.0
74662932,Ron,0.0
74665098,Molly,0.0
74683458,Motti,0.0
74685153,Jay,1.0
74687496,Raul,1.0
74696474,Marisa,0.0
74708451,Tirapath,0.0
74723137,Melissa,1.0
74726364,Marc,1.0
74727001,Lilia,0.0
74729378,Iwona,1.0
74733282,Edward,0.0
74740436,Andi,1.0
74745116,Dennis,0.0
74750644,Ekaterina,0.0
74770922,Lisa,0.0
74771647,Yarob,0.0
74774694,Vaughan,0.0
74779280,Leslie,0.0
74780443,Attapol,0.0
74793675,Judith,1.0
74797321,Varaporn,0.0
74801427,Nicola,1.0
74812508,Amanda,1.0
74818474,Joanna,1.0
74823554,Bonnie,1.0
74837375,Rory,0.0
74842837,Kirstie,1.0
74865906,Vito,0.0
74878689,Mary,0.0
74880227,Sophie,0.0
74891949,Panai,1.0
74895679,Jogi,0.0
74899263,Christophe,0.0
74919519,Lila,0.0
74931667,Myla,0.0
74940198,Songsri,1.0
74946085,Richard,0.0
74948347,Julia,0.0
74954106,Mayan & Aldren,1.0
74959515,Nathalie,1.0
74963391,Joshua,0.0
74971692,Chantelle,0.0
74972462,Helene,0.0
74975909,Ininaa,0.0
74986611,Colleen,0.0
74993426,William,1.0
74997557,Jacob,1.0
75021664,Neil,1.0
75047359,Patanapas,0.0
75127870,Josh,0.0
75150520,Anna Aurelia,1.0
75168847,Heather,0.0
75172410,Jane,1.0
75191593,Bella,0.0
75196816,Francis,1.0
75198716,Peter,0.0
75199166,Raphael,0.0
75210832,Valentino,1.0
75217757,Tom,0.0
75235482,Linn,0.0
75255680,Hein,0.0
75257798,Bond,0.0
75260215,Simone,1.0
75279896,Martin,0.0
75293774,Adam,1.0
75311794,Dawn,0.0
75315916,Won-Hae,0.0
75325912,Jenny And Olly,1.0
75330882,David,0.0
75345301,Flora,0.0
75347473,Gustavo,0.0
75359594,Orlando,0.0
75368212,Katherine,1.0
75377541,Caylie,1.0
75390481,Ju,1.0
75414771,Sarah,0.0
75433215,Gizem,0.0
75439907,Samuel,1.0
75442048,Joe,0.0
75447359,Joe Nattadech,1.0
75452517,Clare,0.0
75454585,Cari,0.0
75455056,Andy,1.0
75457250,Sevdas,0.0
75460360,Anthony,0.0
75464178,Joe,0.0
75471559,Nana,0.0
75488619,Roungsab,0.0
75535482,Patrizia,0.0
75562167,Ray,0.0
75564720,Dan,0.0
75585731,Petra,1.0
75585840,Gerhard,0.0
75589117,Jahyz,0.0
75589188,Lili,0.0
75602033,Linh,0.0
75603176,Ismail,0.0
75628620,Amanda,0.0
75639534,John,0.0
75674354,IVAN KAI,1.0
75681997,Arun,0.0
75693870,Purushottam,0.0
75704146,Yi,1.0
75727139,Mark,0.0
75737567,Howard,1.0
75748748,Andrea,0.0
75750669,Margherita Elena,0.0
75757803,Joshua,0.0
75771706,Georgina,1.0
75791235,Stephen,0.0
75803810,Sarach,0.0
75806583,Justine,0.0
75823537,Pham,1.0
75831939,Kristi,1.0
75832539,Paul,1.0
75846261,Jonathan,1.0
75847064,Kel,0.0
75853662,Diana,1.0
75856662,Pierre-David,0.0
75863288,Cris,0.0
75870191,Carina,1.0
75872289,Brenda,1.0
75880256,Uptown,0.0
75880644,Catharine,0.0
75884075,David,0.0
75890507,Elizabeth,0.0
75893971,Yasita,1.0
75902438,Psp,0.0
75905878,Christina,0.0
75909474,Lek,0.0
75923435,Harriet,0.0
75971783,Milly,0.0
75985282,Andrew,0.0
75986915,Essi,1.0
76024150,Charli,1.0
76081099,Benjawan,0.0
76083657,Craig,0.0
76088118,Erika,1.0
76088961,Charlotte,0.0
76095145,Susan Clare O,0.0
76097059,Gemma,0.0
76099223,HL&JS Corporation Gallery,0.0
76100298,Philippine,0.0
76100561,George Michael,0.0
76101533,Gayatri,0.0
76106456,Tom,0.0
76120276,Kathryn,1.0
76120788,David,0.0
76185071,Karen,0.0
76189246,Balrik,0.0
76212944,Jo,1.0
76215109,David,0.0
76225317,Daryl,1.0
76242575,Up,0.0
76269685,Ryan,0.0
76288810,Christopher,0.0
76292379,Felicity,0.0
76292648,Sarah,0.0
76294474,Fola,0.0
76297721,Nicole,1.0
76300933,Peter,0.0
76301814,Hugo,0.0
76311736,Simpal,0.0
76319540,Rosalia,0.0
76331206,Manchal,0.0
76341479,Sanam,0.0
76345670,Leonora,0.0
76359534,Boola,1.0
76366625,Gustave,0.0
76375764,Chanipa,0.0
76379892,Maria,1.0
76394942,Thi Hien Vinh,0.0
76408077,Maria,0.0
76409418,Harry,1.0
76431565,Hadi,1.0
76458718,Petra,0.0
76492587,PanPan,1.0
76495581,Norma,0.0
76497866,Kate,0.0
76497973,Georgina Mary,0.0
76511877,Marilyn,0.0
76512896,Le'Charn,0.0
76532050,Emily,0.0
76553164,Rano,0.0
76556384,Andrew,0.0
76567514,Anna & Tom,1.0
76588199,Marcus,0.0
76590981,Evgenia,0.0
76594442,Liam,0.0
76611441,Bonny,0.0
76621382,Lulu,1.0
76624382,Chris,0.0
76629715,Ashley,1.0
76636929,David,1.0
76643839,Jason,1.0
76646658,Davin,1.0
76656549,Benjamin,0.0
76659794,Frankie,0.0
76666924,Stéphan,1.0
76673250,Peta And Graham,1.0
76688272,Zoe,0.0
76690489,Samantha,0.0
76694590,Gene,0.0
76695688,Scott,1.0
76707363,Robin,0.0
76720889,Rebecca,0.0
76726848,Chris,1.0
76736221,Erin,0.0
76744094,Clément,0.0
76769089,Eloise,0.0
76788488,Sarah,1.0
76790337,Aileen,1.0
76798247,Jon,0.0
76817799,Lana,1.0
76822355,Vicki,0.0
76828174,Peter,0.0
76834741,Patricia,0.0
76863290,Nicola,1.0
76869392,Mike,1.0
76869999,David,1.0
76878696,Funmi,0.0
76888541,James,1.0
76906222,Laura,0.0
76925488,Yusuf,1.0
76947337,Jonathan,0.0
76976893,Raheb,1.0
76978455,Melek,0.0
77033419,Colin,0.0
77048367,Elly,1.0
77064090,Tania,0.0
77071702,Yanping,0.0
77084624,Scott,0.0
77092538,Harriot,0.0
77109496,Wenjia,0.0
77115022,Clive,0.0
77121287,⁨'Connor⁩,0.0
77134396,Dan,0.0
77142694,Hilal,0.0
77167363,Bridget,0.0
77195913,Simon,1.0
77205766,Lisa,1.0
77210264,Bronwyn Sarah,0.0
77214525,Alexandre,0.0
77227176,Makida,0.0
77231479,Carmelita,0.0
77252085,Chea Lyong,0.0
77263038,Ira,0.0
77270431,Pornpen,0.0
77274317,Andrea,1.0
77278093,Shree,0.0
77292741,Eric,0.0
77313350,Saray,1.0
77314544,Daniel,0.0
77318184,Dorothy,0.0
77328579,Puwanun,0.0
77352565,Amanda,1.0
77362552,Lara,1.0
77394077,Muaz,0.0
77402422,Tharinee,0.0
77406310,Tommy,1.0
77413748,Nilam,0.0
77427292,Dhaus Ladprao Residence,0.0
77434816,Bart | MoreThanStays,1.0
77439237,Eddie,0.0
77443101,Bibi,1.0
77447041,Vanessa,0.0
77453313,Umida,1.0
77453810,Tracey,0.0
77455943,Cindy,1.0
77461398,Mayuri,0.0
77462160,Bryony,0.0
77463180,John,1.0
77469519,Nitin,0.0
77512219,Kirstie,1.0
77512689,Kate,0.0
77521112,Mattia,0.0
77534913,Burak,0.0
77539345,Catherine,1.0
77541786,Stuart,0.0
77545049,Frances,0.0
77550464,Eve,0.0
77551173,Deepak,0.0
77557079,Amélie,1.0
77558517,Vanesa,0.0
77565830,Anthony,1.0
77566039,Aashwin,0.0
77566279,Roland,0.0
77571126,Kathy,0.0
77577972,Julie,0.0
77579257,Asif,0.0
77610606,Gunthorn,0.0
77619469,Alex,0.0
77627573,Nathan,0.0
77635615,Carol & Dave,1.0
77636510,Mehreen,0.0
77642525,Marisa,0.0
77642678,Bird,0.0
77642722,Imtiaz,0.0
77645593,NaNaMint,0.0
77648532,Rowan,0.0
77663453,Osama,0.0
77663815,Daniel,0.0
77676391,Rebecca,1.0
77676780,Simran,0.0
77720992,Roseanna,0.0
77722604,Anna,0.0
77724473,Chris,0.0
77739846,Abigail Naomi,0.0
77750554,Necati,0.0
77768020,Maria,0.0
77789376,Matt,0.0
77812290,June,0.0
77820920,Nicole,1.0
77824862,Kate,0.0
77845666,Coco,0.0
77849350,Tina,0.0
77881450,Sasha,0.0
77885441,Luke,0.0
77897007,Simon,1.0
77903832,Helen,1.0
77980670,Michele,0.0
78000742,Lachie,0.0
78007933,Charlotte,1.0
78012567,Sean,1.0
78028503,Maggie,0.0
78039980,David,1.0
78058426,Sophie,0.0
78067189,Lydia,0.0
78068620,Seyed,1.0
78069711,Stan,0.0
78070039,Asghar,0.0
78071426,Gift,0.0
78071748,Hannah,0.0
78077533,Rahima,0.0
78083698,Giovanna,0.0
78084142,Sinsaruj,1.0
78092094,Genie,1.0
78099736,Thais Fernanda,0.0
78125786,Christa,0.0
78160105,Margrit,0.0
78181090,Mila,0.0
78207324,Elizabeth,1.0
78212695,Peter,1.0
78237600,Stephanie,0.0
78238407,Pawit,0.0
78245195,Sofiya,0.0
78248942,Kerryn,0.0
78250438,Ana,1.0
78254447,Yuliya,1.0
78256650,Melissa,0.0
78262616,Eirini,0.0
78268151,Pong,0.0
78292705,Maïte,1.0
78310376,Dianne,1.0
78324407,Pamela,0.0
78337256,Tatiana,0.0
78361954,Ellie,0.0
78364592,Laura,0.0
78375815,Fern,1.0
78380427,Jay,0.0
78398785,Bill,0.0
78399322,Andy,1.0
78405345,Arkadiusz,0.0
78409444,Lucy,1.0
78418725,Louai,0.0
78423405,Grace,0.0
78425619,Vikki And Tom,0.0
78434737,Nelson,0.0
78437229,Anne,0.0
78437455,Kiriss,0.0
78471766,Miriam And Ken,0.0
78493954,Kelvin,0.0
78518874,Nick,1.0
78539986,Joseph,0.0
78558727,Konstantinos,0.0
78559859,Tam,0.0
78566941,Phillipa,0.0
78572898,Julian,0.0
78587980,James,0.0
78595071,Robert,0.0
78596933,Peter,1.0
78601101,Chariya,0.0
78601769,David,0.0
78624779,Lawrence,1.0
78630674,Rory,0.0
78633942,Tim,0.0
78634126,Saijai,0.0
78661633,Pascaline,0.0
78669528,Caroline,0.0
78674287,Delfin,1.0
78677341,Rafael,1.0
78678452,Mike,1.0
78680905,Alice,0.0
78685893,Laura,1.0
78690129,Andrea,1.0
78696073,Anna,0.0
78717228,George And Lucia,1.0
78722351,Haonan,0.0
78725514,Yordanka,0.0
78753305,Tom,0.0
78756813,Samart,1.0
78757846,Huy,0.0
78777915,Packky,1.0
78779456,Zuly,0.0
78785320,Dana,0.0
78790237,Joshua,0.0
78791291,Matt,0.0
78794835,Mariya,1.0
78810290,Izz,0.0
78820234,Sheng Sheng,0.0
78836384,Mel,1.0
78844319,Bahram,1.0
78855551,Aynur,0.0
78858475,Leticia,0.0
78873575,Marta,0.0
78880191,Maria,1.0
78885309,Md,0.0
78902919,Jonathan,0.0
78914579,Lucy,1.0
78956033,Eleanor,0.0
78959155,Ravit,1.0
78969106,Shaun,0.0
78974449,Elaine,0.0
78978035,Catherine,0.0
78995695,Priscilla,1.0
78997300,Misha,0.0
79010835,Jo,1.0
79011370,Sabah,0.0
79017844,Ben,0.0
79035743,Anita,0.0
79074679,Susana,0.0
79083683,Sanjay,0.0
79099072,Rudy,0.0
79132464,Michelangelo,0.0
79150947,Ruby,0.0
79162620,Boe,1.0
79171682,Michael,1.0
79180501,Leila,1.0
79183890,David,0.0
79188226,Phani,1.0
79204786,Thomas,1.0
79205208,Veronique,0.0
79217661,Oren,0.0
79228290,Marie,0.0
79229811,Romanos,0.0
79230116,Leyla,0.0
79231582,Sergio,0.0
79245166,Cheng,1.0
79251144,Sarah Samih,0.0
79256383,Emily Alice,0.0
79289594,Tairra,1.0
79292609,Ieda,1.0
79323899,Simon,1.0
79326649,George,0.0
79351460,Sarah,0.0
79400553,Many Trees Hostel,0.0
79411394,Evelyn,0.0
79422443,Shane,0.0
79422726,Ergun,1.0
79432179,Calvin,0.0
79432687,Ollie,0.0
79435060,Anna,0.0
79435358,Anthony,0.0
79437066,Michael,0.0
79449626,Catalina,1.0
79455956,Alex,0.0
79459743,Matt,0.0
79460720,Andrew,0.0
79461416,Mandy,1.0
79485308,Alina Adina,0.0
79500489,Kantakorn,0.0
79516542,Cristian,1.0
79516677,Tila,1.0
79521329,Subha,0.0
79527693,Rakiya,0.0
79546385,Michael,1.0
79551488,Diana,0.0
79558838,Mohan,1.0
79578102,Piyapong,0.0
79585143,Sertac,1.0
79586605,Luisa,0.0
79595485,Wendy,1.0
79623796,Thong,0.0
79624768,Eva,0.0
79627853,Michael,0.0
79668265,Vincent,1.0
79683935,Rimi,0.0
79722098,Nuan,0.0
79741276,Paola,0.0
79747675,Arashdeep,0.0
79765283,Diana,1.0
79769216,Nichan,0.0
79784387,Joseph,0.0
79806446,Emma,0.0
79806545,Born,0.0
79807590,Fiona,1.0
79807615,Jake,0.0
79823074,Federico,0.0
79854027,Ing Helen,0.0
79859534,Amit Bhargava,0.0
79903968,Andy,0.0
79957620,Navarat,1.0
79979746,Nathalen,1.0
79980583,Olivia,0.0
79987613,Amelia,0.0
80013395,Belle,1.0
80028780,⁨ปกรณ์⁩,0.0
80048061,Abs,1.0
80050557,Irina,0.0
80051538,Charlotte Louise,1.0
80086434,Ghazaleh,0.0
80099043,Sotiris,0.0
80123064,Hanah,0.0
80144499,Roger,1.0
80180906,Lauren,1.0
80181298,Fahad,1.0
80231987,Marina,0.0
80237988,Mote,1.0
80242002,Tina,0.0
80246986,Sarani,0.0
80251500,Jag,1.0
80265639,纲,0.0
80292572,Lin,0.0
80359966,Hala,0.0
80367927,Jacqueline,1.0
80380712,Alissa,0.0
80413126,Tyler,0.0
80415326,Erika,0.0
80425481,Patrick,0.0
80425840,Alison,1.0
80430937,Sandra,0.0
80479251,Boom,1.0
80482146,Abbie,0.0
80486628,Salima,0.0
80493376,Dimo,0.0
80495432,Nathan,0.0
80514474,Darryl,0.0
80556009,Leanne,0.0
80573523,Artemis,0.0
80589705,Leah,1.0
80596555,Jes,1.0
80611875,Kelly,0.0
80614153,Silvia,0.0
80632481,Joan,1.0
80639788,Pierre,0.0
80641279,Angie,1.0
80647919,Antonio,1.0
80653849,Shuo,1.0
80653931,Nigel,0.0
80656509,Anthony,1.0
80672221,Narata,0.0
80735774,Helen,1.0
80752084,Bertrand,1.0
80779569,Mp,1.0
80825261,Raveewan,0.0
80828677,Yasmina,1.0
80841765,Paddy,0.0
80844326,Peter,0.0
80848721,Steven,0.0
80854573,Michael,0.0
80856027,Jessica,0.0
80867316,George,1.0
80871579,Phornvarin,0.0
80875882,Robert,0.0
80879014,Stella,1.0
80892618,Barna,0.0
80901463,Fin,1.0
80909995,Phatsada,0.0
80958982,Prisha,0.0
80969297,Constance,0.0
80985200,Marjorie,0.0
81045424,Holly,0.0
81064681,Gene,0.0
81073149,Hugo,0.0
81080093,NicoLe,0.0
81083722,Jonathan Charles Adrian,0.0
81096988,Daphne,0.0
81099365,Veryan,1.0
81100623,Fabio,0.0
81111244,Tanya,0.0
81114248,Paul,1.0
81137612,Talha,0.0
81147726,Daniel,0.0
81164190,Annely,0.0
81202112,Simon,1.0
81218353,Miyoung,1.0
81223626,Sorcha,0.0
81226089,Sorapong,0.0
81234207,Mariana,1.0
81248374,Akshay,0.0
81248512,David,0.0
81249339,Tahi,0.0
81251221,Tom,0.0
81255814,Lorenzo,1.0
81263810,Carla,0.0
81270830,Donna,0.0
81276872,Merridan,0.0
81277177,Marco,0.0
81309076,Rosamund,0.0
81329791,Liz,1.0
81337233,Karina,0.0
81356851,Sylwia,0.0
81365815,Chaovaphorn,0.0
81377911,Kit,0.0
81401871,Ben,0.0
81405846,Ricardo,1.0
81413947,Juliet,0.0
81417225,Gen,0.0
81426102,Julius Irikefe Junior,0.0
81432649,Dewi,0.0
81436936,Martin,0.0
81447934,Chana,0.0
81448303,Jitladda จิตลัดดา,0.0
81450735,Roberta,0.0
81456297,Mint,1.0
81457226,Anita,0.0
81472604,Carlo,0.0
81517586,Jack,0.0
81533451,Adebayo,0.0
81563608,Camtu,0.0
81577244,Nina,0.0
81577630,Aid - The Showroom,1.0
81583936,Peter,0.0
81586567,Pim,1.0
81588208,Rosie,0.0
81589950,Carly,0.0
81606971,Brent And Daniel,1.0
81608165,Pan,1.0
81610479,Tanawat,0.0
81614556,Nelio,0.0
81623423,Scott,0.0
81630993,Rachel,0.0
81662832,Kapinpit,0.0
81671830,Kevin,0.0
81687558,Kyle,0.0
81693674,Bjarke Hovmand,0.0
81699397,Phil,0.0
81703786,Steven,0.0
81707416,Ariana,1.0
81737726,Anastasia,0.0
81740559,Yuet Mei,0.0
81759452,Akmal,0.0
81793464,Trevor,0.0
81799690,Hemani,0.0
81827675,Be My Guest,0.0
81847258,Marta,1.0
81847337,Ryan,0.0
81852819,Nily,0.0
81856650,Katie,0.0
81868452,Sommy,0.0
81868509,Emma,0.0
81901293,Thomas,0.0
81915969,Faton,0.0
81941840,Catarina,0.0
81946444,Kenia,0.0
81961457,Abuzar,0.0
81963707,Anas,0.0
81973910,Bung,0.0
81989965,Melissa,0.0
81999721,Belinda,1.0
82009139,Dominic,0.0
82022496,Sylvia,0.0
82038697,Eva,0.0
82040787,Yvonne,0.0
82040948,James,0.0
82044988,Sandra,1.0
82059156,Inese,0.0
82061647,Mo,0.0
82062358,Kate,1.0
82094290,Jennifer,0.0
82097828,Andre,1.0
82120943,Laura,0.0
82137791,Geraldine,1.0
82149237,Chris,0.0
82223875,Mick,0.0
82226325,Caleb,0.0
82228700,Edward,0.0
82231369,Sangarapillai,0.0
82233718,Nyasha,1.0
82243998,Eugenie,0.0
82246612,Di,0.0
82282676,Ayannah,0.0
82319663,Olga,0.0
82335716,Jay,0.0
82350085,Karina,1.0
82375365,Vincent,0.0
82409162,Anthony,1.0
82429776,Natsuko,0.0
82431568,Michael,0.0
82434286,Louis,0.0
82436841,Max And Billie,0.0
82443460,Amanda,0.0
82448401,Maureen,0.0
82451399,Renee,0.0
82455596,Sabby,1.0
82472523,Kristina,1.0
82475301,Antonio,1.0
82481194,Marian,0.0
82481857,Jay,0.0
82486920,Bharat,0.0
82492152,Claude,0.0
82507905,Henry,0.0
82534870,Sandro,0.0
82535937,John,0.0
82539474,Sandy,0.0
82539751,Zeina,0.0
82543987,Iwona,0.0
82545663,Donia,0.0
82559246,Shaimaa,0.0
82566512,Ferial,1.0
82582773,Tasteera,1.0
82594219,Vanessa,1.0
82612533,Mai,1.0
82617297,Patt,0.0
82638257,Michael,0.0
82653297,Sam,0.0
82674628,Kit,0.0
82680187,Tom,1.0
82729242,Michelle,1.0
82748437,Saneh,1.0
82752527,Thanita,1.0
82755086,Rowie,0.0
82783685,Davidandviv,1.0
82792889,Lucile,0.0
82799820,Amel,0.0
82815970,Verena,0.0
82830617,Eleonora,0.0
82853382,Vikramjeet,0.0
82868127,David,0.0
82870907,Emmanuel,0.0
82896459,Patrick,0.0
82909628,Margaret,1.0
82931571,Annie,1.0
82968316,Narongsak,0.0
82989181,Susannah,0.0
82992000,Uhousetaiwan,0.0
82992217,Lelly,1.0
82993372,Mary,0.0
82996831,Carl,0.0
83012223,Reeva,0.0
83016510,Mojtaba,0.0
83017831,Carlos,1.0
83033864,Simone,0.0
83044236,Nicola,0.0
83049356,Atif,0.0
83062059,Wiiwaa,1.0
83063359,Serge,0.0
83073553,Antje,0.0
83093257,Nicklesia,0.0
83114825,Alexandra,0.0
83136976,Gayle,0.0
83137811,S,0.0
83194435,Rohan,0.0
83217855,Aida,1.0
83220882,Hannah Naomi,0.0
83239229,Clemency,0.0
83264727,Bec,0.0
83272662,Kimberley,0.0
83297482,Alexandra,0.0
83336327,Anna,0.0
83435073,Fs1 Payon,0.0
83436803,Michael,1.0
83438363,Sukanya,1.0
83443179,Irena,0.0
83443291,Shweta,1.0
83447339,Robert,0.0
83469973,Amandeep,0.0
83470446,Jitendra,1.0
83478213,Mark,0.0
83481786,Irene,1.0
83485279,Matt,1.0
83493669,Surasak,1.0
83503623,Avik,0.0
83508949,Howard,1.0
83548035,Imogen,1.0
83552867,Natasha,0.0
83583473,Annabel,0.0
83583727,Symon,0.0
83585985,Harry,0.0
83596282,Immy,0.0
83605793,Vincent,0.0
83629119,Mary,1.0
83659722,Tuce,0.0
83660072,Saranya,0.0
83665160,Liliana,0.0
83674346,Deelia,0.0
83699073,Gillian,0.0
83704901,Elias,0.0
83723163,Gaetano Simone,0.0
83740964,Ali,0.0
83748338,Suzanne,0.0
83749797,Alexander,0.0
83766773,Manuela,0.0
83770031,Laura,0.0
83795796,Leo,0.0
83848518,Supavich,0.0
83860380,Sarah,0.0
83874236,Sadia,0.0
83876157,Ken,0.0
83876335,Guillaume,0.0
83885591,Oscar,0.0
83888511,Bo,0.0
83890741,Veena And Hari,0.0
83893743,Âmår,0.0
83917555,Ley Lets,1.0
83923743,Jill,1.0
83930302,Ross,0.0
83933819,Seran,0.0
83941741,Ollie,0.0
83977407,Timothy,1.0
83987207,Kirsten,1.0
84004516,Lucknagpad,0.0
84005111,Nichola,1.0
84018537,Olympia,0.0
84021664,Sharon Ellison,0.0
84037925,Syed,0.0
84040153,Fing,0.0
84042273,Richie Seed,0.0
84043982,Kelly,0.0
84048070,Nina And Oscar,1.0
84063756,Melanie Tran Phuong Thao,0.0
84065638,Riccardo,0.0
84101164,Emre,0.0
84108927,Rachael,0.0
84114776,Helen,0.0
84122610,Vanita,0.0
84149378,Karlina,1.0
84157210,Marion,0.0
84157708,Evgeniya,1.0
84176985,Liane,1.0
84201856,Paul,0.0
84223006,Susie,0.0
84243464,Maria,1.0
84249079,J J,0.0
84255490,Sam,0.0
84302503,Ani,0.0
84315634,Stewart,0.0
84323608,Olha,0.0
84333669,Harriet,0.0
84384803,Jill,0.0
84396048,Pheeraya,1.0
84400103,Maya,0.0
84404934,Cameron,0.0
84405840,Megan,0.0
84410810,Alikates,0.0
84416996,Sarah,0.0
84442847,Leslie,1.0
84451866,Melody,0.0
84476974,Richard,0.0
84495611,Onur,1.0
84499866,Beata,0.0
84503654,Jenny,0.0
84519878,Mouatassime,0.0
84520458,Amit,1.0
84564365,David,1.0
84564812,Anthony,0.0
84566767,Burhan,0.0
84572696,Anna,0.0
84573066,Vickie,0.0
84589017,Shin-Li,0.0
84607552,Renée,1.0
84621107,⁨Area 69⁩,0.0
84635420,Natalia,0.0
84640022,Tahnya,0.0
84640488,Denise,1.0
84643854,Katrina,0.0
84645746,Oksana,0.0
84749349,Linton,1.0
84764689,Klejda,0.0
84789436,Clinton Phillip,0.0
84792011,Andrea,0.0
84794860,Sofia,1.0
84805753,Stayin,0.0
84834306,Stuart,1.0
84836637,Nachanop,1.0
84846074,P,0.0
84846853,Moffat Muzonde,0.0
84853681,Andre,0.0
84861923,Ellen,1.0
84873353,Ann Christine,0.0
84883017,Annalise,0.0
84888938,Amy,0.0
84899994,Cheng,0.0
84906867,Murray Stays London,0.0
84942477,Chloe,1.0
84956670,Jan,0.0
84960093,Clara Sofie,0.0
84987874,Umair,1.0
84989905,Annie,0.0
85017030,Somerset Sukhumvit Thonglor,1.0
85038325,Sirikan,1.0
85046707,Aisha,1.0
85061305,Jay,0.0
85067033,Fran,0.0
85074205,Priti,1.0
85095893,Arnel,1.0
85127793,Grazina,0.0
85141482,Lottie,0.0
85167968,Darrell,0.0
85171238,Elenice,0.0
85202199,Arpornrad,1.0
85203478,Ed,0.0
85221401,Ascott Sathorn Bangkok,0.0
85227690,Tanatan,0.0
85240276,Peter,1.0
85244962,Isha,0.0
85246032,Tim,0.0
85252160,Alan,0.0
85253629,Punam,0.0
85281975,Rachel,0.0
85282354,Eerke,0.0
85293046,Ploy,0.0
85293097,Cristina,0.0
85294990,Jorge,0.0
85313212,Christopher,0.0
85318302,Ninder,0.0
85323239,Magnus,0.0
85329289,Michael,0.0
85362495,Peter,0.0
85380458,Vicki,0.0
85382819,Farhan,0.0
85431492,Hannah,1.0
85437560,Jirakamon,0.0
85438727,Antonio,1.0
85452197,Tia,1.0
85498739,Shruti,0.0
85508784,Jerome,0.0
85524302,Laurel,0.0
85525912,Anne,0.0
85530120,Steven,1.0
85534013,Dionne,0.0
85546813,Edy Chandra,0.0
85557906,Terachai,0.0
85568292,Yan/ Dav,1.0
85571372,Steven,1.0
85577187,Myriam,0.0
85580054,Elizabeth,1.0
85598344,Ahmer,0.0
85613451,Tristan,0.0
85630741,Shelley,0.0
85641024,Kayzy,0.0
85650528,Yu Wen,0.0
85652256,Lesley,0.0
85659291,Matt,1.0
85687690,Jonathan,0.0
85702460,Grant,0.0
85703483,Lida,0.0
85709352,Katrina,1.0
85736648,Gabriella,0.0
85738747,Rosirin,1.0
85759818,Sarah,0.0
85774657,Karen,0.0
85793091,David,1.0
85796255,Jose Octavio,0.0
85797351,Natthaya,1.0
85808023,Emily,0.0
85810827,Lily,1.0
85820702,Isabella,1.0
85824930,Living Rooms,0.0
85853813,Baldip,0.0
85869213,Kerim,1.0
85903164,Pun,0.0
85915977,Jean Marcelo,0.0
85922651,Dawn,0.0
85941508,Oli,0.0
85956379,Virginie,0.0
85979064,Jim & Ming,0.0
85982215,Lilija,1.0
85995258,Richard,0.0
86035846,Jacqueline,0.0
86036721,Stuart,0.0
86041888,Laurelle,0.0
86042298,Julia,0.0
86045414,Somerset Park Suanplu,1.0
86056313,Susan,0.0
86057862,Janet,1.0
86064249,Sherine,0.0
86085567,Andrew,0.0
86095898,Shahena,1.0
86114690,Sarah,0.0
86123310,Gigi,1.0
86142858,Mandu,0.0
86145351,Lawrence,1.0
86147284,Anna,0.0
86152967,Fab,0.0
86165709,Michele,0.0
86171870,Neil,1.0
86174668,Katharine,0.0
86218019,Ed,0.0
86218582,Aron,1.0
86219074,Immy,1.0
86241026,Olenka,1.0
86254502,Renata,0.0
86259974,Jose,0.0
86263015,Sébastien,1.0
86279353,Agnieszka,0.0
86314559,Moussa,0.0
86315710,Pippa,0.0
86327046,Eduarda,1.0
86333173,JeanClaude,1.0
86340472,Kinga,0.0
86341148,Erhan,0.0
86361124,Aleksandra,0.0
86373246,Tanja,0.0
86426482,Michael,0.0
86427838,Citadines Sukhumvit Eight,0.0
86430763,Gook At Citadines Sukhumvit Sixteen,0.0
86439299,Alice’s Nest London,1.0
86442741,Roxxana,0.0
86447391,James,0.0
86463130,Imogen,0.0
86545051,Ale,0.0
86578744,Alessia,1.0
86589930,Donata,0.0
86615838,Raoul,0.0
86623786,Ayla Yang,1.0
86628225,Jason,0.0
86634135,Asa,0.0
86638093,Mikayla,0.0
86648992,Simon,0.0
86650569,Natt,1.0
86651456,Marco,0.0
86655443,Joe,0.0
86658575,Diana,0.0
86664827,Annie,1.0
86689650,Hippo,0.0
86697120,Stuart,0.0
86697209,Delyana,0.0
86703450,Toya,0.0
86728167,Ms Natasha Elizabeth,0.0
86741374,Ejaz,0.0
86753206,Catalina,0.0
86769710,Tim,0.0
86806725,Deana,1.0
86810069,Rose,0.0
86819343,Tahnee,0.0
86828759,Anna,0.0
86834808,Melanie,0.0
86847329,Mary,1.0
86869471,Mariella,0.0
86889884,Melanie,1.0
86890679,Eugene,0.0
86900377,Sahar,0.0
86907992,Tom,0.0
86919689,Satoko,1.0
86926765,Anna,0.0
86943234,Michael,0.0
86954587,Chom,0.0
86976420,Nicola,1.0
86979542,Praewpilin,0.0
86987941,Sonja,0.0
86991723,Yang,0.0
86998312,Francesca,0.0
87005986,Norman,0.0
87007333,Andrea,0.0
87014156,Connor,0.0
87022022,Joshua,1.0
87022483,Carol,0.0
87038729,Monica,0.0
87061355,Yadi,1.0
87065725,Sasha,1.0
87068985,Alexander,0.0
87072112,Jamie,0.0
87112171,Bobi,0.0
87137123,Aprajita,0.0
87148044,Merle,0.0
87154744,A,0.0
87187641,Sarmad,0.0
87196501,Yvonne,0.0
87201023,Linzi,0.0
87213067,Chris,1.0
87220383,Torn,0.0
87226118,Melissa,0.0
87232315,Julia,1.0
87242329,Alice,1.0
87254852,Lance,0.0
87271328,Shafia,0.0
87276579,Pimtip,0.0
87278164,Sonia,1.0
87284266,Sonia Joyce,0.0
87297932,Olakunle,0.0
87312937,Rajeev,0.0
87315204,Geoffrey,0.0
87319130,Bella,0.0
87350612,Kiki,0.0
87356863,Abi,0.0
87420053,Navapon,0.0
87427095,Shirley,0.0
87428870,Will,1.0
87431906,Juan,0.0
87447209,Mark,1.0
87449224,Ling,1.0
87449409,Stefano,0.0
87459801,Heidi,1.0
87462810,Kelly,0.0
87468251,Supasorn,0.0
87469146,Frank,0.0
87469972,Pradeep,0.0
87470433,Samar,0.0
87473341,Hammy,0.0
87475436,Nicholas,1.0
87486399,Yossi,1.0
87507584,Carla,1.0
87509831,Hanisha,0.0
87514173,Abdullah,0.0
87535460,Pamela Joan,1.0
87546386,Harry,0.0
87546928,Jennifer,0.0
87569947,Kyle,0.0
87579415,Tola,0.0
87579690,Pierrick,0.0
87583227,Yurika,0.0
87584870,Cris,0.0
87586246,Ru,0.0
87595494,Abby,1.0
87596423,Sean,0.0
87627016,Sintima,0.0
87678967,Karan,1.0
87680046,Liza,0.0
87683677,Wembley Stadium Flat,0.0
87685572,Victoria,0.0
87709744,Lydia,0.0
87725706,Daniel,0.0
87725955,Vlad,0.0
87741536,Maïlys,0.0
87760756,Rachanidda,0.0
87791740,Divya,0.0
87798172,Martin,1.0
87799083,Nicola,0.0
87864256,Jamie,0.0
87867195,Wendy,1.0
87867914,Montserrat,1.0
87876780,Tamir,1.0
87880316,Jacob,0.0
87917635,Barbara,0.0
87921986,Vishal,0.0
87931650,May,1.0
87940177,Olivia,0.0
87947913,Christophe,0.0
87972031,Marco,0.0
88021055,Enza,1.0
88025594,Nick,0.0
88043243,Theo,0.0
88080470,Syed,0.0
88081649,Maria,0.0
88082967,Trish,0.0
88084521,Mark,0.0
88089700,Brad,1.0
88097276,Elecii,0.0
88099327,Elliott,0.0
88116129,Louisa,0.0
88116334,Simon,0.0
88122301,Symone,1.0
88142310,Nicoletta,1.0
88145532,Hanna,0.0
88153006,Catalina,0.0
88158321,Molly,0.0
88172761,Chris,0.0
88180305,Hazem,0.0
88181044,Alicia,1.0
88182618,Thomas,0.0
88184600,Darren,1.0
88185701,Milesh,0.0
88202737,Ashu,0.0
88209783,Trine,0.0
88240124,Sam,0.0
88246951,Stefanie,1.0
88256235,Suzanne,0.0
88272639,Gia,0.0
88282715,Zide,0.0
88285795,Jules,1.0
88304120,Mimo,0.0
88326914,Carly,0.0
88340951,CozyOnTop,1.0
88341595,Ellen,0.0
88344456,Wichayada,0.0
88362979,Jenny,0.0
88384945,Chollatorn,0.0
88389944,Jen & Steve,1.0
88415453,Dean,0.0
88418317,Yulia,1.0
88424196,Natalie,0.0
88438520,Sivanan,0.0
88439368,Kristine,0.0
88440045,Phillip,0.0
88455788,Jen,0.0
88488489,Ewelina,0.0
88499278,Sal,1.0
88525423,Meetali,0.0
88531730,Rez,0.0
88536487,Juliet,0.0
88538776,Salman,0.0
88551076,Cherry,0.0
88568286,Luc,0.0
88569660,Lily,0.0
88606186,Chatchawal,0.0
88609158,Caroline,0.0
88614093,Jonathan,0.0
88617940,Golam Kibria,0.0
88649250,Lotte,0.0
88667407,Jack,0.0
88726902,Sarah,0.0
88729437,Valerie,0.0
88732196,Jemmy,0.0
88735808,Kal,1.0
88737545,Ana Maria,0.0
88739922,Stephanie,0.0
88758578,David,1.0
88761776,Narek,0.0
88783171,Helen,0.0
88800829,Catherine,1.0
88820324,Ben,0.0
88829111,Korbua,0.0
88836869,William,1.0
88852186,Alison,1.0
88855353,Eric,1.0
88874832,Valentina,0.0
88888566,Didem,0.0
88900678,Oliver,1.0
88965670,Mike,0.0
88977356,Georgina,0.0
88979255,Bruna,1.0
89001249,Jackson,1.0
89025749,Elissa,1.0
89042340,Leah,0.0
89066608,Olly,0.0
89079497,Gerald,0.0
89092651,Ornela,0.0
89096362,Pichet,0.0
89102306,Esther,0.0
89104078,Gabriel,1.0
89114539,Carlos,0.0
89115126,Rich,0.0
89115610,Homm,1.0
89143837,Alfonso,0.0
89164934,Clytie,1.0
89176675,Helder,0.0
89206616,Al,0.0
89211102,Colleen,1.0
89226350,Kaijaerice,0.0
89252726,Hide Bangkok,1.0
89261959,Temchit,1.0
89272740,Michael,0.0
89278006,Harvey,0.0
89279775,Oakwood Residence Sukhumvit Thonglo,0.0
89305991,Lucille,1.0
89317319,Charlie,0.0
89322070,Anil,0.0
89327744,Ela,0.0
89344911,Luca,0.0
89355192,Shlome,0.0
89359279,Magdalena,0.0
89364385,Roberto,0.0
89386204,Nancy,0.0
89429932,Jana,0.0
89442943,Tanya,1.0
89477123,Xin,0.0
89480758,Ciaran,1.0
89482710,Alex,0.0
89484803,Mark,1.0
89500770,Tricia,0.0
89508921,Natalia,0.0
89513476,Oli,1.0
89533769,Sonila,1.0
89535392,Aurelien,0.0
89538000,M,0.0
89548656,Eleanor,0.0
89565690,Bernadette,0.0
89569693,Augustin,0.0
89583967,Marina,0.0
89591969,Michael,0.0
89606391,BaanKachitpan,1.0
89615905,Pramita,0.0
89628247,Debbie,0.0
89643122,Ibiye,0.0
89646960,John,1.0
89647185,Nicola,1.0
89666212,Elena,1.0
89686324,Ian & Katya,0.0
89693821,Lorraine,0.0
89693959,Azimali,0.0
89705521,Milena,0.0
89710926,Hyundai,1.0
89711103,Sikander,0.0
89734367,Jane,1.0
89735597,Michael,1.0
89736755,Theodoros,1.0
89750612,Zaw,1.0
89769714,Michael,0.0
89776230,Trish,1.0
89806823,Pavlin,0.0
89810653,Toby,0.0
89810722,Altin,0.0
89820334,Valter,0.0
89820474,Ken,0.0
89845074,Ben,0.0
89848222,Suvery,0.0
89854489,Amina,0.0
89875445,Charlene,0.0
89883209,Renita,0.0
89914443,Donna,0.0
89923154,Virginia,0.0
89930243,Jodie,0.0
89943277,Shims,0.0
89962224,Davide,0.0
89962939,Jyn,0.0
89970969,Clare,0.0
89978417,Claire,1.0
89982241,Meny,0.0
89986200,Henry,1.0
89986960,Lisa,1.0
89987924,Tannah,0.0
89988384,Jinny,0.0
90005589,Jessica,1.0
90022523,Jo,1.0
90028520,Jorge,1.0
90035618,Claire,0.0
90055184,Nahuel,1.0
90061029,Matthew,0.0
90100431,Aliona,1.0
90112178,Colette,1.0
90118024,Chloé,1.0
90122012,Kim,0.0
90124554,Ziwei,0.0
90154944,Sean,0.0
90159482,Alexis,0.0
90168934,Mariana,0.0
90179647,Bena,1.0
90184136,Chris,1.0
90186652,Janice,1.0
90204282,Jo,1.0
90204819,Alessandra,0.0
90205347,Jess,0.0
90207238,Mr And Mrs Khan,0.0
90209242,Joanne,0.0
90253124,Onuma,0.0
90262079,Jessica,0.0
90265579,William,0.0
90282462,Lauren,1.0
90289070,Eleanor,0.0
90296224,Paolo,0.0
90306778,Martin,0.0
90314073,Fari,0.0
90359099,Dr Deepa Shantilal,0.0
90360534,EMMi,1.0
90368459,Michael,0.0
90376151,Ali,0.0
90379272,Best,0.0
90379531,Michaela,0.0
90395235,Tuk And MaryJane,1.0
90401517,Grace,0.0
90411493,Fiona,1.0
90433699,宇明,0.0
90450162,Karim,0.0
90475892,Claire,1.0
90482642,Dennis,0.0
90486407,Peter,1.0
90488040,James,0.0
90500696,Nishy,0.0
90508055,Giovanni,0.0
90529911,Angela,0.0
90546626,Patcharin,0.0
90551270,Stuart,1.0
90565975,Carol Ann,1.0
90583455,Susanna,1.0
90584939,Nial,1.0
90587570,Samantha,0.0
90589402,Elaine,1.0
90594071,Jason,0.0
90600486,Andrew,0.0
90616271,Maowen,1.0
90623207,Jessica,0.0
90638197,Mo,0.0
90678036,Robert,0.0
90691987,Nikos,0.0
90694034,Fabian,0.0
90694569,Alex,0.0
90703255,Jeni,1.0
90738010,Lara,0.0
90744159,Sandra,0.0
90748198,Annamaria,1.0
90750840,Melissa,0.0
90753845,Samuel,0.0
90768078,Tracey,1.0
90804954,Lucia,0.0
90805965,Nicole Claire,0.0
90825245,Georgina,0.0
90831525,Mirjana,0.0
90856355,Lucia,1.0
90876766,Baanfangthon,1.0
90883670,Sebastian,1.0
90909736,Ashleigh,0.0
90937143,Sally,0.0
90943998,Edward,0.0
90963255,Jasbir Kaur,1.0
90965458,Rebecca,1.0
90969947,Ruyi,0.0
91006075,Claudia,1.0
91019420,Hong,0.0
91034448,Darren,0.0
91034741,ヒロ,1.0
91042135,Kelly,0.0
91046905,Hartmut,0.0
91049361,Jen,0.0
91059719,Mark,0.0
91065122,Georgia,1.0
91070429,Marie,1.0
91072888,Tracy,0.0
91073574,Rosie,0.0
91074998,Paul,0.0
91083960,Anne,0.0
91098546,Lisa,1.0
91128836,Mark,0.0
91134334,Bibi,0.0
91144526,Flaminia,0.0
91160811,Alessandra,1.0
91162934,Joseph,0.0
91169784,Mohammed,0.0
91172369,Anh,1.0
91185964,Ms. Oranee,0.0
91195428,Yanglan,1.0
91223365,Sharmilee,0.0
91231688,Bas,0.0
91234212,Mila,1.0
91237366,⁨S30⁩,0.0
91249905,Frank,0.0
91250978,Peter,0.0
91251403,Rigerta,0.0
91252613,Jessica,0.0
91257796,Thomas,0.0
91269108,Catherine,0.0
91271131,Julia,0.0
91272634,Rachel,1.0
91300278,Abi,0.0
91321207,ProHouse,0.0
91330809,Rosario,1.0
91333220,Georgia,0.0
91334882,Luz,0.0
91343312,Graham,0.0
91350063,Vijay,1.0
91353133,Kiflay,0.0
91361866,Rory,0.0
91367035,Martin,0.0
91373593,Marilyn,0.0
91375244,Art Feng,1.0
91377476,Alison,0.0
91404566,Annie Lauren,0.0
91426608,Jubjib,0.0
91438807,Natalia,0.0
91444376,Joan,0.0
91446621,Daranee,0.0
91460259,Caroline,0.0
91475651,Suzanne,1.0
91526729,Bertrand,1.0
91547381,Helen,1.0
91558605,Ik,0.0
91564848,Romy,0.0
91568373,Vanessa,0.0
91583817,Shoulin,0.0
91587706,Leon,0.0
91591964,Soumyajit,0.0
91600480,Samuel Nathan,0.0
91606725,Lalita,0.0
91613397,Alexander,0.0
91613821,Lewis,0.0
91614860,Carey,1.0
91622377,Matt,1.0
91629442,Chris,0.0
91630899,Syed,0.0
91645969,Nick,1.0
91654984,Kevin,0.0
91657245,Kiya,0.0
91675769,Philip,0.0
91686013,Callum,1.0
91701309,May,0.0
91724558,Tristan,0.0
91725155,Khatera,0.0
91767876,Sewin Wung,1.0
91769791,Kanthaphat,0.0
91775156,Alexandre,0.0
91783891,Wei,0.0
91797785,Tarka,1.0
91802186,Milena,0.0
91815958,Ola,0.0
91827708,Rupert,1.0
91831842,Anna,0.0
91844024,Charina,0.0
91845894,Esmeralda,0.0
91879562,Inioluwa,0.0
91887833,Tarcisio,0.0
91913598,Michael,0.0
91925664,Tim,1.0
91931192,Zara Tower Hotel,0.0
91932622,Paul,0.0
91934777,Vichak,1.0
91948174,Leticia,0.0
91961414,Kimi,0.0
91964248,Gustavo Miguel,1.0
91964612,Empera,0.0
91990381,Luz,0.0
92005970,Karolis,0.0
92011483,Ery,1.0
92036496,Ben,1.0
92043903,Estefania,0.0
92046665,Yuri,0.0
92048092,Natasha,0.0
92051611,Craig,1.0
92053290,Lorraine,0.0
92060318,Misa,0.0
92083488,Amit,0.0
92093026,Ivory,0.0
92096819,Uzair,1.0
92130866,Fabiana,0.0
92158998,Yemi,0.0
92172750,Michael,1.0
92174027,Jaff,0.0
92210228,Barney,0.0
92211355,Nathen,1.0
92214630,Anna,0.0
92216050,Basil,0.0
92230917,Thomas,1.0
92240156,Aamer,0.0
92250510,Valentina,0.0
92253314,Stephen,1.0
92266511,Zayd,0.0
92270189,Ryan,0.0
92310980,Diana,1.0
92342614,Nicole,0.0
92357536,Rachael,0.0
92369937,Andy And Lucy,1.0
92392006,Michael,0.0
92406083,David,0.0
92426545,Hannah,1.0
92430342,Alexander,0.0
92434775,Roudi,0.0
92465650,Anna,0.0
92475736,Kathryn,1.0
92506071,Lia,0.0
92523499,Sadru,0.0
92526110,Jasu,0.0
92550794,Nature Villa Hotel,0.0
92562574,Benjamin Oliver,0.0
92574416,Kike,0.0
92574427,Vanessa,1.0
92583354,Catherine,1.0
92587119,Sarah,0.0
92588192,Chloe,0.0
92590423,Gerard Joseph,0.0
92592056,Margaret,1.0
92601704,Amira & Syed,1.0
92603815,Luke,0.0
92613056,Zena,0.0
92636244,Neil,0.0
92637044,Paula,0.0
92637576,Betty,0.0
92664131,Marco,1.0
92676797,ELizabeth,0.0
92676798,Karen,1.0
92747277,Luciana,1.0
92748917,Jessica,0.0
92761297,Theresa,1.0
92761315,Weijie,0.0
92774845,Phattrathorn,0.0
92777689,Natalia,1.0
92779512,Edward,0.0
92782549,Jake,0.0
92804630,Camila,0.0
92811524,Charles,0.0
92812045,Thomas C,0.0
92812397,Libby,0.0
92826435,Aynur,0.0
92827778,Dave,0.0
92851690,Joaquim,0.0
92859244,Al,0.0
92866430,Dave,1.0
92897134,Michael,0.0
92909769,Madeline,1.0
92931505,⁨GoodtimeProperty.⁩,0.0
92933147,Luana,0.0
92957267,Yasmina,1.0
92967793,Sarah,0.0
92971656,Brenda,0.0
92982853,Max,0.0
92983236,Maoh Maoh,0.0
92983349,Andrea,1.0
93024525,Rene,0.0
93036327,Grant,0.0
93041382,Sarah,0.0
93057392,Alexsander,0.0
93085810,Veerapat,0.0
93126532,Aamir,0.0
93170521,Marcus,0.0
93186070,Thomas & Devaki,0.0
93193612,Therese,0.0
93202079,Modupé,0.0
93214384,Naomi,1.0
93214392,Mona,1.0
93230697,Dr G,0.0
93259763,Steven,1.0
93268408,Clive,1.0
93271399,Ryan & Eniko,1.0
93398181,Stéphanie,1.0
93422719,Alexa,0.0
93448878,Netsai,0.0
93459894,Shirley Yet Ling,0.0
93474953,Teresa,0.0
93530534,Shahzeb,0.0
93535097,Amar,1.0
93535101,Tony Brooks,0.0
93536536,Olta,0.0
93545032,Proai,0.0
93576775,Bobby,0.0
93589489,Terna,0.0
93600486,Billie,0.0
93601658,Syeda,1.0
93604135,Anna,0.0
93608459,Bryony,1.0
93611793,Jenny,0.0
93616982,Tarek,0.0
93634724,Shanjida,1.0
93646755,Sarah,0.0
93664372,Phakchira,1.0
93667985,Chutinun,0.0
93670705,Khalil,1.0
93677011,Rainy,1.0
93682531,Lucy,1.0
93683175,Zain,0.0
93695636,Numan,0.0
93699685,Poonrit,1.0
93705832,Rachel,0.0
93711236,Alistair,0.0
93727564,Salomon,0.0
93729482,Marianne,0.0
93742662,María Daniela,0.0
93749550,Emanuelle Maffioletti,0.0
93788913,Brittany,0.0
93789548,A,0.0
93799003,Caitriona,0.0
93800909,Katya,0.0
93805228,Jeanne,0.0
93808527,Alex,0.0
93809020,Sarah,0.0
93813362,Ashkin,0.0
93816219,⁨Thunder M.⁩,0.0
93845852,Selin,1.0
93863768,Elizabeth,0.0
93902436,Charlie,0.0
93918368,Michele,0.0
93918547,Andreas,0.0
93926147,Chantale,0.0
93956794,Joanne,0.0
93965166,Christiana,0.0
93970333,Seb,0.0
93982821,Christiano,0.0
93992515,Tharvadee,0.0
94003146,Marek,1.0
94004220,Sheena,0.0
94043921,Chris,0.0
94045787,Jovanka,0.0
94080588,Luca,0.0
94082984,Judith,0.0
94097064,Fin,0.0
94122642,Paul.Bkk,0.0
94133222,Pawanee,0.0
94152033,Barbora,1.0
94159098,Ben,0.0
94180783,Georgina Pauline Jean,0.0
94200707,Double J,1.0
94205088,Jonathan,1.0
94235838,Ali,0.0
94242983,Randy,0.0
94242999,Pablo,1.0
94271857,Fay,0.0
94308812,Inge,0.0
94313825,Seb,0.0
94313937,Benjamin,0.0
94332736,Libby,1.0
94344030,Thomas,1.0
94344342,Rose,0.0
94351647,Ali,0.0
94373469,Emmanuel,0.0
94417073,Rubab,1.0
94426146,Wanlapatch,0.0
94450229,Zara,0.0
94452406,佳,0.0
94453685,Roja Kouhbanani,0.0
94465894,Celine,1.0
94473464,Boonsiri,0.0
94479369,Steven,1.0
94491664,Joanna,0.0
94499161,Katerina,0.0
94512828,Charlotte,0.0
94521348,Lucyna,0.0
94539460,Claire,0.0
94568314,Charlie,0.0
94576508,Orrathai,0.0
94578815,Sukhumvit Vip,1.0
94585996,Gerry,1.0
94593058,Bruno,1.0
94601540,Julie,0.0
94617233,Shipon,0.0
94630069,Nadia,0.0
94640332,Angel,1.0
94640827,Jonathan,0.0
94647593,Piyali,0.0
94668537,Title TT,1.0
94669481,Cindy,0.0
94675447,Katharine,1.0
94679515,Hannah,0.0
94682177,Mark,1.0
94720058,Napat,1.0
94726637,Sidney,0.0
94728964,Be,0.0
94731962,Ria,0.0
94747501,James,0.0
94751006,Maria,1.0
94755710,Marika,0.0
94760262,Elizabeth,1.0
94799166,Diego,1.0
94800832,Shamina,0.0
94820947,Nichola,1.0
94821059,Benny,1.0
94822424,Anick,1.0
94867878,Laura,0.0
94899359,Renee,1.0
94902104,小艳,0.0
94902688,Kate,1.0
94913356,Hallan,1.0
94922687,Judy,0.0
94923994,Anjali,1.0
94925222,Cako,0.0
94929958,Malgorzata,0.0
94932649,Freddie,0.0
94940788,Laura,0.0
94949941,Tobia,0.0
94964132,Vimuttiratna,0.0
94980861,John,0.0
94983781,Jordan,0.0
95016277,Niclas,1.0
95030239,Jemima,0.0
95044241,Sharlene,1.0
95060908,Veronica,0.0
95080256,Jenny Woo,1.0
95080562,Mary,0.0
95082822,Demi,1.0
95099642,Sarah,0.0
95105464,Mauro,0.0
95117073,Praveen,0.0
95133257,Aishah,1.0
95138344,Natalia,1.0
95141718,Nick,1.0
95143047,Susan,0.0
95160240,Nicola,0.0
95214788,Cushie,0.0
95215056,City Stays,0.0
95221826,Mu Rre,0.0
95229268,Lynn,0.0
95235837,Lisa,0.0
95237128,Napat,0.0
95239469,Michael,0.0
95251246,Alex,0.0
95283394,Hai,1.0
95293468,Jay Moya,1.0
95314668,Thet,1.0
95341518,Folarin,0.0
95362867,Nutthapon,0.0
95372809,Jason,0.0
95411657,Tan,0.0
95451688,Sangaran,0.0
95457301,Jonathan,1.0
95460050,Boat,0.0
95484677,Navapong,0.0
95512781,Firm,0.0
95518062,Mui,0.0
95518825,Ming,1.0
95519481,Akram,0.0
95522832,Courtney,0.0
95525070,Tam,1.0
95526244,Wei Ting,1.0
95532773,Hotelise,1.0
95537988,Keeradit,0.0
95544273,Edi,1.0
95548084,Mod Apiluk,0.0
95552663,Kathleen,0.0
95555840,Rory,0.0
95592253,Richard,0.0
95608858,Martin,0.0
95616501,Michael,0.0
95617066,Réginal-Roland,0.0
95618065,Mahi,0.0
95634188,Witsawachit,0.0
95637561,Kantapol,1.0
95640425,Manee,0.0
95657666,Adrian,1.0
95682924,Christel,0.0
95688209,Apartment Ladphrao,0.0
95690658,Sid,0.0
95708468,Luke,0.0
95718809,Phil,0.0
95745043,Daniela,0.0
95750462,Chris,1.0
95775227,Shayan,1.0
95804939,Christopher,0.0
95812261,Marike,1.0
95814194,Alpha,0.0
95826939,Hien,1.0
95827288,Edoardo,0.0
95844841,David,0.0
95879358,Kittipong,0.0
95920319,Andy,1.0
95962092,Home Market,0.0
95999628,Benny,1.0
96001402,Rosie,0.0
96003578,Nil,0.0
96022774,April,0.0
96029466,Peter,1.0
96036044,Monika,0.0
96036854,Dainius,1.0
96046834,Alice,0.0
96050585,Firas,0.0
96065599,Riccardo,0.0
96070513,Ross,0.0
96072981,Robert,0.0
96123306,Charlotte,0.0
96133167,Shireen,0.0
96135128,Nadine,1.0
96142932,Katy,0.0
96149842,Lucky,0.0
96150452,May,1.0
96152583,Chompunot,0.0
96159472,Liza,0.0
96159761,Salvatore,0.0
96178107,Aujzhara,1.0
96182799,Charlotte,0.0
96194081,Zoe,0.0
96197308,Chloë,1.0
96206332,Kamilah,1.0
96218725,Mustafa,0.0
96245024,Lay Lee,0.0
96265683,Easyhome,0.0
96276841,Julie,1.0
96277677,Tiffany,1.0
96305665,Bangkok Betty,1.0
96322671,Jin,0.0
96328364,Sedat,0.0
96379633,Fiona And Tristan,1.0
96384297,Alison,0.0
96392096,Ilona,0.0
96404535,Nicola,0.0
96409738,Amber,0.0
96418046,Anam,0.0
96418641,Stacey,0.0
96445513,Richard,0.0
96464809,Win,0.0
96470449,Victoria,0.0
96488542,Bhagyesh,0.0
96492745,Top,1.0
96493943,Rudklao,1.0
96518484,Caroline,1.0
96522971,Judy,1.0
96524660,Julie,0.0
96543268,Oliver,0.0
96543792,Gom,0.0
96556089,Jeremy,1.0
96556366,Emma,0.0
96560465,Bassem,0.0
96588939,Julie,0.0
96600415,Chelsea,0.0
96604088,Jacqui,0.0
96606486,Lulu,0.0
96618806,Ed,0.0
96636003,Charlie,0.0
96649754,Amir,1.0
96650338,Jane,0.0
96662268,Tan,0.0
96671155,Mauro,1.0
96705946,Edward,0.0
96706502,Anna,0.0
96707677,Laura,0.0
96708855,Jay,0.0
96711268,Naina,0.0
96711779,Katarzyna,0.0
96755584,Host Team,0.0
96772722,Gaia,0.0
96774760,James,0.0
96779911,Starzeus,0.0
96788515,Jules,1.0
96812552,Penelope,0.0
96815977,Maruf,1.0
96822439,Dan,0.0
96823178,Sarah,0.0
96826646,Sara,0.0
96863573,Judith,1.0
96863806,Seb,0.0
96870243,Jennifer,0.0
96900791,Andrew,0.0
96968879,Cristina,0.0
96978281,Jackie And Jason,1.0
97017916,Konstantin,1.0
97018073,Luis,0.0
97020574,Chloe,0.0
97020586,Jenita,1.0
97029624,Jake,0.0
97035033,David,0.0
97035056,Michelle,1.0
97050405,Melissa,0.0
97052021,Mike,1.0
97075898,Elrashid,0.0
97090726,Helen,0.0
97091056,Gina,1.0
97098506,Xuan,1.0
97117497,Denis,0.0
97118422,Matteo,0.0
97124813,Tim,1.0
97146020,Conor,0.0
97152102,Jack,0.0
97160327,Maria,0.0
97177917,Olivia,0.0
97196586,Maprang,1.0
97218930,Alasdair,0.0
97219817,Manjot And Summer,0.0
97221210,Rebecca,0.0
97223602,Jennifer,0.0
97224350,Ting,0.0
97226173,Guy,1.0
97239304,Su-O,1.0
97242533,Lily,0.0
97244263,Saman,0.0
97244593,Michelle,0.0
97244833,Alex,0.0
97246214,Martsly,0.0
97254433,Madeleine,0.0
97263345,Oli,0.0
97269224,Pas Cher,0.0
97306767,Shirley,1.0
97308892,Karl,0.0
97312419,Sid,1.0
97313663,Kunal,1.0
97318026,Vitaly,0.0
97348946,Pipat,0.0
97351921,Zain,0.0
97354413,Tree,1.0
97357922,Sarah,0.0
97369258,Jason,0.0
97386029,Eric,1.0
97396873,Manu,1.0
97397240,Lily,1.0
97424788,Michael,1.0
97425581,Nariane,0.0
97430872,Clau,1.0
97440842,Coco,0.0
97470733,Sunny,1.0
97484745,Alessia,0.0
97494946,Tobias,1.0
97495895,Elena,0.0
97505207,Duong Estate & Keano Properties Ltd,0.0
97506595,Ignacio,1.0
97507102,Marianne,0.0
97520868,Sarah,0.0
97547130,Matthew Sean,0.0
97560555,Rishi,0.0
97571386,Hao,1.0
97575673,Ligeia,0.0
97575712,Joanne,0.0
97597550,Jatindar Kaur,0.0
97599518,Andrej,0.0
97622499,Sonia,0.0
97623514,Regina,0.0
97652202,Joanne Marie,1.0
97688348,Christina,0.0
97700602,Maree,0.0
97708657,Sami,0.0
97730124,Prem,0.0
97739713,Chris,1.0
97743020,Marcos,0.0
97750485,Ariyanat,1.0
97752387,Anne,1.0
97783781,Jo,0.0
97784149,Sharlene,0.0
97806624,Ahmad,0.0
97808726,David And Elsa,1.0
97815191,Stuart,0.0
97819774,Darryl,0.0
97827506,Mohan,0.0
97829661,Paul,0.0
97836222,Alena,1.0
97838492,Claudette,0.0
97865816,Michael,1.0
97872786,Gavin,0.0
97874184,Moji,0.0
97892488,Park Villa Boutique Hostel,0.0
97893027,Mark,0.0
97905465,Roro,0.0
97907076,Carolina,0.0
97941495,Victoria,0.0
97942941,Mona,0.0
97952099,Chatchanok,0.0
97973645,Noyemie,0.0
97974640,Michael,0.0
97993178,Gillian,0.0
98003212,Marcus,1.0
98016140,Joe,0.0
98024533,Rong,0.0
98024869,Efe,0.0
98068076,Ivan,0.0
98106942,Tristan,1.0
98117364,Unchalee,0.0
98151795,James,0.0
98155984,Syeda,0.0
98185855,Kian,1.0
98201724,Victoria,0.0
98213024,Aisling,0.0
98215645,Will,1.0
98263369,Hasan,0.0
98295312,Andy,0.0
98380644,Sukpoint,0.0
98382419,Jason,0.0
98396026,Jacob,0.0
98425482,Jo,0.0
98427364,Dan,0.0
98480095,Vanessa,0.0
98486959,Yolanda,0.0
98487438,Ellie,1.0
98510337,Nikki,0.0
98519060,Jo,1.0
98575711,Paul,0.0
98590477,Kate,0.0
98591501,⁨Peau Th.⁩,0.0
98592732,Elina,0.0
98620628,Astor Victoria Hostel,0.0
98623075,William,0.0
98667546,Stacie,0.0
98692679,Stewart And Mia,0.0
98694606,Hau Yee,0.0
98704638,Vasin,0.0
98724081,Avni,0.0
98729559,Suparat,0.0
98744825,Jes,0.0
98749973,Kristine,1.0
98759545,Singh,0.0
98770835,Teodoro,0.0
98773985,Alna,0.0
98774646,Karen,1.0
98783866,Greer,0.0
98787748,Claire,0.0
98796726,Hemant,0.0
98813955,Ursula,0.0
98845204,Belinda,0.0
98858694,Simi,0.0
98863271,Marshall,0.0
98882257,Marguerite,0.0
98908821,Michelle,0.0
98920454,Andrew,0.0
98930317,James,0.0
98941638,Richard Henry Michael,0.0
98960117,Robbie,0.0
98961089,Alex,0.0
98974124,Freshta,0.0
98975572,Ankita,0.0
99009227,Jo,0.0
99016343,Aimee,0.0
99023266,Liz,0.0
99036714,Uthayakumar,0.0
99038064,Jash,0.0
99045251,Pierre,0.0
99051146,Tamy,0.0
99063456,Chulayuth,0.0
99071882,Sunny,0.0
99079874,Maya,0.0
99111109,Laura,0.0
99140931,Adrienne,0.0
99141846,PPLuxury,0.0
99149160,Ali,0.0
99151459,Aeya,0.0
99159587,Edward,0.0
99168581,Milly,0.0
99185579,Helen,1.0
99194267,Taniele,0.0
99203458,Suresh,0.0
99209755,Lisa,0.0
99213096,Marty,0.0
99252773,Chukwuemeka,0.0
99253444,Diogo,0.0
99253765,Peter,1.0
99289098,Nisarat Oil,0.0
99289615,Amir,1.0
99315860,Makayla,0.0
99347650,Gurkan,1.0
99356143,Karan,0.0
99404130,Govind,0.0
99405105,Lila,0.0
99420360,Kaiwan,0.0
99438982,Jj,0.0
99459010,Jalila,0.0
99472368,Carol,1.0
99529856,Lia,0.0
99531777,Rachel,0.0
99558889,Sarah,0.0
99572926,Roz,1.0
99596540,Kriz,0.0
99625403,Juliet,0.0
99626473,Melissa,0.0
99633148,Bridget,0.0
99635206,Muniza,0.0
99642128,Andres,0.0
99666234,Ayda,0.0
99677332,Akkasit,0.0
99699029,Yj,0.0
99701885,Maggie,0.0
99709531,Thor,0.0
99726208,William,0.0
99743375,Samantha,0.0
99762360,Scott,1.0
99768437,Lora,0.0
99797499,Daisy,0.0
99826066,Aliyak Sangthian,1.0
99829950,Elisa,1.0
99871156,Alan,1.0
99871241,Mireille,1.0
99885300,Natan,1.0
99923994,Joe,0.0
99930179,Naomi,0.0
99949437,Ronit,1.0
99962569,Ben,1.0
99972460,Mikey,0.0
99980499,Nadia,0.0
99982434,Marco,0.0
99982639,Celine,0.0
99991627,Dijana,1.0
99994469,Kitichai,1.0
100004010,David,0.0
100013588,Kanlayana Hostel,0.0
100016916,Nicholas,0.0
100029888,Farruh,0.0
100048531,Kamran,0.0
100068787,Kudi,1.0
100069073,Antonia,0.0
100076439,Enhance,0.0
100079118,Jenny,0.0
100085932,Aleksandra,1.0
100086617,Ruth,1.0
100164927,Eppie,0.0
100167710,Gareth,1.0
100179517,Kim,0.0
100183388,⁨Pairath(Jimmy)⁩,0.0
100219575,Stefani,0.0
100223153,Sezai,0.0
100235813,Charles,0.0
100240151,Celeste,0.0
100253552,Jessica,0.0
100254087,Johan,0.0
100254329,Yoav,0.0
100256148,Ella,0.0
100261041,Ali,0.0
100290855,Louis,0.0
100297233,Dean,0.0
100315978,Amy,0.0
100336338,Faro,0.0
100339077,Kirsty,0.0
100342425,Sutandra,0.0
100376944,Graham,1.0
100395156,Angela,1.0
100398543,Fiona,1.0
100412923,Lily,0.0
100421202,Vijay,0.0
100421872,Sophie,0.0
100446916,⁨Arm T.⁩,0.0
100452475,Sarah,0.0
100458267,QiQi,0.0
100465051,Prince,0.0
100468408,Dwellers Delight  Management,0.0
100468723,Duncan,0.0
100470068,Tar,1.0
100481600,Charles,1.0
100492375,Tejas,0.0
100500799,Caroline,1.0
100508432,Matthew,1.0
100543793,Ali,0.0
100552972,The Curated Collection,0.0
100564848,Joe,0.0
100583822,Kiatthada Resort,0.0
100590467,Ian,1.0
100625935,Phuong,0.0
100628936,Poom,0.0
100629437,Eli,0.0
100672427,Adam,0.0
100690587,Daniel,0.0
100693651,Igor,0.0
100712809,Shaniqua,0.0
100724268,Sky Aus,1.0
100746908,George,0.0
100767680,Bua Noppamas,1.0
100777152,Mohamed,0.0
100789005,Roger,1.0
100847749,Anuradha,0.0
100852122,Michael,1.0
100865187,Patricia,1.0
100865829,Paulo,0.0
100871103,Elif,0.0
100890695,Ping,0.0
100894335,Silvana,0.0
100919396,Wachirapon,0.0
100921101,Dina,0.0
100947231,Mike,0.0
100950994,Andy,1.0
100962375,Abdul Aziz,0.0
100963260,Tinnakorn,0.0
100970870,Yiani,0.0
100972162,TongTong,1.0
100981069,Jaimie,0.0
101019877,Sherwin,0.0
101025017,Amanda,1.0
101026184,Ace,0.0
101033988,Trisha,0.0
101036807,Anja,0.0
101046624,Marcel Santana,0.0
101104034,Matthew,0.0
101110236,George,0.0
101113657,Jamie,0.0
101115340,George,0.0
101116119,Michael,0.0
101117100,Sarah,0.0
101139031,Gabriel HH,0.0
101142930,Liping,0.0
101143035,Melissa,0.0
101204057,Richard,0.0
101225696,Agata,0.0
101259644,Becky,1.0
101270408,Katja,1.0
101277974,Milad,1.0
101314575,Michelle,1.0
101328775,Tatiana,0.0
101444654,Vincent,1.0
101464590,Will,0.0
101464797,Sarah,0.0
101469061,Hayley,0.0
101476988,Levi,1.0
101479543,Amanda,0.0
101492005,Jerry,1.0
101526752,Simon And Cinthia,1.0
101538792,Hostroo,0.0
101569695,Tape,0.0
101570522,Sarah,0.0
101579591,Ailleen,1.0
101579755,Helene,0.0
101583395,Sopa,0.0
101593904,Anna,0.0
101595215,Owen,0.0
101612323,Porntip,1.0
101628780,Dan,0.0
101631633,Wahed,0.0
101689197,Rohit,0.0
101689486,Suphalak,0.0
101690066,Kayleigh,0.0
101699593,Nico,1.0
101708645,Clio,0.0
101757713,Stefano,0.0
101776273,Domeniki & James,0.0
101776910,Zara,1.0
101777383,Amarin,0.0
101781171,Alexandra Jane,0.0
101790146,Tina,0.0
101790343,Bruno,0.0
101793212,Mercedes,0.0
101793824,朝霞,0.0
101794226,Lera,1.0
101798045,Ashley,1.0
101823160,Ram,0.0
101825015,Sarah,0.0
101835616,Zara,1.0
101848366,Michiyo,0.0
101865113,Beck,0.0
101867692,Luka,0.0
101876436,Daniela,0.0
101892144,Faisal,0.0
101901585,Thanik,1.0
101904144,Vicki,1.0
101926953,Vishal,0.0
101930870,Kim,1.0
101984651,Rita,0.0
101989935,Carlos,0.0
101993305,Jan-Maree,1.0
102007325,Sam,0.0
102015439,Danielle,0.0
102029430,Eve,1.0
102045428,Graham,0.0
102058051,Royce,1.0
102062549,Donatella,1.0
102073632,Elizabeth,1.0
102091725,Daniel,0.0
102091934,Eddy,0.0
102134900,Constantin,0.0
102139618,Nicholas,0.0
102145681,Olu,0.0
102157137,Mitchel,0.0
102165780,Chairat,1.0
102195444,Mary Joy,1.0
102199412,Kate,1.0
102219698,Hemmawan,0.0
102237851,Sorabh,1.0
102244422,Mohammed,0.0
102270246,Chiara,1.0
102296147,Anita,1.0
102308499,Khanna,0.0
102311198,Marina,0.0
102327451,Maud,0.0
102346444,Abi,1.0
102350750,Damini,1.0
102356084,Mikaela,0.0
102362501,Lewis,0.0
102364300,Kristina,1.0
102372943,Niramoks,0.0
102376957,Raeesah,0.0
102391769,Mohammed,0.0
102392584,Basel,1.0
102408898,Jonathan,1.0
102451710,Elizabeth,0.0
102457851,Lily,0.0
102459982,Andrew,0.0
102461297,Sam,0.0
102462780,Mariam,0.0
102464033,Rebecca,0.0
102465018,Amy,0.0
102490355,Park Lane,0.0
102490833,Duane,0.0
102491192,Benjamin,1.0
102498740,Pete,0.0
102500952,Andrew,0.0
102520412,D'Chin,0.0
102523007,David,1.0
102533563,Sarah,0.0
102543194,Janine,1.0
102558891,Elena,0.0
102566062,Polly,0.0
102571340,Francesco,0.0
102572518,Bridget,0.0
102595715,Roberta,0.0
102629556,Johan,0.0
102632953,Debbie,1.0
102653704,Ruth,1.0
102654411,Frank Lam,0.0
102654482,Vorasak,0.0
102664004,Megan,0.0
102723334,Audrone,0.0
102740142,Kristiana,1.0
102745461,Gary,0.0
102761708,Emanuela,0.0
102764141,Uli,0.0
102769590,Sophie,0.0
102799758,Jett,0.0
102811177,Santahn,1.0
102819657,Zeynep,0.0
102821910,Christina,0.0
102836050,Varisa,0.0
102838303,Old Brompton Gallery Ltd,1.0
102850438,Por,0.0
102868551,Cristina,0.0
102869206,Karoline,0.0
102885734,Stefanie,1.0
102914997,Ghulshana,0.0
102925482,Cern,1.0
102929135,Clair,1.0
102944443,Jonny,0.0
102955933,Joey,0.0
102956807,Lucy,0.0
102957169,Edan,1.0
102959843,Sara,0.0
102964996,Nic,1.0
102965496,Aki,0.0
102970930,Patrick,0.0
102973807,Edyta,1.0
102977004,Phillip,0.0
102984411,Pak,1.0
102984683,Shandae Ann,1.0
102989980,Donna,0.0
102998629,Eszter,0.0
103000001,Lawrence,0.0
103022324,Jakob,0.0
103033486,Enerjeta,0.0
103047260,Vincy,0.0
103050596,Pimsupa,1.0
103050886,Aoife,0.0
103074492,丽华,0.0
103080057,Jiajing,0.0
103084839,Ed,0.0
103105150,Babatunde,0.0
103111912,John,1.0
103119345,Georgina,0.0
103125910,Emre,1.0
103132720,Brenda,0.0
103145774,Gregory,0.0
103147531,Giuseppe,0.0
103162226,Poonsak,0.0
103200303,Maria Do Carmo,1.0
103201235,Ben,1.0
103201519,Jitesh,1.0
103221633,Fang,1.0
103240648,Nagapramod,0.0
103281975,Ruth,0.0
103303958,วีณา,0.0
103310534,Tessa,0.0
103343791,Kim,0.0
103354588,Kim,0.0
103361975,Julie,0.0
103363374,Frankie,0.0
103370182,Julie,0.0
103373872,Michelle,0.0
103376234,Robyn,1.0
103385102,MaisonNets,0.0
103394542,Ola,0.0
103397927,Darren,0.0
103402669,Laura,0.0
103419149,Catherine Adilia,0.0
103424567,Oxy,0.0
103438757,Juan,0.0
103443490,Paul,0.0
103458594,Antonio,0.0
103467291,Abiola,1.0
103469580,İrfan,0.0
103488279,Tennille,1.0
103503324,Lily,0.0
103518243,Danielle Elizabeth,0.0
103531972,Liana,0.0
103546676,Petchpilai,1.0
103554081,Vicky,0.0
103581431,Jodi,1.0
103589050,Abby,0.0
103619847,Lauren,0.0
103634448,Louise,0.0
103649947,Noemie,0.0
103671754,Nisha,1.0
103732102,Kenny,1.0
103732183,Jorge,1.0
103734124,Rachel,1.0
103740013,Steeven,0.0
103752046,Hong,0.0
103754510,Ap,0.0
103787052,Palli,0.0
103801141,Gunjan,0.0
103804068,Jo,0.0
103804681,Courtney,0.0
103808388,Nicholas,0.0
103810184,Lior,1.0
103817581,Cassandra,0.0
103819923,Ad,1.0
103823652,Laetitia,0.0
103825017,Luesak,1.0
103873146,Emil,1.0
103886973,Justin,0.0
103893580,Songsak,0.0
103904355,Patti,1.0
103941099,Rhianydd,0.0
103950350,Mia,0.0
103951115,Katrina,0.0
103955299,Ryan,0.0
103964357,Cheri,1.0
103984909,Samer,0.0
103992794,PadX,1.0
104024906,Oisin,0.0
104028180,Ingrid,0.0
104039687,Nicolas,1.0
104041302,"Your Proud Co-Host, Sean",1.0
104042052,Colman,0.0
104042946,Dannii,0.0
104046564,Yive,1.0
104056862,Cyprian,0.0
104060591,U-Design Who Offer E-Bike & Bike Self Tours,0.0
104067139,Pongwich,0.0
104075510,Kanchaporn,0.0
104104380,Beatriz,0.0
104111042,Olivia,0.0
104125563,Danny,0.0
104135858,Derek,0.0
104156560,Tammy,0.0
104158777,Richard,0.0
104167593,Vincent,1.0
104207601,Isabelle,1.0
104223754,Marie,0.0
104233467,Ruwini,1.0
104281282,Hilde,1.0
104294833,Din,0.0
104320441,Christina,0.0
104322442,Elaine Michelle,1.0
104330589,David,0.0
104361043,Allen,0.0
104364330,Natcha,0.0
104373135,Oliver,0.0
104383161,Alice,1.0
104393162,Gerard,0.0
104429280,Gemma,0.0
104444524,Orathai,0.0
104453274,Melissa,0.0
104468254,Sean,0.0
104516021,Wanwen,0.0
104523098,Georgia,0.0
104524551,Justyna,1.0
104543429,Muhammad Sajid Siddique,0.0
104567640,Kathey,1.0
104586323,John,0.0
104591258,Nirintana,0.0
104593885,Kathleen,1.0
104603029,Albert,0.0
104607403,Veronika,0.0
104613332,Thecompany,0.0
104613467,Aeneas,0.0
104633945,Olga,0.0
104637239,Parastoo,0.0
104640212,Daisy,0.0
104680782,Olamide,0.0
104681381,Caitlin,0.0
104683801,Maria,0.0
104688894,Meto,0.0
104720573,Suchonm,0.0
104747443,Victor,0.0
104766568,Phin,0.0
104769188,Yan,0.0
104771301,Li,0.0
104782283,Renu,0.0
104798316,Rab J,0.0
104804958,Woo,0.0
104823345,Glenda,0.0
104827781,Atul And Minal,0.0
104873864,Stella,0.0
104881176,Éadaoin,0.0
104883187,Jack,0.0
104883475,⁨B56⁩,0.0
104885739,Rossella,0.0
104912413,Alexander,0.0
104935032,Ricky,0.0
104939032,Nathan,0.0
104941409,Rama,0.0
104957435,Prestige Homes London,0.0
104971007,Natasha,1.0
104974373,Ching Fang,1.0
104976842,Sharmaine,1.0
105010975,Gerald,1.0
105013885,Geraldine,1.0
105028431,Kinga,0.0
105036907,Nicole,1.0
105040120,Vincenzo,0.0
105044894,Ted,1.0
105054628,Lindsay,1.0
105059232,Ali,0.0
105060292,Carol,0.0
105081011,Miguel,1.0
105089020,Harrison,0.0
105090152,Laura,0.0
105091649,Terri,0.0
105137792,Charlotte,0.0
105158646,Mohammed,1.0
105162128,Lucy,0.0
105186660,Melanie,0.0
105189406,Annie,0.0
105192334,Michelle,1.0
105194165,Ingrid,0.0
105208517,Yu Kai,0.0
105242851,Ms Giuliana Martins C,1.0
105242903,Paige,0.0
105248188,Tanya,0.0
105260722,Alin,1.0
105263398,Bin,0.0
105271841,Laurel,1.0
105288742,Gina,0.0
105295659,Gerry,0.0
105308750,Folasade Moulin,1.0
105344012,Andy,0.0
105344599,Emre,1.0
105353950,Vina,1.0
105354656,Lesley,0.0
105368245,Matt,0.0
105370057,S,0.0
105387405,Ted,1.0
105389531,Skender,0.0
105399237,Sirinya,1.0
105415605,Steve,0.0
105426834,Fabrice,0.0
105429803,Chris,0.0
105438151,Prang,1.0
105442360,Josie,0.0
105485577,Waty,1.0
105492996,Cornelius,0.0
105507845,⁨วิภาณี⁩,0.0
105528319,Todd,0.0
105550534,Lavern,0.0
105551704,Fred,0.0
105564995,UnderTheDoormat,0.0
105595974,Paul,1.0
105618994,Shandjei,0.0
105656719,Sydney Harbour Stay,1.0
105681553,Emre,0.0
105689479,Taosiam,0.0
105695309,Maria,1.0
105719343,Chelsea,0.0
105728984,Abdul,0.0
105732944,Mustafa,0.0
105735239,Eric,1.0
105744149,Kim,1.0
105749176,Chase,0.0
105755627,Elaine,0.0
105763499,Joanna,1.0
105772764,Ephing,0.0
105786986,Matty,0.0
105795074,Maison,0.0
105803697,Tom,0.0
105836107,Bob,1.0
105838235,Zenithar,0.0
105854626,Nina,1.0
105859691,Paul And Ishan,0.0
105865216,Amirtha,0.0
105906077,Glen,1.0
105908149,Evelyn,0.0
105908284,Lily,0.0
105908716,Angela Walker,1.0
105923378,Pass The Keys,0.0
105963023,Felitta,0.0
105974948,Kaz,0.0
105975384,Shubhangi,0.0
105982415,Ben,0.0
105983140,Dheeraj,0.0
106030674,Peter,1.0
106034438,Kran,0.0
106037872,Kady,0.0
106043591,Jemima,0.0
106063470,Laura,1.0
106064509,Faisal,0.0
106086214,Avril,0.0
106099670,Chun Lan,0.0
106106765,Andrea,0.0
106115307,Mario,1.0
106115893,Brigitte,0.0
106116514,Dominic,0.0
106141853,Rebecca,0.0
106153555,Victoria,1.0
106157231,Jayme,0.0
106157614,Penelope,0.0
106164703,Bojana,0.0
106168893,Richard,1.0
106170247,Yhalil,0.0
106172161,Jacob,0.0
106174610,A-Bridge,0.0
106182968,Sarah,0.0
106192067,Adam,0.0
106203113,Guang,1.0
106228257,James,0.0
106232126,Kannaphat,1.0
106237391,Miguel & Virginia,0.0
106243777,Oadrey,0.0
106263034,Weerakaniz,1.0
106285159,Ricardo,0.0
106295141,Andrew,1.0
106297428,Magdalena,0.0
106302806,Yimo,0.0
106318449,Jovan,1.0
106320012,Anton,0.0
106321811,Susan,0.0
106351343,Corner Villa Asoke,0.0
106351540,Helen,0.0
106356179,Linda,0.0
106371215,Kk,1.0
106381757,Lavina,0.0
106387623,Nat,0.0
106387632,GuestReady,0.0
106393785,Hyrie,0.0
106405785,Myk,0.0
106468217,Jadey,0.0
106475402,Maria,1.0
106476970,Lina,0.0
106477063,Nathanel,0.0
106506682,Sol,0.0
106530585,Kwasi Jacob,0.0
106531048,Nerea,0.0
106536289,Ella,0.0
106540677,Eleni,0.0
106557822,Chayanin,1.0
106576460,Oom,1.0
106585970,Dion,0.0
106587271,Jacob,0.0
106598051,Hussain,0.0
106604606,Kellly,0.0
106606439,Mario,0.0
106624289,Sonia,1.0
106649578,Zeynep,0.0
106654885,Nick & Stevey,0.0
106676785,Isak,1.0
106701929,Zoe,0.0
106713484,Anchulee,0.0
106720936,Katie,0.0
106729537,Angela,1.0
106737237,Beleigh,0.0
106749129,Jarrod,1.0
106749173,Melissa,0.0
106770037,Le Tada Residence,0.0
106773210,Anika,0.0
106777468,Sure,1.0
106777577,爱窝窝,1.0
106784681,Sonia,0.0
106785284,Julia,0.0
106796600,Chaiwut,0.0
106807875,John,0.0
106810473,Anjali,0.0
106814461,Oliver,0.0
106816986,Arco,1.0
106824866,Clement,1.0
106839854,Michael,0.0
106851533,Thaithai,0.0
106857402,Gill,1.0
106857883,Kanokwan,0.0
106859535,Xiaowen,0.0
106872531,William,0.0
106884032,Nach,1.0
106887851,Methmi,0.0
106928035,Gen,0.0
106939835,Elisha,1.0
106945515,Withoon,0.0
106948732,Emmy,1.0
106968823,Jessica,0.0
106970917,Immi,0.0
106979814,Ellen,1.0
106980466,Li,0.0
106987647,Su,0.0
106991354,Kevin,0.0
106995569,Matthias,0.0
106998947,Drazenko,0.0
107003671,Reginaldo,0.0
107006883,Michael,1.0
107007095,Sarah,0.0
107007613,Jack,1.0
107011532,Briony,0.0
107018213,Charles,0.0
107019349,Jane,1.0
107040789,Charmaine,0.0
107049591,Bea,0.0
107057428,Anu,0.0
107058767,Hanna,0.0
107073439,Bethan,0.0
107078036,Ryan,0.0
107084195,Basab,0.0
107091069,Panarea,0.0
107094197,M.Charif,0.0
107109355,Pete,0.0
107110805,Mohammad,0.0
107111246,Tony And Janet,1.0
107113782,Lynn,0.0
107137226,Nadine,1.0
107142940,Christina,0.0
107146243,Pedram,1.0
107189577,Deniz,0.0
107201430,Kitisak,0.0
107221749,⁨A.⁩,0.0
107231645,Jenny,0.0
107248140,Aris,1.0
107260536,Marlon,0.0
107297915,Emma,0.0
107304674,Win,0.0
107327550,Matthew,0.0
107329198,Aor,0.0
107332843,Federica,1.0
107339792,Lalith,0.0
107372441,Jo,1.0
107375863,Edurne,1.0
107438836,Tanya,1.0
107474644,Askar,0.0
107477731,Nicolas,1.0
107485516,Olusiji Adenrele,0.0
107490511,Sujana,0.0
107501127,Jason And Cyn,1.0
107501904,Riona,0.0
107530641,Angelo,1.0
107548417,Reception,0.0
107555898,Maninder,0.0
107557456,Glenn,1.0
107578089,Raymond & Pamela,0.0
107597198,Sally,0.0
107622870,Niamh,0.0
107630297,Sivarat,0.0
107659409,Jeff,0.0
107673968,John,1.0
107677628,Breda,1.0
107687504,Tamsin,0.0
107700617,Kerrie,1.0
107721192,Guneet,1.0
107725126,Alessia,1.0
107737594,Pechrida,0.0
107741344,Leanne,0.0
107741398,Roy,0.0
107746464,David,0.0
107747335,Adam,0.0
107756768,Mark,0.0
107760713,Reeta,0.0
107762380,Interscope,0.0
107763050,Laure,0.0
107777661,Cecile,0.0
107792301,Akim,0.0
107795806,Sean,0.0
107810110,Antonio,0.0
107811875,Lynn N,0.0
107812021,Atif,0.0
107815252,Jonathan,0.0
107840125,Tamar,0.0
107844404,Nitid,0.0
107873297,Krzysztof,0.0
107882543,Jaie,0.0
107883517,Sanj,0.0
107890089,Paul,0.0
107892395,Ziv,0.0
107910441,Haydon,0.0
107912811,Angela,1.0
107920429,Ahmed,0.0
107921624,Sarah,1.0
107936927,K,0.0
107950469,María Josefa,0.0
107951002,Andrew,1.0
107958021,Hannah,0.0
107963111,Rosemarie,0.0
107971384,Napun,1.0
107978697,Melissa,0.0
107979516,Maria Elena,0.0
107983837,Amanda,0.0
107985327,Hugh,0.0
107993663,Sara,1.0
108026474,Orathai,0.0
108054796,Marcelo & Samy,0.0
108081883,Tami,0.0
108083073,Urban Stays Australia,0.0
108105612,Ralph,0.0
108146924,Fabio,0.0
108148049,Jonathan,0.0
108157319,Farzana,0.0
108171931,Julie,0.0
108172121,Rosalind,0.0
108178211,Harris,0.0
108180434,Edward,1.0
108189888,Twin Towers Inn,0.0
108223343,Harry,0.0
108228525,Fah,0.0
108232788,Margot,1.0
108260699,Kumthorn,0.0
108262170,Pim Lada,0.0
108278888,May,0.0
108282907,Kathy,0.0
108286858,Patricia,1.0
108299872,Sunny,0.0
108303680,Urmi,0.0
108324248,Punjarat,0.0
108339853,Rachel,1.0
108355364,Stony,0.0
108373255,Doris,0.0
108384628,Nadia,0.0
108409833,Bibiana,0.0
108430540,Weetit,1.0
108455707,Pony,1.0
108461586,Alessandra,0.0
108492086,Katerina,1.0
108494694,James,0.0
108495554,Sue,1.0
108500786,Russell,1.0
108511939,Stephen,0.0
108524908,Bill,1.0
108529213,Araya,1.0
108564174,Baljeet,1.0
108590772,Justin,0.0
108593930,Aliya,1.0
108609910,Ebba,1.0
108620290,Shantelle,0.0
108664603,Michael,1.0
108667092,Irfan,0.0
108668320,Jeffrey,1.0
108677904,Alex,1.0
108721532,Rebecca,1.0
108723380,Paulina,0.0
108724606,Adam,0.0
108728603,Ananthakumar,0.0
108739934,Mio,0.0
108805400,Jadin,1.0
108807784,Ben,1.0
108807796,Leigh,0.0
108819452,Nicole,0.0
108856846,Annmarie,0.0
108866561,Sam,1.0
108874330,Alex,0.0
108880728,O,1.0
108940654,Michael,0.0
108940826,Robert,1.0
108945688,Dharma,0.0
108950646,Eric,0.0
109010866,Karen And Chris,1.0
109019273,Anna,0.0
109033018,Paula,1.0
109058435,Three Daughters House,0.0
109067398,⁨มาลี⁩,0.0
109069078,Sourabh,0.0
109094679,Felicia,0.0
109157632,Angela,0.0
109164512,Louisa,0.0
109180087,Meathinee,0.0
109180944,Michelle,0.0
109184514,Guy,1.0
109189904,Amporn,0.0
109197719,Bohan,0.0
109209088,Ugur,1.0
109269964,Diana,0.0
109286074,Mel Erka,1.0
109288584,Annette,0.0
109289800,Monsicha,1.0
109299072,Matthew,0.0
109333737,Matt,0.0
109354739,Emily,1.0
109378122,Reda,0.0
109385731,Federico,0.0
109399643,Konkamon,0.0
109402916,Jina,1.0
109415346,HeMo,0.0
109439654,Kay,1.0
109494393,Mathanki,1.0
109506145,Troy,0.0
109522007,Jureeporn,0.0
109527017,Juan Diego,0.0
109528009,Nichy,1.0
109559432,Sun,0.0
109572493,Top Find,1.0
109580896,Matt,1.0
109593366,Shiba,0.0
109595971,Vic,0.0
109601095,Sherry,1.0
109613892,Clara,0.0
109637376,Lindsay,1.0
109652147,Salesh,0.0
109685790,Samantha,0.0
109687900,Jamal Nasir,0.0
109693402,Elle & Isis,0.0
109696396,Liu,1.0
109700954,María Eugenia,0.0
109705657,Saiyont,0.0
109714291,Bob,0.0
109723759,Jerome,0.0
109732221,Makerita,0.0
109770527,Nick,0.0
109782063,Michael,1.0
109787139,Janet,1.0
109820291,Varittha,0.0
109822535,Warren,0.0
109860329,Jason,1.0
109862283,Toshko,0.0
109889240,Sanne,1.0
109896967,Pratthanha,0.0
109916180,陈建新,1.0
109920791,Jessica,0.0
109945394,John,1.0
109981147,Paul,0.0
109990176,Joel,0.0
110025993,Conor,0.0
110028381,Ruth,1.0
110037976,Peter And Ewa,1.0
110047419,Cris,0.0
110052854,Guy,0.0
110064198,Jupeng,1.0
110066667,Charles,0.0
110084659,Prawitra,0.0
110097485,Katherin Duque Estates,1.0
110106497,Rocana,0.0
110108599,Alex,0.0
110112166,Stuart,0.0
110123611,Stephanie,0.0
110124767,Lawrence & Alice,0.0
110154602,Anto,0.0
110160348,Rebecca,0.0
110181695,Julinda,1.0
110201553,Edward,0.0
110237423,Lucia,1.0
110237570,Lili,0.0
110249835,Chanyaphat,0.0
110250725,Christina,0.0
110260893,Anna,1.0
110303598,Tina,0.0
110345134,Rachel,0.0
110349125,Christopher,1.0
110360796,Sunny,0.0
110372308,Siriwan,0.0
110381487,Johnny,0.0
110421152,Jennifer,0.0
110429460,Norman And Lisa,1.0
110464285,Ronnakorn,0.0
110485835,Adam,0.0
110498300,Tom,1.0
110565436,Natty,1.0
110580513,Alex,0.0
110581593,Patreece Jane Margaret,1.0
110584754,Xenia,1.0
110608355,Paola,0.0
110609409,Trevor,0.0
110626977,Song,0.0
110638205,Chanagan,0.0
110688052,Gabrielle,0.0
110698803,Emmanuel,0.0
110723438,Idan,1.0
110754422,Virginie,0.0
110756498,Joyjoy,1.0
110777021,Bunny,1.0
110780194,Gilly,1.0
110783633,Jos,0.0
110786139,Xander,1.0
110787354,Sian,0.0
110820849,Monica,1.0
110830497,Shaheen,0.0
110842700,Kinga,0.0
110922417,Kate,1.0
110927135,元,0.0
110984091,陽,0.0
110987941,Apichaya,0.0
110992577,Robby,0.0
111023648,Mina,0.0
111025968,Yinke,0.0
111033425,Renan,0.0
111044574,Marcos,0.0
111045386,Sherry,0.0
111047677,Sara,0.0
111084209,Oliver,1.0
111097364,Fatos,0.0
111104094,GuestReady,0.0
111116721,Priscilla,0.0
111128209,Natchaya,0.0
111176450,James,0.0
111180329,Daisy,0.0
111198015,Geoff,0.0
111225743,William,0.0
111229370,Rosie,1.0
111229616,Lloyd,1.0
111232334,Becky,1.0
111239150,Dani,1.0
111263239,David,0.0
111283828,L,0.0
111285452,Colin,0.0
111306587,Ekereuke,0.0
111366866,Thomas & Victoria,1.0
111391591,SmileStay,0.0
111423851,Ella,1.0
111428017,Alex,0.0
111436506,Gitte,0.0
111467431,William,1.0
111479629,Ryan,0.0
111491307,Charnanat,0.0
111505322,Matt,0.0
111532337,Darren James,0.0
111550706,David,1.0
111566575,Katherine,0.0
111579777,Katherine,0.0
111602331,Michael,0.0
111612725,Nic,1.0
111649004,George And Vicki,1.0
111659682,Krittiyawadee,0.0
111687932,Nassr,1.0
111689325,Jetty,1.0
111691278,Joe,0.0
111705832,Jeanette,1.0
111721793,Javesom And Jacob,1.0
111753522,Paru,0.0
111758214,Dean,0.0
111780790,Lucy,0.0
111786259,Patsy,0.0
111791910,Suellen,1.0
111793515,Iviliana,0.0
111794215,Patrick,0.0
111794573,Roshan,0.0
111816303,Chris,0.0
111831390,Jordan,0.0
111833221,Thaiani,0.0
111833781,Irene,1.0
111844630,Amorn,1.0
111859963,Syd,0.0
111880583,Yanin,1.0
111951378,Josie,1.0
111958804,Lawrence,0.0
111992932,西敏,0.0
112003162,Michael,0.0
112005318,Davendra,1.0
112031386,Countryside Homes,0.0
112053528,Irina,0.0
112078513,Andrew,0.0
112098483,Sonia,0.0
112135765,Thiago,1.0
112150282,Jerry,0.0
112150730,Jackie,0.0
112200855,Rida,0.0
112213085,Victoria,0.0
112213428,Diana,0.0
112218629,Judy,1.0
112236259,Pou,0.0
112243171,Panda,1.0
112243582,Hussein,0.0
112256863,Alberto,0.0
112284887,George,1.0
112312778,James,1.0
112321115,Tospal,0.0
112341236,Arisarakorn,0.0
112384257,Charlotte,1.0
112396294,Jay,0.0
112412405,Neela,0.0
112414885,Nattaya,1.0
112498619,Caroline,0.0
112521536,Vanessa London,0.0
112535167,Pidam,0.0
112536996,Juliana,0.0
112548142,Ailish,0.0
112562587,Aisling,1.0
112564595,Sarah,0.0
112571289,Miranda,0.0
112592197,Caroline,0.0
112596505,Alan,1.0
112611242,Ivy N Ervin,1.0
112628656,Panya,1.0
112647192,Yulli,1.0
112723524,Edouard,1.0
112727547,Ben,0.0
112744127,David,0.0
112771847,Damian,0.0
112794861,Yair,0.0
112805425,⁨Jasmin (JAZ)⁩,1.0
112833203,Laura,0.0
112834434,Jonathan,0.0
112837420,Chanelle,0.0
112856778,Krisztina,1.0
112859448,Denize,1.0
112868447,Prime Vision Living,0.0
112873711,Mai SuperHost,1.0
112879874,Stoyan,1.0
112885178,Nantaphorn,1.0
112892294,David,0.0
112962086,Wendy,1.0
112970036,Tip,1.0
113044204,Sam,0.0
113046516,Magdalena,0.0
113086981,Justin,1.0
113091361,Cecelia Agatha,1.0
113152402,Callum,0.0
113182430,Shehzad,0.0
113199431,Neung,0.0
113207680,Stewart And Arun,0.0
113240201,Marlow,0.0
113256294,Halima,1.0
113264965,Zoë,0.0
113269619,Silvia,0.0
113282115,Penphatsorn,0.0
113331767,Co,0.0
113338135,Lorna,0.0
113343776,Don,0.0
113354954,Benjamin,0.0
113361033,Joanne,1.0
113385378,Amjid,0.0
113387633,Ed,0.0
113412066,J,1.0
113463486,Jacqueline,1.0
113494909,Emily,0.0
113495367,Debora,0.0
113505626,Phoebe,0.0
113506248,Amornsak,0.0
113508780,Lottie,0.0
113511407,Diana,1.0
113524909,Williams Xavier,0.0
113525410,Elizabeth,0.0
113545845,Martyn,0.0
113548029,Laksika,0.0
113548405,Katie,0.0
113549869,Wachirakiad,0.0
113566823,Lydia,0.0
113579406,⁨Саша(Sasha)⁩,0.0
113609078,Tanit,0.0
113620774,Anna,1.0
113630086,Simona,0.0
113633584,Simon,0.0
113641587,Arrice,0.0
113645585,Bridget,0.0
113680372,Apichaya,0.0
113684459,Sutida,0.0
113733207,Fiona,0.0
113733293,Pam,1.0
113758127,Chloe,0.0
113759591,Christina,0.0
113776312,Denise,0.0
113785607,Simon,1.0
113793239,Ida,1.0
113803040,Magdalena,0.0
113856164,Shanay,0.0
113891626,Marceline,0.0
113895702,Xiaohong,0.0
113903587,Rachel,1.0
113940625,Tuenta,1.0
113954514,Priyanka And Amrish,0.0
113988993,Arpone,1.0
113992578,Nalinee,0.0
114003082,Epi,0.0
114004640,Jujhar,0.0
114023839,Kamila,0.0
114041206,Maria,0.0
114052728,Joel,0.0
114069525,My,1.0
114077417,Rahul,1.0
114130499,Alice,0.0
114140479,Anna,0.0
114140612,Alana,0.0
114143023,Cynthia,0.0
114144014,Emily,0.0
114168654,Umit,0.0
114172945,Rubina,0.0
114181733,Arianna,0.0
114187952,Viktorija,0.0
114188153,Diæ,1.0
114218272,Carola,0.0
114223930,Bruce,1.0
114261291,Melinda,0.0
114261311,June,1.0
114261931,Jitnapa,0.0
114265364,Katherine,0.0
114279702,Marthin,0.0
114286314,Abdul-Majeed,1.0
114288951,Note,1.0
114329917,Binh,0.0
114332297,Morisdayduah,0.0
114343279,Peerapon,0.0
114352216,Ab,1.0
114381229,Ramin,1.0
114388784,William,0.0
114390795,Natalie,0.0
114395068,Anish,0.0
114414681,Vaas,0.0
114419067,Silvia,0.0
114454835,Gabby,1.0
114458411,Fabio,0.0
114466359,Nnenna,0.0
114511454,Yu,0.0
114552920,Philippa,0.0
114580529,Julija,0.0
114627545,Frances,1.0
114690773,Alex,0.0
114696775,Rina,0.0
114701460,Josh,0.0
114774566,Elena,1.0
114790524,Chanelle,0.0
114794429,Travis,0.0
114800947,Kim,1.0
114803601,Madiha,0.0
114806970,Stan,0.0
114824211,Isabelle,0.0
114825237,Jolana,1.0
114861951,Alex,0.0
114872293,Oleg,0.0
114879157,Monika,1.0
114908177,De Botan,0.0
114914317,Thana,0.0
114926669,Jadesola,0.0
114934916,Klass,1.0
114960149,Aleksandra,0.0
114975257,Connor,1.0
114982054,DrSettachai,1.0
114986362,Anna,0.0
114989165,Jeffrey,0.0
115019764,Ignazio,0.0
115065427,Katie,0.0
115066877,Josh,0.0
115095942,Shani,1.0
115112379,Garin,0.0
115128454,刘冰,0.0
115137568,Draga,1.0
115149542,Paul,0.0
115152227,Natalie,0.0
115166370,Caroline,0.0
115186229,Amy,0.0
115251183,Brian And Kim,0.0
115259572,Shona,0.0
115265324,Will,0.0
115275581,Jianyi,0.0
115300081,Isaac,1.0
115300128,Khier And Joy,1.0
115309193,Myles,0.0
115322704,Aaron,0.0
115322833,Danny,1.0
115338156,Jin,0.0
115400110,Ria And Penny,0.0
115428485,AIX Collective,1.0
115441062,Hbs,0.0
115444556,Don,1.0
115466798,Keh,0.0
115472998,Ed,0.0
115531705,Adele,1.0
115555634,Lisa,0.0
115559958,Eleanor,0.0
115563120,Stephen,0.0
115597157,Haiyang,1.0
115617171,Daniela,0.0
115626794,Dear Sunday Hometel,1.0
115662039,Pa,0.0
115666344,Tatiana,0.0
115708644,Tommy,0.0
115743429,Ying Ze,0.0
115758511,JS Home,0.0
115762883,D,0.0
115774100,Xinyuan,1.0
115779251,John,0.0
115797208,Vanessa,0.0
115797634,Clare,0.0
115808830,Chet,0.0
115872429,Warintron,1.0
115890580,Gift,1.0
115902572,Selen,0.0
115982694,Shuyao,0.0
116041981,Sodsaros,0.0
116042213,Charlene,0.0
116062521,Mary,0.0
116075423,Lulu,0.0
116083261,Beverley Anne,1.0
116086410,Samuel Jack Silberstein,0.0
116112489,Leo,1.0
116128440,Richard,1.0
116146852,Polly,0.0
116183774,Malan,1.0
116193397,Suchada,1.0
116197079,Alex,0.0
116197217,Samareh,1.0
116212143,Eddy,0.0
116235995,Thomas,0.0
116270831,Tom,0.0
116277255,Michelle,0.0
116296327,Bruce,0.0
116325574,Rebecca,0.0
116342857,Stay Ventures,0.0
116360037,Gloria,0.0
116368907,Lisa,1.0
116380965,Alizée,0.0
116407176,Clint,0.0
116432057,Tara,0.0
116438359,Shumaila,0.0
116447633,April Li,1.0
116486534,Tahir,1.0
116525556,Jean,0.0
116538108,Antoine,1.0
116565831,Cicca,0.0
116580835,Zahra,1.0
116586900,Frederick Oscar,0.0
116596851,Markus,1.0
116655390,Rio,1.0
116666068,Dominique,1.0
116675175,Dean,0.0
116682213,Neev,0.0
116705216,Helen,0.0
116708543,Kim,0.0
116719099,Andrew,1.0
116736549,Lynne,0.0
116797766,Ave,0.0
116800715,Wendy,0.0
116803289,James,0.0
116804250,Hui Zoe,1.0
116828532,Nicola,0.0
116841419,Khuntup,1.0
116862399,Etta,0.0
116864447,Josie,1.0
116882393,Paris,0.0
116890128,Tim,0.0
116890318,Peggy,1.0
116896027,Anne,0.0
116927148,Ryan B,1.0
116943539,Putu,0.0
116948291,Ida,0.0
116958822,Andrey,0.0
116959553,Ankur,1.0
116962978,Armando,0.0
116990209,Will,0.0
116994030,Laura,1.0
117008860,Vlatko,0.0
117012376,Ash,0.0
117057915,Jeab,1.0
117156578,Filip,1.0
117179267,Natasha,0.0
117204109,Abid,0.0
117212246,Amanda,0.0
117231492,Marianne,1.0
117237827,Utai,0.0
117247424,Banjapat,0.0
117250651,Ozana,0.0
117297516,Supercity Aparthotels,0.0
117308057,Alvaro,0.0
117311696,Jacques,0.0
117315875,Savie,0.0
117320009,Margaret,0.0
117326921,Darren Charles,0.0
117385562,Eliza,1.0
117414112,Simon,1.0
117440226,Christopher,0.0
117454443,Be,1.0
117460685,Supercity Aparthotels,0.0
117501235,Catriona,1.0
117502669,Jazz,0.0
117525879,Oscar Alejandro,0.0
117542553,Gisela,0.0
117572807,Edith,0.0
117578719,Ergun,0.0
117592277,Brigid,1.0
117616324,Veronica,0.0
117703081,Grace,1.0
117717076,Kray,1.0
117749875,Annie,0.0
117751719,Chris,0.0
117756994,Sharon,0.0
117775717,Kris,1.0
117782851,Nat,1.0
117783293,Bianca,0.0
117812019,Daniele,1.0
117815848,Muhammad Usman,0.0
117832655,Shida,1.0
117845452,Palesa,0.0
117888956,Shane,0.0
117888977,Zohaib,0.0
117893967,Roberto,0.0
117897406,Vitanya,1.0
117913185,Krisi,0.0
117915202,Jane,0.0
117946763,Jm,1.0
117948384,Sandy,0.0
117964103,Angela,0.0
117970450,Adriano & Maria,0.0
117970458,Lili,0.0
117975564,Margaret,0.0
117992287,SABAI Guests,1.0
118000751,Sophie,0.0
118005818,Stay With Eid,1.0
118008637,Stephane,1.0
118017619,Emily,1.0
118021719,Jenny,0.0
118025170,Christian,0.0
118030799,Dan,0.0
118036171,Jo,0.0
118037129,Sylvia,1.0
118041950,Edgy Homes,0.0
118048274,Ama,0.0
118078521,Josie,1.0
118095151,Samantha,0.0
118100357,Roxy,1.0
118106257,Bronwyn,0.0
118109728,Vily,0.0
118125876,Nhoi,0.0
118141676,Jo,1.0
118161575,Ngowari,0.0
118164675,Mihailo,0.0
118193080,Arkadiusz,0.0
118205120,Lucy,0.0
118215020,Philip,0.0
118229734,Nadia,1.0
118257358,Toby,1.0
118275172,Diana,1.0
118297571,Silvia,0.0
118309726,Michele,0.0
118310986,Matthew,0.0
118313403,Paulina,1.0
118316430,Inga,1.0
118328958,Marina,1.0
118331408,Anne,1.0
118332913,Issara,0.0
118353114,Elizabeth,0.0
118362511,Nada Tom,1.0
118376138,David,0.0
118383708,Margaux,0.0
118394812,Catherine,0.0
118406771,Benjamin,0.0
118467808,Pum,1.0
118476892,Anlan,0.0
118496564,Maialen,0.0
118553831,Ruth,0.0
118570547,Su,1.0
118625037,Carolyn,1.0
118625063,Jessica,0.0
118637523,Benjamin,0.0
118650409,Charlotte,0.0
118658755,Sheenagh,0.0
118665111,Monique,1.0
118686266,Michelle,0.0
118692586,Robert,1.0
118708841,Will,0.0
118722605,Kristina,0.0
118728108,Filip,0.0
118728333,J,0.0
118732839,Andrew,0.0
118736178,Thiri,0.0
118743647,Kate,0.0
118784341,Joanne,0.0
118807845,Ergys,1.0
118818288,Phakhamon,0.0
118821328,Minty,1.0
118825601,Ertugrul,0.0
118882706,Nicholas,0.0
118944192,James,1.0
118948861,James,0.0
118956812,Ian,0.0
118994547,Jasbir,1.0
119023724,Aisha,0.0
119047960,Sally,1.0
119060171,Tanawan,0.0
119085827,Ekanan,1.0
119087610,Eric,0.0
119131088,Agustina,0.0
119144492,Sarah,1.0
119190898,Debra,1.0
119203329,Leona,1.0
119219125,Marcus,1.0
119226808,Dónagh,1.0
119249047,Denize,1.0
119251955,Guy,0.0
119262262,Oil,0.0
119275447,Takeshi,0.0
119285764,Giovanna,0.0
119295053,Alex,1.0
119302217,Sam,0.0
119308096,Jacqueline,0.0
119320212,Sasha,0.0
119328148,Monique,1.0
119329451,Jan,1.0
119332796,Lisa,1.0
119346345,Belinda,0.0
119347524,Kangling,0.0
119356276,Gus,0.0
119375244,Holly,0.0
119396235,Mo,1.0
119415023,Gitte,1.0
119422014,Hongsiri,1.0
119425051,Gael,1.0
119425971,Francesca,1.0
119459428,Leila,0.0
119473672,Mohit,0.0
119510989,Malgorzata,0.0
119513108,Magaly,0.0
119513709,Hardeep,0.0
119532244,Vanessa,0.0
119551181,Ania,0.0
119554994,Aziz,1.0
119555008,Manola,0.0
119565206,Minja,0.0
119569467,Suzanne,1.0
119611224,Top,0.0
119651342,Stella,0.0
119664734,Lynsey,0.0
119710292,Kirsten,0.0
119722558,Elena,1.0
119743271,Carol,0.0
119771438,Sam,0.0
119772509,Alun,0.0
119776339,Nne,0.0
119777937,Jade,0.0
119784686,Josie,0.0
119798364,Vivien,0.0
119811210,Peter,1.0
119814089,Ilaria,0.0
119820892,Jaz,0.0
119822927,Michele,0.0
119825174,Lina,0.0
119838193,Alexandru,0.0
119845704,Trung,0.0
119918519,Saj,0.0
119934495,Pebbles,0.0
119946114,Isaias,0.0
119982764,Andrew,1.0
119993657,Birdy,1.0
119994947,Susan,1.0
120009086,Helen Mary,1.0
120039125,Clifford,1.0
120055373,Sammy,0.0
120055459,David,1.0
120059244,Ben,0.0
120072319,Tonia,0.0
120075789,Elsa,0.0
120076975,Ano,0.0
120095903,Kim,0.0
120129693,Laura,1.0
120138819,Sax,0.0
120142497,Phunlap Khohawanon,0.0
120177802,Richard,0.0
120180458,Adrian,0.0
120208498,Imogen,1.0
120247942,Noble,0.0
120265681,Saba,0.0
120284981,Jayshree,0.0
120334891,Nirmal,0.0
120351597,Hazal,1.0
120398404,Siriket,1.0
120402613,Dinu,1.0
120407119,Sandra,1.0
120410649,Angus,0.0
120422837,Nicholas John,0.0
120450157,Patricia,0.0
120466535,Patharanaree,0.0
120503203,Hayley,0.0
120503267,Paula,0.0
120519065,Richard,0.0
120520796,Lorrie,0.0
120548805,⁨John H.⁩,0.0
120595482,Alessandra,1.0
120600107,Antoine,0.0
120607861,Megan,0.0
120614456,Sheelagh,1.0
120640486,Steven,0.0
120647698,PompO,0.0
120654372,Sheng,0.0
120670731,Zhandra,1.0
120674426,Toby,0.0
120679071,Pascal,0.0
120691595,Zhixin,0.0
120697124,Marianne,1.0
120726477,Muhammad,1.0
120741293,Mohsen,0.0
120747343,Luca,0.0
120750352,Hamid,0.0
120757802,Erica,0.0
120768884,Kamila,1.0
120773791,Caroline,0.0
120817695,Naungruthai,0.0
120839905,Julia,0.0
120847698,Gerri & Chris,1.0
120854947,Miriam,1.0
120870213,Omar,0.0
120880881,Panissra,1.0
120882137,Dipankar,1.0
120886509,Lisa,0.0
120910527,Roger,1.0
120949010,Nina,0.0
120949372,Vaia,1.0
120962733,Carrie,1.0
121007271,Moon,1.0
121029361,Pat,1.0
121036642,Kit,1.0
121038090,Nicholas,1.0
121041981,Julie-Anne,1.0
121047528,Lyn,1.0
121051243,Charles,1.0
121051544,Max,0.0
121062419,Esther,0.0
121066520,Mayy,0.0
121075329,Szandra,1.0
121100523,Nahilla,0.0
121101544,Thadchayanie,0.0
121114365,Nadezhda,0.0
121146920,Chanya,0.0
121151293,Suwatchai,0.0
121153703,Michael / Shan,1.0
121167257,Robert,0.0
121169127,Chris,0.0
121175098,James Tim,0.0
121204143,Michael,0.0
121238873,Emily,0.0
121260313,Carolle,0.0
121270445,Sam,0.0
121283248,Jittra,1.0
121299606,Rinradee,0.0
121309302,Joana,1.0
121323436,James Zheng,0.0
121323869,Ros,0.0
121334100,Rishi,0.0
121344963,Stephanie,1.0
121347828,Rachael,1.0
121365539,Joanne,1.0
121366207,Lily,0.0
121370898,Folake,0.0
121410110,Emilio,0.0
121445562,Maria,0.0
121455139,Beck,0.0
121456565,Daniel,0.0
121457579,Christie,0.0
121459709,Birdy’s Nest,0.0
121462423,Sarah & Arno,1.0
121474188,Ittinunt,0.0
121487416,Audrey,1.0
121510593,Ratchadapornch,0.0
121526633,Sam,0.0
121527000,Hoft Hostel,0.0
121534706,Parissa,0.0
121536945,Blanchard,0.0
121543312,Fabricio,0.0
121610275,Agnes,1.0
121616900,Gregory,1.0
121640214,Muntucha,1.0
121642267,Janan,0.0
121697692,Helen,0.0
121705225,Nikolaos,0.0
121729670,Amy,0.0
121732624,Maria,0.0
121740995,Caz,1.0
121742250,Farnaz,0.0
121743996,Miss,0.0
121747437,Wanderlust Abodes,0.0
121759727,Rakhi,0.0
121772736,Italo,0.0
121785614,Yun,1.0
121789083,Michael,0.0
121800243,Haritchanan,0.0
121802681,Susan Rosalind,0.0
121804053,Sonia,0.0
121810382,Kyle,1.0
121812646,Hannah,0.0
121820340,Kio,0.0
121824090,Matt,0.0
121927288,Sofía,0.0
121937688,Jean,1.0
121945929,Sofia,1.0
121963674,Hanu,0.0
121964185,Angkna,0.0
121971851,Joke,0.0
121991044,Francis,0.0
121998594,Carli,0.0
122003973,Tongpol,0.0
122010713,Ro,0.0
122028811,Shubham,0.0
122032997,Danny,1.0
122042728,Elif,1.0
122048994,Kathi,0.0
122072641,The Riski,0.0
122078472,Kim,1.0
122088463,Kevin,1.0
122115007,Mingjie,1.0
122131600,Lea,0.0
122133294,Navni,0.0
122149138,Victoria,1.0
122159313,The Lion & Key Hotel,0.0
122174696,Maj,0.0
122175936,Laura - BELVILLA,0.0
122184689,Marisa,1.0
122210263,Nida,1.0
122218079,Ario,0.0
122236757,Doroteya,0.0
122267707,Eliott,0.0
122270223,Victoria,1.0
122270886,Zena,0.0
122310870,Sanporn,0.0
122324181,Ghini,0.0
122331205,Sean,1.0
122340121,Trudy,1.0
122343179,Gabriel,0.0
122354072,Michael,1.0
122354451,Emma,0.0
122356223,George,0.0
122363222,Chonny,1.0
122429713,Yatharth,0.0
122449858,Quan,0.0
122502603,José Tomás,0.0
122508748,Lidia,0.0
122573468,Monther Mater ALi,0.0
122595899,Svetlana,0.0
122610712,Shawn,0.0
122611243,Michael,1.0
122625571,Sherry,1.0
122625631,Liz,1.0
122630168,Tan,1.0
122631629,Jeffrey,0.0
122705674,Steven,0.0
122730099,Arun,0.0
122733383,Anouk,1.0
122748605,Giorgia,0.0
122754817,Nunny,0.0
122767135,Anna,0.0
122789373,Elsa,0.0
122810875,Molly,0.0
122824264,Tony NOSBAAN,1.0
122832411,Tacim Ilkay,1.0
122841950,Phillip,1.0
122851105,Sunny,0.0
122865011,Eileen,1.0
122896217,Vanessa,0.0
122908394,Gloria,0.0
122977889,Sam,0.0
122982153,Ciro,1.0
123142106,Klem,1.0
123144618,Jingli,1.0
123175505,Caylee,0.0
123178169,Emily,1.0
123183039,Jimmy,1.0
123211916,Sam,0.0
123235781,Mari,0.0
123240083,Jennifer,0.0
123336221,Sparrow,1.0
123350512,Steve,0.0
123364432,Gam-Hom Stay,1.0
123382731,Neville,0.0
123387852,Michael,1.0
123388346,Kan,0.0
123394446,Tina,1.0
123421360,Kulchulee,0.0
123426325,Sutti,0.0
123453633,Salvatore,0.0
123458811,Katie,0.0
123481317,Gareth,1.0
123486126,Pavel,0.0
123487046,Storm,1.0
123493305,Tomi,0.0
123496293,Adrian,0.0
123533674,Suporn,1.0
123557747,Chantelle,0.0
123572044,Joyce,0.0
123590812,Vinay,1.0
123647168,Sunny,0.0
123682985,Simon,0.0
123693680,May,1.0
123710005,Yanhua,1.0
123713369,Fatima,1.0
123715820,Kris,0.0
123721725,Robin,1.0
123728105,Marina,1.0
123743171,Ronnasak,0.0
123745971,Especial,1.0
123752215,Mike,0.0
123765225,Ashwin,0.0
123766397,Orachat,0.0
123785341,Maya Bella,0.0
123791527,David,0.0
123797781,Leo,0.0
123798495,Divina,0.0
123798955,Anita,0.0
123814296,Mon,0.0
123827255,Zee Thai Hostel,0.0
123828822,Sara,0.0
123830913,Ossy & Gaia,1.0
123838055,Lisa,1.0
123869596,Sean,0.0
123870258,Wale,0.0
123882767,Daniel,0.0
123912018,Gavin,0.0
123916339,Alex,1.0
123917299,Nyan,0.0
123929296,Johanna,0.0
123967794,Kim,0.0
124006041,Steven,1.0
124014684,Koushalya,0.0
124014783,Margaux,0.0
124019966,Ashleigh,0.0
124052054,Valentina,1.0
124068037,Craig,1.0
124083477,Alexandra,0.0
124110308,Sam,0.0
124111961,City Escape Suites,0.0
124119316,Amelia,0.0
124127816,Carole,0.0
124153641,Jay,1.0
124154803,Ben,1.0
124170655,Mark,0.0
124182824,W Station,0.0
124186528,Bo,0.0
124187788,Fleur,1.0
124191142,George,1.0
124211684,Isobel,0.0
124221277,Antonio,1.0
124229197,James,0.0
124234932,Corina,1.0
124241620,Ludovic,0.0
124252106,Jack,0.0
124259069,Sara,0.0
124297829,Arzo,0.0
124300645,Chosen Stays,0.0
124325160,Lauretta,1.0
124325709,Amal,0.0
124352514,Madeleine,0.0
124353354,Patrick,0.0
124356800,Chiara,0.0
124359784,Concept,0.0
124359906,Anna,0.0
124371742,Fareed,0.0
124384903,Graham,1.0
124391313,Sayed,0.0
124413326,Novica,0.0
124414682,Marc,1.0
124442258,James,0.0
124465267,Ivy,1.0
124465685,Hany,0.0
124481537,Louisa,0.0
124493503,Phongpan,1.0
124516486,Seth,1.0
124520511,Mayric Anne,0.0
124524137,Obbie,1.0
124535903,Amy,0.0
124549196,Mike And Amy,1.0
124581504,Enikő,0.0
124652164,Romano,0.0
124654683,Ploi,0.0
124655216,杨,1.0
124665672,Emily,0.0
124673897,Helen,0.0
124691970,Donato,0.0
124700165,Ozan,0.0
124703671,Aaron,0.0
124715435,Iona,0.0
124720496,Marie,1.0
124737295,Gary,0.0
124754167,Marc,1.0
124776375,Mahedi,0.0
124825333,Alex,1.0
124831330,Joy,0.0
124859173,Farzana & Ahsan,1.0
124911928,Chandra,0.0
124920186,Aura,1.0
124938502,James,1.0
124939871,Endy,0.0
124947316,Shirin,0.0
124961657,Stevan,0.0
124969029,Ben,0.0
124975407,Karen,1.0
124989190,Ali,1.0
124990965,John,0.0
124996460,Michael,0.0
124998323,Samuel,1.0
125020131,Pepper,0.0
125022235,Adam,1.0
125064299,Craig,0.0
125069069,Wayne,1.0
125073667,Richard,1.0
125100210,Nutthanee,1.0
125102020,Marek,0.0
125104821,Stephanie,0.0
125114893,Raf,0.0
125122774,Samantha,0.0
125125627,Rosie,1.0
125138945,Eleni,0.0
125155562,Beverley-Ann,0.0
125211850,Minaz,0.0
125224656,Lily,0.0
125225370,Anny,0.0
125240114,Louise,0.0
125254122,Shreya,0.0
125297062,David,0.0
125311509,Maria,0.0
125314561,Angus,0.0
125323114,Annah,0.0
125323805,Daniel,0.0
125324309,Michael,0.0
125325788,J,0.0
125327411,Prem,0.0
125340869,Sof,1.0
125365409,Wes,0.0
125372175,Ana,0.0
125381213,Miriam,0.0
125415616,Fiona,0.0
125416732,Stay In,0.0
125422956,Sue,1.0
125443975,Alexandra,1.0
125445693,Morgan,0.0
125480541,Georgie,0.0
125488269,Alexey,0.0
125493577,Lesley,0.0
125500493,Anton,0.0
125518315,Toni,0.0
125536281,Eliza,0.0
125551257,Janey,0.0
125560566,Celine,0.0
125586577,Jamil,0.0
125590978,Veriu Broadway,1.0
125635242,New,1.0
125645025,Taranvir,1.0
125651447,Your Apartment,0.0
125653854,Evgeniya,1.0
125665807,Katherine,0.0
125669658,Janna,0.0
125687268,Evelin,1.0
125704414,Zee,0.0
125709935,Ben,0.0
125724037,Brian,1.0
125724617,Giorgio,0.0
125728711,Christian,1.0
125736886,Ruth,0.0
125749485,Shazia,0.0
125806834,Ana,0.0
125810594,Damien,1.0
125819698,Fang,0.0
125840910,Louise,1.0
125843021,Pavlina,1.0
125849778,Sarah,0.0
125893562,Amit,0.0
125897841,Naveed,0.0
125916843,Harriett,0.0
125916934,Bartek,0.0
125941268,Ramey,0.0
125998392,Laura,0.0
126019074,Yvelise,0.0
126069021,Felicia,0.0
126072047,Angela,0.0
126087157,Camille,0.0
126110976,Rowina,0.0
126112193,Marijana,0.0
126120776,Mussarat,0.0
126155622,Lynne,0.0
126183303,Shirley,0.0
126201117,Haitao,0.0
126209805,Mark,0.0
126210688,Zoe,1.0
126213065,Marcelo,0.0
126227816,Nicola,0.0
126229106,Ana,1.0
126263797,Pimwarun,1.0
126275170,Sahil,1.0
126295817,Clair,0.0
126296975,Ellie,0.0
126312326,Freddie,0.0
126372569,Helena,0.0
126414281,Wipa,1.0
126421132,Chris,0.0
126427223,Jermaine Nathan,0.0
126430098,Qing,1.0
126438457,Juliet,0.0
126438523,Kiatsiri,0.0
126440221,Jay,0.0
126454392,Jose,0.0
126480331,Agnes,0.0
126483158,Anand,0.0
126593478,Edith,0.0
126607655,Peter,0.0
126610443,Anne,1.0
126658457,Natasha,0.0
126722006,Ivor,0.0
126728386,Yichieh,0.0
126760901,Srisupa,0.0
126762527,Yulia,0.0
126804853,Ovidius,1.0
126812698,Bar,0.0
126825218,Romina,0.0
126878071,Mook,0.0
126894846,Janine,0.0
126901252,Shaz,0.0
126902192,James,0.0
126908133,Alice,0.0
126915334,Jamielly,1.0
126961302,Yanran,0.0
127008393,Federica,0.0
127068903,Sarah,1.0
127082075,Edelma,0.0
127144284,Karim,0.0
127152588,Elizabeth,1.0
127154643,Lily,0.0
127172418,Erica Lee,0.0
127187058,Joseph,0.0
127193731,Carola,1.0
127222417,Henry,1.0
127229056,Daniel,0.0
127235218,Becki,0.0
127271133,Abi,1.0
127297561,Richard,0.0
127300279,Witchulada,1.0
127303509,George,0.0
127306336,Simon,0.0
127309389,Sonja,0.0
127316238,Navjot,0.0
127324416,Seagate,0.0
127328612,Andrew,0.0
127330267,Jonathan,0.0
127342303,Antonia,0.0
127348735,Tom,0.0
127363430,James,0.0
127374244,Louisa,0.0
127375061,Pisitjob,0.0
127414581,Angelo,0.0
127417407,Joanna,0.0
127417954,Philomena,0.0
127430824,Punjaphon,0.0
127463633,Ivy,0.0
127467502,Johnathan,0.0
127468532,Julie,1.0
127501128,Akk,0.0
127502754,Robert,1.0
127512110,Lola,0.0
127522685,Ed,0.0
127527666,Alessandro,1.0
127529707,Sara,0.0
127544400,Tassana,0.0
127557295,Khristiniya,0.0
127575528,Tosin,1.0
127589796,Jaya,0.0
127594929,Vinnie Maia,0.0
127647395,Wai Hoong,1.0
127669602,Semra,0.0
127673073,Myrto,0.0
127712065,Catherine,0.0
127721506,Sarah,0.0
127754962,Rob,1.0
127785679,Jessica,0.0
127816734,Maggie,0.0
127818340,Olivia,0.0
127834021,Bow,1.0
127864945,Simon,1.0
127894495,Zee,0.0
127926155,Paul,0.0
127930956,Nicolò,0.0
127936490,Ella,0.0
127938388,Navarat,1.0
127939063,Kara,0.0
127952198,Simon,0.0
127966458,ManuCris,0.0
127968387,Aniana,0.0
127970928,Jay,1.0
127998981,Vijay,0.0
128000391,Eliza,0.0
128016068,Dave,0.0
128031180,Abdul Rehman,0.0
128051719,Louise,0.0
128064303,Sally & Simon,1.0
128067338,Belén,0.0
128070925,Jo,0.0
128088307,John,0.0
128128524,Nicholas,0.0
128133505,Margaret,0.0
128137016,Amelia,0.0
128156307,Sally,0.0
128173673,Fiona,0.0
128221945,Ali,1.0
128236627,Malgorzata,1.0
128245517,Ray Yeung,0.0
128251840,Thea,0.0
128263230,Namo,1.0
128288134,Chalermchai,0.0
128332016,Daniel,0.0
128334259,Paul,0.0
128362169,Gary,0.0
128386390,Simon,0.0
128391959,Anastasia,0.0
128398107,Amit,0.0
128409254,Daniel-Curtis,0.0
128452840,Sophie,0.0
128479126,Sittpanai,1.0
128495798,Jenny,1.0
128516864,Izzy,0.0
128525393,Rose,1.0
128531843,Anisha,0.0
128546896,Grace,1.0
128583495,Emily,0.0
128599904,MAC & Co. Estates Ltd,1.0
128605056,Jennifer,0.0
128623584,Phanyaphat,0.0
128642754,Chetna,0.0
128656568,Jantra,1.0
128659370,Michela,0.0
128664817,James,0.0
128673699,Bonus,0.0
128676828,Hu,1.0
128682883,Maz,1.0
128685915,Ruxandra,1.0
128724571,Padmesh,0.0
128733205,Sadia Javed,0.0
128733426,Micheál,1.0
128733967,Skander,0.0
128756146,Aliyah,0.0
128820736,The Cottage,0.0
128824093,Richard,0.0
128825913,Seble,1.0
128891036,Kate,0.0
128910485,Melissa,0.0
128919252,Kung,0.0
128919464,T,0.0
128943709,Rain,0.0
128949701,Maria Sheela,0.0
128950985,Marina,0.0
128952567,Araya,0.0
128977369,Qasim,0.0
128980715,Ruggero,0.0
128982278,Pattanan,0.0
129006263,Gedalia,0.0
129008951,Carlos,1.0
129051104,Ivy,0.0
129076767,D.A,0.0
129099870,Matt,0.0
129107455,Tarik,0.0
129114033,Vica,0.0
129141144,Tom,1.0
129197522,Paul,0.0
129197818,Tom,1.0
129199070,David,0.0
129216666,Vicky,0.0
129229739,Terrence,0.0
129230780,STK Homes,0.0
129250059,Folabi,0.0
129272920,Shirley,0.0
129274987,Kristina,0.0
129303462,Ikram,0.0
129317997,Eleanor,0.0
129352171,Karolina,1.0
129361122,Christopher,0.0
129361793,Candy,0.0
129364607,Celia,0.0
129375285,Amy,0.0
129413665,LLoyd,0.0
129429120,Vanessa,1.0
129435308,Annabel,0.0
129435539,Fiona,1.0
129444285,Sanam,0.0
129452008,Julia,1.0
129468211,Paul,0.0
129473205,Danny,0.0
129499403,Amornrat,0.0
129521498,Boyd,0.0
129528240,Nneka,0.0
129538159,Audrey,0.0
129539884,Cleveland Residences Russell Square,0.0
129541872,Elizabeth,1.0
129547997,Harriet,1.0
129548540,Patrick,0.0
129568159,Matteo,0.0
129606883,Polina,0.0
129622554,Thomas,0.0
129622682,Panico,1.0
129629547,Grace,1.0
129665918,Terence,0.0
129686796,Sohail,0.0
129701828,Sandra And Derek,1.0
129713765,Lucy,0.0
129755866,Adrian,0.0
129786024,Dawn,0.0
129787215,Vivian,1.0
129822710,Abbe,1.0
129836817,Mun,1.0
129842165,Esther,0.0
129858438,Junita,1.0
129908503,Joyce,0.0
129915469,Linda,0.0
129943546,สุพัตรา,0.0
129954178,Wisarut,0.0
129986395,Ed,1.0
129997389,Margaux,0.0
130082169,Cezar,0.0
130089420,Patchaya,0.0
130091709,Crystal,0.0
130094536,Khanit,0.0
130098328,Tony,0.0
130117598,Dwello,0.0
130123311,Joao,0.0
130129743,Sophie,0.0
130153685,Alejandro Jose,0.0
130174263,Sendrine,1.0
130188399,Nick,0.0
130193914,Eva,0.0
130195212,Tas,0.0
130203181,Rinnatha,0.0
130214348,Anna,0.0
130216729,Julian And Francesca,0.0
130217648,Maria,0.0
130218891,Jayne,0.0
130229028,Alan,0.0
130237362,Norarit,0.0
130246162,Stella,0.0
130247910,Roombix,0.0
130255861,Adam,1.0
130261747,Steven,0.0
130274729,Serge,0.0
130307107,Ian,1.0
130307813,Fiona,1.0
130310123,Catherine,0.0
130330448,Shun Ji,1.0
130346207,Nicola,0.0
130346579,Erin,1.0
130370717,Beat,0.0
130372670,Francis,0.0
130386405,Claire,0.0
130391383,Jonathan,0.0
130393716,Lee,0.0
130399616,Ali,0.0
130412206,Patricia,1.0
130426533,Khan,0.0
130433824,Shade,0.0
130464911,Ceri,0.0
130467899,Jerry,1.0
130474615,Jamie,1.0
130477676,Olumide,1.0
130509468,Phil,0.0
130535985,Maria Luisa,1.0
130541849,Wayne,0.0
130544300,Anneleen,0.0
130573001,Marta,0.0
130577319,Vanina,0.0
130594222,Mabel,0.0
130609849,Kam,0.0
130633612,Alex,0.0
130636769,Clarissa,0.0
130644668,Amanda,1.0
130648993,Danli,0.0
130674685,Lester,1.0
130699852,Luxe Urban Escape,0.0
130701385,Nudchanart,1.0
130710874,Jane,0.0
130712788,Tristram,1.0
130736774,Jonathan,0.0
130745575,Luca,0.0
130760161,Irina,0.0
130784716,Lois,1.0
130795538,Costi,0.0
130822559,Ahmed,0.0
130829794,Alexis Mary,0.0
130839360,Lily,0.0
130839498,Smile,0.0
130864644,Somerset Ekamai Bangkok By Ascott,0.0
130874853,Yi-Chieh,0.0
130887734,Jim,1.0
130913407,Nicola,0.0
130922691,Igor,0.0
130931196,Our,0.0
130940430,Grattan,0.0
130942943,Dahlia,0.0
130963978,Marijana,0.0
131021151,Douglas Luxury Apartments,0.0
131027534,Elizabeth,1.0
131035044,Timothy,0.0
131051480,Lorena,0.0
131057312,Edith,0.0
131100136,Sanja,0.0
131115353,Saowalak,1.0
131119283,Nott Supasit,1.0
131119502,Elizabeth,1.0
131123891,Thawatchai,0.0
131195806,Wahidur,0.0
131200988,Sharon,0.0
131204892,Danait,0.0
131228794,Ingrid,1.0
131229397,Siva,0.0
131235240,Sophie,0.0
131238529,Kevin,0.0
131238564,Tuesday,0.0
131245946,Peter,1.0
131251357,Maryam,0.0
131256713,Nick,1.0
131259438,Angelika,1.0
131266999,Ratcha,1.0
131287516,Jorgen,0.0
131315509,Jem,0.0
131319174,Zameer,0.0
131319237,Arabella,0.0
131323114,Christopher,0.0
131337648,Arthur,0.0
131345916,Murat,0.0
131361993,Katy,0.0
131374372,Ariya,0.0
131414990,Vladimir,1.0
131418248,Steve,0.0
131425103,Alex,0.0
131426363,Jennifer,1.0
131427125,Selena,0.0
131430734,Joy Alli,0.0
131434356,Salinrat,0.0
131449825,Ivana,0.0
131486483,Justin,0.0
131498681,Kate,1.0
131501348,Maryam,0.0
131538729,Moonhyuk,0.0
131539269,Chalisa,0.0
131571026,Robert,1.0
131584586,Thongchai,0.0
131587749,Will,0.0
131591665,H,0.0
131614600,Felicia,1.0
131620591,Martin,0.0
131633225,Peerakamas,0.0
131643553,Jun,1.0
131654980,Lizzie,0.0
131670745,Crystal,0.0
131672950,Xiao,0.0
131674442,Akua,0.0
131679671,Esha,0.0
131703609,Hayley,1.0
131704956,Paul,0.0
131741488,Wu Voon,0.0
131748043,Mehrnoosh,0.0
131782534,Cass,0.0
131811999,H,0.0
131820691,Campbell,0.0
131825132,Abidin,0.0
131851512,Neil,0.0
131870192,Chris,0.0
131883457,Alice,0.0
131891937,Laura,0.0
131896857,Robert,1.0
131913882,Tosan,0.0
131927564,Mingze,0.0
131930129,Gondal,0.0
131935092,Chonnaree,0.0
131959217,Nicholas,0.0
131971472,Chengxi,0.0
131986693,Julie,1.0
132003457,Saint,0.0
132010797,Seungsu,0.0
132033537,Kim,0.0
132070315,Luz Adriana,0.0
132072928,Yvonne,1.0
132099939,Kattya,0.0
132101443,Harley,0.0
132103434,Mahrukh,0.0
132115748,James Olujimi Oluseun,0.0
132116187,Zahra,0.0
132131612,Daniel,0.0
132133978,Habib,0.0
132152474,Bee,0.0
132156595,Abdul,0.0
132190323,Charlie,0.0
132210383,Panjaporn,0.0
132216764,Jill,0.0
132230724,Vanessa,0.0
132251205,Ricardo,0.0
132288219,Eric,0.0
132308046,Oliver,0.0
132317489,Anisha,0.0
132356875,Vanessa,0.0
132370400,Daisy,0.0
132400581,Campbelltown Golf House,0.0
132416919,Laura,1.0
132426886,Geoffrey,0.0
132430682,Jo,1.0
132440539,Janny Boonyarat,0.0
132447612,Sofiane,0.0
132452631,Helga,1.0
132473239,Amb Ville,0.0
132491282,Memorable Stays,1.0
132503751,Shelley,0.0
132504884,Pasquale,0.0
132516026,Viv,0.0
132527618,Peerapong,0.0
132595400,Jorge,0.0
132599239,Ray,0.0
132616045,Gordon,0.0
132630136,Derin Naz,0.0
132631436,Yvan,0.0
132632629,Luxe Haven Stays,0.0
132640747,Al,1.0
132663715,Robin,0.0
132685752,Nikhil,0.0
132707407,Pojpreecha,0.0
132719782,Tomasz,1.0
132725768,Veena,0.0
132745392,Mt,0.0
132747842,Simonetta,1.0
132755530,John,1.0
132758342,Mo,1.0
132762292,Neil,0.0
132765014,Veronika,0.0
132785798,Steven,1.0
132792976,Jazmin,0.0
132793495,Hanna,0.0
132797873,Jenny,0.0
132822988,Achiravit,0.0
132847473,Alexander,0.0
132857004,Roshni,0.0
132857910,Noel,1.0
132913412,Taryn,0.0
132927088,Jordan,0.0
133052544,Michalis,1.0
133061984,Sonja,0.0
133065363,Donna,0.0
133082557,⁨Jean P.⁩,0.0
133122867,Taljeet,0.0
133153049,Corbin,1.0
133169241,Taweerat,0.0
133177232,Ashley,0.0
133204013,Laura,1.0
133207500,Shahnaz,0.0
133213617,Nuttrose,0.0
133214369,Ting,0.0
133238263,Ruth,0.0
133238721,Sabrina,0.0
133253289,Davindra,0.0
133259848,Rebecca,0.0
133340046,Muse,0.0
133399610,Haque,0.0
133408267,Rob,0.0
133419327,Shay,0.0
133427457,Alison,0.0
133467076,Sakuna,0.0
133485715,Tristan,0.0
133505950,Catherine,0.0
133528107,Petit,1.0
133536644,Supranee,0.0
133545975,Joel,0.0
133677756,Newtown CozyStays,0.0
133689525,Fadil,0.0
133704253,Siam Champs Elyseesi Unique Hotel,0.0
133704309,Darian,0.0
133704786,Pek,1.0
133714302,Gloria,0.0
133715580,Gaurav,0.0
133791616,Baran,0.0
133819111,Brandon,0.0
133826734,Australian Executive Apartments,0.0
133841178,Michael,0.0
133849226,U Home,1.0
133849882,Rauf,1.0
133880732,Ash,0.0
133890205,Sue's Stays,0.0
133928389,Mik,0.0
133946166,Annalisa,0.0
134037662,Louise,1.0
134038078,Tatyana,1.0
134044732,Alison,0.0
134058382,Jason,0.0
134061161,Sam,0.0
134099258,Chloe,0.0
134110071,James,0.0
134133736,Kate,0.0
134141327,Paula Anna,1.0
134144988,K T,0.0
134212386,Giulia,0.0
134215001,Mercy Tsitsi,0.0
134217059,Afolabi & Valerie,0.0
134231312,Edmund,0.0
134235508,David,1.0
134239200,Ryan,0.0
134241671,Bahar,0.0
134253542,Thayani,0.0
134265078,Hisham,0.0
134315749,Arpapicha,0.0
134316058,Mali,0.0
134318812,Jittrakam,0.0
134335562,Ari,0.0
134340818,Jo,1.0
134378999,Irma,0.0
134407141,AJay,0.0
134474688,Nattapone,0.0
134548678,Charles,0.0
134580429,Kristina,0.0
134580777,Oumesh,1.0
134595415,Prateek,0.0
134604613,Giorgio,0.0
134643458,Henry,0.0
134663346,Claudia,0.0
134663830,Sarah,1.0
134704143,Bob,0.0
134715955,Camille,0.0
134717179,Camilla,0.0
134721761,Sharon,0.0
134839939,Christopher,0.0
134842749,Dani,0.0
134886464,Zainab,0.0
134907571,Katrina,0.0
134911748,Aqsa,0.0
134913211,Nell,0.0
134934456,Lucia,0.0
134935389,Junaid,0.0
134974883,Yingying,1.0
134996243,Paphop,0.0
135091559,Tk,1.0
135094518,Joe,0.0
135122130,YHA Pittwater Eco,0.0
135124159,Elena,0.0
135139069,Aniruddha,0.0
135183031,Karim,0.0
135186599,Anna,0.0
135189241,Harry,0.0
135198445,George,1.0
135198701,Ryan,0.0
135202954,Manassanan,0.0
135223045,Lydia,1.0
135224885,Jordan,0.0
135245774,Jacqueline,0.0
135278993,Luka,0.0
135284188,Sara,0.0
135309782,Ioannis,1.0
135323572,Dario,0.0
135369980,Charlie,0.0
135373280,Hugo,0.0
135381324,Daniel - Interhome,0.0
135397074,Paul,0.0
135399693,Pastora,1.0
135475307,Sarthak,0.0
135481672,Amir,0.0
135489173,Yanin,0.0
135499100,Abi,0.0
135516754,Rynn Rima,0.0
135517637,Samy,0.0
135555465,Maria,0.0
135558262,Sophia,0.0
135568625,Conen,1.0
135573101,Gabbie Kap Youn,1.0
135576137,Anna,0.0
135582260,Anthony,1.0
135603167,Katemanee,0.0
135628977,仙,0.0
135634809,Oenone,0.0
135637212,Joe,0.0
135647334,Becc,0.0
135650071,Graham,0.0
135677155,Olly,0.0
135680845,Fernanda,0.0
135734595,Terry,0.0
135744202,Marisa,1.0
135753246,Poom,1.0
135771192,Maria,0.0
135786786,Edwina,0.0
135788156,Adam,1.0
135802168,Sara,0.0
135805619,Lana,0.0
135895388,Maria,0.0
135980774,Pari,0.0
135990101,Shallon,1.0
136014827,Anna,0.0
136044997,Amy,0.0
136062189,James,0.0
136063767,Martina,0.0
136127107,Vaughn,0.0
136133493,Jason,1.0
136158402,Anne,0.0
136162962,Noah,0.0
136163095,Lukas,1.0
136172744,Maryam,0.0
136176491,Elizabeth,0.0
136212162,Eva,0.0
136217891,Santi,1.0
136243599,Dimitrios,0.0
136249490,Kayla,0.0
136250509,Debs,1.0
136254071,Binhomud,1.0
136318185,Jocelyn,0.0
136340581,Penny,1.0
136366769,Jack,0.0
136373346,Shalini,0.0
136400893,Kevin,0.0
136431777,Valentina,0.0
136436116,James,0.0
136456768,Elhame,0.0
136482860,Tina,1.0
136521136,North Park Place,1.0
136525047,Mark,1.0
136541481,Davide,0.0
136560957,K,0.0
136565571,Sally,0.0
136580438,Rosalba,0.0
136599039,Camilla,0.0
136616529,Paul,1.0
136672178,Jennifer,1.0
136708576,Louis,1.0
136716689,Rebecca,1.0
136726056,Paula,1.0
136740460,Frances Marie,0.0
136785964,Stuart,1.0
136787612,Hamed,0.0
136833784,Thanakorn,1.0
136837089,Mymi,0.0
136851203,Momo,1.0
136856902,Lex,0.0
136860777,Toby,0.0
136862632,Will,0.0
136867007,Useme,0.0
136907685,Kelly,0.0
136931862,Rousell,0.0
136977652,Edyta,0.0
137002522,TiTi,1.0
137008655,Serafina,1.0
137024017,Jane,1.0
137066619,Dharmik,0.0
137073412,Ebru,0.0
137127748,Thainara,1.0
137143120,Charmaine,0.0
137164368,Sebastian,1.0
137170349,Sebastian & Ana,0.0
137181600,Junaid,0.0
137197742,Geraldine,0.0
137235157,Ekaterina,0.0
137239307,Timothy Alexander,0.0
137239828,Andrew,1.0
137278159,Likehome,0.0
137297430,James,1.0
137333784,Kevin,0.0
137382056,Bilha,0.0
137426624,Nutcha,0.0
137438875,Rizwan,0.0
137465052,Claire,0.0
137492951,Ding,0.0
137513111,Adam,0.0
137520973,Hama,0.0
137538662,Julia,0.0
137548802,Daljit,0.0
137593372,Chuang,0.0
137649883,Tyler,0.0
137651106,Suree,0.0
137662159,Shko,0.0
137691976,Sarah,0.0
137697367,Nicola,0.0
137723531,Vick,0.0
137729644,YesNowStays,0.0
137741183,Lara,0.0
137754825,Terry,0.0
137763155,Robert,1.0
137787656,Gina,0.0
137789833,Kay,0.0
137797899,Ace,0.0
137805118,Raya,1.0
137805279,Jimmy,1.0
137816282,Safi,0.0
137820716,Atma,0.0
137827309,London,0.0
137834895,Rebecca,0.0
137850355,Nuala,1.0
137865909,Mark,0.0
137919833,Sherry,1.0
137933718,Julius,0.0
137954329,Kasipa,1.0
137970479,Anna,0.0
137977628,Zee,0.0
137984455,Judith,0.0
138043752,Fi,1.0
138094425,Chanamon,0.0
138108709,Michael,0.0
138118796,Elise,0.0
138139210,Constantine,0.0
138159393,Suzy,0.0
138160378,Visit,0.0
138162104,Elnaz,0.0
138172399,Srosha,0.0
138263605,Yan,0.0
138268496,Pasupat,0.0
138280785,Damien,0.0
138288339,Camilla,0.0
138298535,Astha,0.0
138307289,⁨Flora A. K.⁩,0.0
138316330,Chen,0.0
138349971,星仪Iris,1.0
138361424,Rosy,0.0
138369952,Zoe,0.0
138372294,Julie,0.0
138395700,Ramneet,1.0
138404310,Matteo,0.0
138438002,⁨Suppasin J.⁩,0.0
138483003,Roland,0.0
138493221,Angelo,0.0
138528374,Cisem,1.0
138538918,Raphaëlle,0.0
138540068,Ayesha,0.0
138581197,Pawarong,1.0
138600175,James,1.0
138635107,Atisanun,0.0
138649185,Sidharth,0.0
138661574,Hollie,1.0
138666022,Jonathan,0.0
138670016,Oliver,0.0
138686376,Terry & Joan,1.0
138760568,GuestReady,0.0
138785658,Jack,0.0
138797531,含,0.0
138814819,Mark,1.0
138828351,Jessi,1.0
138833780,Wiranthi,0.0
138865269,Ashfaq,0.0
138869396,Bernie,0.0
138870025,Harry,0.0
138870859,David,0.0
138878486,Oliver,0.0
138889742,Irina,0.0
138909406,Sam,0.0
138938686,Ben,0.0
138956699,Natasha,0.0
139061797,Karen,0.0
139071176,Joel,0.0
139074236,Edwin,0.0
139078531,Kingkarn,0.0
139083942,Pietro,0.0
139091388,May,1.0
139096199,Georgia,0.0
139099048,Omer,0.0
139101034,Vichai,0.0
139133925,Enrique,0.0
139139973,Ben,1.0
139155995,Anisur,1.0
139158577,Trang,1.0
139189243,Hana,0.0
139190893,Sabrina,0.0
139218958,Sky,0.0
139248539,Sereephol,0.0
139259151,Angelina,0.0
139274235,Elena,1.0
139282347,Anne,0.0
139338181,Suwadee,1.0
139339659,Amarbayasgalan,0.0
139347871,Lilian,0.0
139357845,Gregor,0.0
139365027,Emre,0.0
139368433,Em,1.0
139391324,Filipa,0.0
139495657,Jeff,0.0
139562874,Sarah,1.0
139566753,Jacqueline,0.0
139567880,Joel,0.0
139576171,Tharinee,1.0
139579406,Kerry,0.0
139583740,Glendy,1.0
139584685,Varun,1.0
139589241,Rula,0.0
139592337,Shefali,0.0
139593388,Jude,0.0
139597294,David,0.0
139663703,Patrick,1.0
139683942,Rakeem,1.0
139703215,Donna,0.0
139706534,Sudha,0.0
139709075,Efkan,0.0
139716238,Karina,0.0
139720934,Sarah,0.0
139747512,Marleen,0.0
139751570,Silom Space Hostel,0.0
139774865,Kradangnga Lodge,0.0
139791914,Chaninpan,0.0
139797569,Bernadette,0.0
139801054,Sonia,0.0
139829284,Anna,0.0
139833494,Cynthia And Jason,1.0
139838359,Emma,1.0
139848245,Ludo,0.0
139848529,Rohan,0.0
139877806,Barnaby,0.0
139885807,Sami,0.0
139900567,Janet,0.0
139921314,Uyanga,1.0
139930470,Mark,0.0
139953458,Lorena,0.0
139979397,Omar,0.0
139982174,Gemma,0.0
140018708,Janine,0.0
140025759,Mia,0.0
140028281,Annamarie,0.0
140031344,Mely,0.0
140036839,Jade,1.0
140058281,Henry,0.0
140073893,Chris,1.0
140104639,Anthony,0.0
140127981,Ivo,0.0
140132952,Victoria,0.0
140178288,Doraemon,1.0
140214493,Nipa,0.0
140248806,Pornsawan,0.0
140254277,Kevin,0.0
140264675,Mitra,1.0
140266258,Miriam And Stephen,0.0
140278278,Jan,0.0
140300403,Pilaiphan,0.0
140316145,Into The Wild Escapes,0.0
140344042,Wei Cheng Wilson,0.0
140407529,Ed,1.0
140433171,Jane,0.0
140451506,Ben,0.0
140466894,Osarumwense,0.0
140472495,Pat,1.0
140486328,Din,1.0
140486444,Vanessa,1.0
140538025,Padraic,1.0
140542292,Sita,0.0
140562512,Trudie,1.0
140571001,Q,0.0
140579473,Carol,0.0
140580120,Mary,1.0
140596844,Sam,0.0
140697609,Josh,0.0
140714004,Kantharos,0.0
140718477,Sarah,1.0
140719239,Natasha,0.0
140727835,Daniel,0.0
140752742,Nuwat,1.0
140758562,Ali,1.0
140785790,Daniela Alejandra,1.0
140809086,Tatiana,1.0
140813539,Tania,0.0
140820218,Daisy,1.0
140832795,Beccy,0.0
140855453,Sultanali,0.0
140880136,Gerry,1.0
140884867,Yoojung,0.0
140889817,Comfort,0.0
140896835,Salim,0.0
140897040,Zayn,0.0
140956601,Seyi,0.0
140960536,Joe,0.0
140982189,Halina,0.0
141011309,Mohammad,0.0
141018858,Innocent,0.0
141063634,Siraprapa,1.0
141090482,Fan,1.0
141096864,Ginny,1.0
141109807,Celia,1.0
141120722,Aqua,1.0
141125069,Deborah,1.0
141131233,Sylvia,0.0
141186374,⁨P.A.⁩,0.0
141215644,Alagoz,0.0
141218294,Adaobiie,0.0
141253185,Pirada,1.0
141278688,Penny,0.0
141279355,Alex,1.0
141323865,Riina,0.0
141339169,Giuseppe,0.0
141377816,Sam,0.0
141393205,Natasha,0.0
141402428,Charles,1.0
141441467,Jeff,0.0
141460052,Ledi,1.0
141488526,Carol,0.0
141523991,Ali,0.0
141559185,Selma,0.0
141588487,Cesar,0.0
141590445,⁨Steve J.⁩,1.0
141624045,Tom,1.0
141627460,Cameron,0.0
141645312,Julie,0.0
141672575,James,0.0
141687245,Andrea,0.0
141705156,Polliany,0.0
141710394,Doretta,1.0
141714900,Claire,1.0
141716092,Jamie,0.0
141803718,Joanna,0.0
141810210,George,0.0
141812885,Joanne,1.0
141815850,Mags,0.0
141839007,Hermione,1.0
141888278,Andrew,0.0
141900917,Neelam,0.0
141905221,Callum,0.0
141924711,Nik,0.0
141961470,Jason,1.0
141983767,Hosting Holidays,1.0
141999108,Adriana,0.0
142021766,Lydia,0.0
142060436,Brayan,0.0
142107225,Kaushik,0.0
142110076,Rebecca,1.0
142139619,Sam,0.0
142158667,Colette,0.0
142165430,Alice,0.0
142168874,Cassidy,0.0
142173713,Wambuya,0.0
142174946,Shelly,1.0
142188835,Khalid,0.0
142190575,Adelina,1.0
142234561,Alison,1.0
142240483,Krisada,1.0
142260907,Thomas,0.0
142294067,Anya,0.0
142352315,Barry,0.0
142370461,Sue,0.0
142378275,Jody,0.0
142387070,Gillian,0.0
142407491,Tristram,0.0
142460198,Qi,0.0
142570782,Christian,0.0
142693599,Jason,0.0
142735105,Pawarit,1.0
142739565,Mimi,0.0
142780761,Tracie,1.0
142808861,Fern,0.0
142852551,Betty-Aracely,1.0
142861549,Ahmed,0.0
142882040,Martha,0.0
142940963,Pintula,0.0
142980271,Yassmina,0.0
142987421,Andrew,0.0
143028485,Caitlin,0.0
143033649,Linnett,1.0
143050841,Af,0.0
143056258,Aleksandra,0.0
143110254,Surachai,0.0
143116759,Marie-Therese,0.0
143123896,Suzy,0.0
143137603,Aurel,0.0
143162409,Mark,1.0
143241732,Marco,0.0
143270688,John,0.0
143279631,Prateek,0.0
143281963,Cassie,0.0
143306525,Victoria,1.0
143310241,Cath,0.0
143331976,Sam,0.0
143345087,David,0.0
143365149,Liran,1.0
143399959,Stephen,0.0
143427903,Marie,1.0
143472494,Joanna,0.0
143486692,Lizzie,0.0
143503927,Shabana,0.0
143509349,Jayne,0.0
143537618,Thomas Jesus,0.0
143564923,Ahmed,0.0
143568039,Hebe,0.0
143576214,Elena,0.0
143587210,Jenny,1.0
143636178,Alam,0.0
143650409,PRoperty's Partner,1.0
143660347,Neslihan,0.0
143667101,Tom,0.0
143673060,Leo,0.0
143702258,Luciano,0.0
143762608,Martin,0.0
143785583,Nicholas,0.0
143799974,Adam,0.0
143803490,Motazbelah,0.0
143876354,Lucy,0.0
143884606,Finbarr,0.0
143901608,Panadda,0.0
143913967,Nathathai,0.0
143920649,Daanish,0.0
143939319,Chloe&Jason,1.0
143962865,Rosie,0.0
143963792,Claudia,0.0
143985029,Valentine,0.0
144026161,Pat,0.0
144037401,Basu,0.0
144037807,Stef,0.0
144039661,Matthew Charles,0.0
144046840,Kathryn,0.0
144067729,Edward,0.0
144075004,Angie,1.0
144095130,Aaron,0.0
144124373,Sabina,0.0
144166548,Mub,0.0
144174123,Luana,0.0
144204191,Heidi,0.0
144233537,Margaret,1.0
144246094,Richard,0.0
144263472,Teeraset,0.0
144267665,Kelly,0.0
144303193,Britt-Marie,1.0
144318636,Izzy,0.0
144342093,Emmanuel,0.0
144352166,Paul,1.0
144404363,Sandy,0.0
144406255,Paul,1.0
144413775,Orhan Can,0.0
144416948,Narges,1.0
144430839,Jeni,0.0
144444103,Carmen,1.0
144460380,Dexter,0.0
144478760,⁨Venus Stays Ltd (Eduardo)⁩,0.0
144487342,Jacquetta,0.0
144495403,Lina,1.0
144511778,Susan,1.0
144562940,Maria,1.0
144563115,Omar,1.0
144574148,Leticia,1.0
144575766,Shelley,1.0
144626211,Alessandra,0.0
144657265,Naifa,1.0
144686942,Ss,1.0
144687545,Dean,0.0
144701036,Chon,0.0
144721283,Marffew,1.0
144721324,Chaichanat,0.0
144735847,Werachat,1.0
144736362,Kate,1.0
144766230,Tip,1.0
144786680,Eddy,0.0
144814541,Vivien,1.0
144823784,Wichittra,0.0
144832504,Rory,0.0
144844183,Esra,0.0
144850465,Amal,0.0
144859750,Ainslie,0.0
144869188,Bill,1.0
144903457,Rhodri,0.0
144932258,Maya Boopathy,0.0
144935272,Edmund,1.0
144949103,Margaux,0.0
144949176,Sabina,0.0
144968199,Silvia,1.0
144986944,Stanley,0.0
145029449,Maria,0.0
145092808,Ryan,1.0
145096573,David,0.0
145109223,Charming,0.0
145113880,Amran,0.0
145114523,Charles,0.0
145119274,เบญจพร,0.0
145120129,⁨ศุภลักษณ์⁩,0.0
145140553,สมหญิง,0.0
145163186,Betul,0.0
145193778,Philip,0.0
145217279,Alice,0.0
145219581,Giovanny,1.0
145222264,Tom,0.0
145260447,WendyChan,1.0
145299081,Henry,0.0
145301035,Ian,1.0
145308839,Jo,1.0
145327149,Shashi Kumar,0.0
145338200,Vasif Mahir Oglu,1.0
145378595,Badri,0.0
145384092,Haroon,0.0
145394608,Geeta,1.0
145405021,Rishi,0.0
145425860,Jia-Yi,1.0
145428906,Khadija,0.0
145440909,Gregory,0.0
145448940,Claire,1.0
145449599,Lisa,1.0
145451767,Gap,0.0
145475736,Debs,0.0
145483437,Miw,0.0
145484295,Jonathan,0.0
145484445,Thom,1.0
145488519,Evo,0.0
145508863,Freddie B,0.0
145523181,Daniel,0.0
145537855,Rose,0.0
145543897,Shirley,1.0
145555791,Henry,0.0
145584071,Remi,0.0
145609653,Ronica,1.0
145620435,Steven,1.0
145636538,Patcharin,0.0
145645037,Imran,1.0
145657087,Freddie,0.0
145665596,Conrad,0.0
145674655,Eleanor,0.0
145684678,Adisak,0.0
145691603,Paddy,0.0
145711852,Corina,0.0
145728435,Neil,0.0
145738157,⁨พิพัฒน์⁩,0.0
145740570,Damien,1.0
145762281,Calvin,0.0
145798741,Ami,0.0
145799016,Curated Property,1.0
145818008,Danielle,0.0
145832658,Pakorn,0.0
145836093,Stephen,0.0
145859736,Lucy,0.0
145866225,Sue,1.0
145867452,Betina,0.0
145940700,Ollie,0.0
145952198,Robin Alan,0.0
145968379,Leticia,0.0
145969455,Daisy,0.0
145990917,Marta,1.0
146002089,Minji,0.0
146018482,Michael John E,1.0
146039627,Martin,0.0
146040180,Queeneth,0.0
146042690,Alison Pass The Keys,0.0
146042913,Ashley,0.0
146084647,Salman,1.0
146097554,Kemal,1.0
146105301,Rad,0.0
146117854,Cora,0.0
146145766,Shaz,1.0
146155549,Hannah,0.0
146170127,Fabiola,0.0
146181173,Thania,0.0
146183181,Alexander,0.0
146183668,Kaviraj,0.0
146190941,Iarly,1.0
146249796,Marie,0.0
146254705,Aleksandra,0.0
146265611,Niranut,1.0
146277444,Emma,0.0
146310845,I,0.0
146351769,Suzy Aurolle,0.0
146353145,Paul,0.0
146377637,Jib,0.0
146383272,Boud,1.0
146418567,Andrew,1.0
146421296,Bessy,0.0
146444412,Syed,0.0
146448842,Noni,1.0
146501565,Zaman,1.0
146515383,Selam,0.0
146558983,Rodney,0.0
146559378,Hari,1.0
146560555,Vaughn,0.0
146570670,Alex,0.0
146594021,Craig Iain,0.0
146594758,Michael,0.0
146605456,Eva,0.0
146655939,Kostis,1.0
146657265,Ivanka,0.0
146663832,Vicky,1.0
146702567,Juno,0.0
146711380,Kiattikun,0.0
146747810,MengQi,0.0
146750980,Daniela,0.0
146774735,Amanda,0.0
146808664,Michele,0.0
146820671,Jenny,1.0
146850852,Joseph,0.0
146859065,Steve,0.0
146874147,Marsha,0.0
146896836,Elizabeth,0.0
146906323,Iza,1.0
146911482,Niki,1.0
146912044,Darryl,0.0
146938461,Kattareya,0.0
146951118,Danny,1.0
146978921,Ramona,0.0
146985474,Keith,0.0
147015888,Anna,1.0
147028891,Chabs,0.0
147034553,ปฏิคม,0.0
147045514,Maja,0.0
147056285,Aurora,1.0
147105665,Jorge,1.0
147110353,Zakir,0.0
147141485,Noppasorn,0.0
147143175,Cherry,0.0
147146559,Ola,1.0
147148195,Thanisorn,1.0
147157004,Taahira,0.0
147160298,Danai,0.0
147166067,Clare,1.0
147181602,Shafie,0.0
147184791,Katie,0.0
147259525,Andrew,0.0
147263415,Mohammad Ejaz,1.0
147320203,Mel,0.0
147324789,Maggie And Lawrence,1.0
147325818,Olutosin,0.0
147327355,Mac,1.0
147341687,Maryam,0.0
147470479,Suriya,1.0
147473185,Nada,0.0
147473255,Jc,1.0
147505720,Thekla,1.0
147512114,Francesco,1.0
147520940,Rebecca,1.0
147533480,Sohaib,0.0
147591660,Rosa,0.0
147620901,Rohit,0.0
147622869,Joe,1.0
147666882,Walter,0.0
147668404,Stephen,1.0
147688864,Joasia,0.0
147710029,Malcolm,1.0
147733098,Anna,1.0
147743456,Hana,0.0
147743992,Nicky,0.0
147744813,Osagie,0.0
147754856,Sateesh,0.0
147761602,Abigail,0.0
147766893,Diego,0.0
147804149,Imran,0.0
147804840,Jon,0.0
147829824,Cedrick,0.0
147845796,Melrose,0.0
147855505,Brian,0.0
147864489,Jini,1.0
147866353,Paul,1.0
147867558,Kuren,0.0
147883557,Katsiaryna,0.0
147884203,View & Duck,0.0
147891111,Louise,1.0
147937079,Tony,0.0
147949800,Dominik,1.0
147969642,Emeline,0.0
148018604,John,1.0
148022697,Yanhui,0.0
148039280,Ye Yi,0.0
148050292,Mary,0.0
148060663,Rebecca,0.0
148087034,Nadia,0.0
148114998,Lurdes,1.0
148116197,Simon,1.0
148139614,The Salil Sukhumvit Fifty Seven,0.0
148172736,Niran,0.0
148180154,Martijn Michiel,0.0
148185071,Vivian,1.0
148200436,Joan,1.0
148218680,Mark,0.0
148225730,Nicholas,1.0
148248465,Florence,0.0
148269931,Oliver,0.0
148278811,Adriana,0.0
148355152,Keglim,0.0
148362408,Nicolas,0.0
148367771,Mostafa,0.0
148379571,Lili,0.0
148405930,Mohammed,0.0
148425177,Reza,0.0
148433827,Simon,0.0
148489457,David,0.0
148500862,Salvo,0.0
148513047,Jennifer,0.0
148543928,Ciara,0.0
148552695,Nuzzat,1.0
148607219,Wyndel Apartments,0.0
148629595,Amanda,1.0
148635974,Ibeyond Residence,0.0
148697709,Jan,0.0
148702819,Maria Giullia,0.0
148716358,Adam,0.0
148748021,Fareed,1.0
148749463,Erica,0.0
148751549,Frank,0.0
148763732,Xi,0.0
148765221,Olivia,1.0
148766003,Lucie,0.0
148778423,Kriskorn,0.0
148788178,Issie,0.0
148859514,Thomasin,0.0
148889325,Lucie,1.0
148893055,Fabiana,0.0
148921315,Prajesh,0.0
148987799,Kim,0.0
149002969,Amy,0.0
149004446,Eng,1.0
149028083,Carmen,0.0
149039680,Emily & Steve,1.0
149053025,Ola,0.0
149093141,Shubhra,0.0
149112551,Hong,0.0
149179943,Cetin,0.0
149203079,Sarah & Noah,0.0
149217640,Tina,1.0
149229937,Graham,0.0
149243289,Hisham,0.0
149258135,Ilona,1.0
149260245,Kyra,0.0
149272623,Stephen,1.0
149285914,Luke,0.0
149299305,Maria Albany,0.0
149321986,Suwimon Prasanphan,0.0
149333130,Lucy,0.0
149347328,Lily,1.0
149349898,Nil,0.0
149360805,Hannah,0.0
149367982,Monty,1.0
149368525,Sawitta,1.0
149381631,Brenda,0.0
149454717,Rebecca,1.0
149456434,⁨กนกภรณ์⁩,0.0
149468151,Fraser,0.0
149483192,Sarah,1.0
149529499,Karn,0.0
149554050,Paul,0.0
149555028,แสงเดือน,0.0
149559524,⁨สุวดี⁩,0.0
149560505,ดรุณวรรณ,0.0
149571029,⁨ณัฐฑิณี⁩,0.0
149571830,Tosin,0.0
149606308,Elyas,1.0
149609490,Nomads,0.0
149617550,Ibrahim,1.0
149638551,Iole,0.0
149643412,Ninnet,0.0
149656316,Megan,0.0
149663287,Linda,0.0
149679142,United Tower Thonglor,0.0
149684986,Ozge,0.0
149688008,Duda,0.0
149689374,Fahmida,0.0
149704847,Junbo,1.0
149745489,Caroline,0.0
149746158,Lara,0.0
149770976,Victoria,1.0
149771759,Saroj,0.0
149772012,Tunchanok,1.0
149790023,Candy,1.0
149799820,Jemeta,0.0
149801978,Ecem Nida,1.0
149809533,Anna,1.0
149824638,Ladi,0.0
149871626,Alice,1.0
149881962,Thitimon,0.0
149891883,Narongvit,1.0
149897292,Dom,0.0
149945288,Tengjie,0.0
149946719,Emily Frances,0.0
149972157,Marek,0.0
149975858,Victor,1.0
150003114,Mehul Girish,1.0
150005415,Tosin,0.0
150012488,Dwight,1.0
150027010,Camilla,1.0
150106958,Jeremy,0.0
150123776,Juli,1.0
150124999,Witoldo,0.0
150144257,Giuseppe,0.0
150144424,Amis Tazz,0.0
150146506,Khidar,0.0
150189246,Sebastian,0.0
150197265,Brendan,1.0
150205222,Siriyakorn,0.0
150210636,Henry,1.0
150210685,Kelley,1.0
150233318,Frances,1.0
150236446,Lisa,0.0
150248896,Irisa,1.0
150261666,Leticia,0.0
150270462,Pedro,1.0
150287493,Sanja,1.0
150336535,Lennart,0.0
150343284,Chatchawan,1.0
150350007,Kay,0.0
150374218,Henry,1.0
150383798,Katya,0.0
150394047,Roopa,0.0
150401320,Danny,0.0
150421758,Paulo,0.0
150430565,Amyn,0.0
150444749,Ajay,0.0
150463742,Parvaneh,0.0
150487633,Ayoub,0.0
150516499,Indre,1.0
150531448,Opal,0.0
150571218,Sam,0.0
150648646,David,0.0
150658633,Mengci,0.0
150697169,Rafal,1.0
150699187,Esteban,0.0
150705891,Kimberly,0.0
150724161,Sarah,0.0
150727621,Haider,1.0
150761512,Jak,1.0
150779210,Amy,0.0
150794949,Siva,1.0
150798382,Mo,0.0
150807806,Lobsang,0.0
150813358,Supasit,1.0
150822726,Sk,0.0
150831380,Slalee,0.0
150846515,Niahil,0.0
150852210,Stephen,0.0
150858953,Melvin,0.0
150871088,Pauline,0.0
150871547,Sam,0.0
150924863,Florian,0.0
150929956,⁨น.ส.ดาณี⁩,0.0
150941330,Pranaya,0.0
150949942,Smt Invest,0.0
150953714,Daniel,0.0
150963556,Ify,0.0
150966329,Emeric,0.0
150986185,Albion,0.0
150995485,Stency,0.0
151030999,Rosa,1.0
151039448,Qi,0.0
151052809,Trish,0.0
151069093,Lee,0.0
151070083,Simle,1.0
151074626,Anna,0.0
151079908,Jaemien,0.0
151087222,Chuks,0.0
151103159,Steve,1.0
151121482,Galina,1.0
151174102,Oren,1.0
151186344,Aseea,1.0
151189948,Kanokwan,0.0
151222165,Eloise,1.0
151223713,Alexander,0.0
151224458,Charlotte,0.0
151230621,Toby,0.0
151231649,Petal,0.0
151250809,Diego,0.0
151275872,Andrew,0.0
151278523,Lawrence,0.0
151291555,John,1.0
151318382,Pinprapa,0.0
151343905,Sandra,1.0
151347042,Mas,0.0
151358524,Clare,1.0
151417287,Nancy,0.0
151418572,Naaquor Ivana X,0.0
151439688,Finbar,0.0
151460058,Rateepol,0.0
151472360,Joanna,0.0
151484111,Marc,0.0
151503243,Ayorinde,0.0
151503951,Jean,0.0
151515739,Nasrin,1.0
151535900,Griselda,0.0
151574689,Marcos Venicios,0.0
151609162,Megan,0.0
151644942,Savan,0.0
151660964,Huichun Lily,0.0
151679843,Laura,0.0
151730643,Joyce,1.0
151747458,Nichakarn,1.0
151753842,Adam,0.0
151767747,Niki,1.0
151782979,Sarah,0.0
151783029,Aek,1.0
151789698,Panu,0.0
151795094,Lama,0.0
151809607,Lyandah,0.0
151869030,Nishank,0.0
151879505,Rose,1.0
151892925,Ana,1.0
151900391,Yao,0.0
151910213,Bruno Luciano,0.0
151913745,Audrey,0.0
151945900,Jasmeet,0.0
152018136,Tony,1.0
152028881,Ben,0.0
152048604,Gursheel,0.0
152112206,Sandra,1.0
152118160,Miriam,0.0
152133489,Marc Pearce,0.0
152161108,Rosie,0.0
152177237,Nice,0.0
152207930,John,0.0
152211268,Ruth,1.0
152223347,Kristina,0.0
152248898,Claire,1.0
152301916,Pius,0.0
152308578,Sandra,1.0
152337699,Varsha,0.0
152355715,Alex,0.0
152375469,Steve & Cath,1.0
152381014,Radomir,0.0
152385742,Lulu,0.0
152409640,Sara,1.0
152427508,Angelica,0.0
152445022,Lucy,0.0
152449092,Jon,0.0
152450645,Nuanvan,1.0
152454129,Pornthep,0.0
152456059,Hollie,0.0
152471061,Natalie,1.0
152473686,Stephen,1.0
152484190,Lertrit,1.0
152562312,Prapas,1.0
152563562,Darryl,0.0
152593526,Tom,0.0
152603115,Vedant,0.0
152618548,Alice,1.0
152636337,Ronald,1.0
152654668,Tanya And Col,1.0
152682347,Adaora,0.0
152688129,Olaore,0.0
152706934,Abdul,1.0
152711646,Icey,0.0
152745330,Luxe Stays,0.0
152785309,Mix,1.0
152788806,Pass The Property,0.0
152789821,May,0.0
152792283,Prompt,1.0
152808447,Thomas,0.0
152814337,Vaia,0.0
152822134,Alice,0.0
152849489,Chris,0.0
152854076,Audrey,1.0
152879723,Sue,0.0
152879847,Aungvara,0.0
152889228,Oya,0.0
152916640,Alex,0.0
152921267,Tuscan,0.0
152938941,Ace,1.0
152955843,Atlantis & Chloe,0.0
152977767,Anita,1.0
152986385,Yasin,0.0
153020140,Sandra,0.0
153028229,Dini,1.0
153031059,Munir,0.0
153061134,Megan,1.0
153083107,Deborah,1.0
153085636,Edgar And Helena,0.0
153117020,Frankie,0.0
153135708,Tak,0.0
153144884,David,0.0
153195376,Home Host Circle,1.0
153198820,Rana,0.0
153220201,Laura,0.0
153229519,Wyllian,1.0
153256317,Agnieszka,0.0
153274274,Ruan,0.0
153278823,Paul,0.0
153286841,Livia,0.0
153326304,Chris,0.0
153332785,Subhash,0.0
153334162,Nerida,1.0
153368431,Irini,0.0
153394043,Nuttaphon,0.0
153408681,Valeriy,0.0
153420976,Elena,0.0
153435013,Shaf,0.0
153476023,Jemima,0.0
153477575,Mahmood,0.0
153496288,พรชัย,0.0
153501813,Josepha,0.0
153522860,Tomás,0.0
153535385,James,1.0
153540742,César,0.0
153552541,Omid,0.0
153558928,Taylor,1.0
153563625,Aloe And Nick,0.0
153572777,Heng,1.0
153572915,Apple,0.0
153593043,Taylah,0.0
153597842,Tj,0.0
153600995,Thee,0.0
153611072,Tanka,0.0
153612821,Jayne,0.0
153616236,Ivy,0.0
153646003,Mahima,0.0
153658432,Tanvir,1.0
153663613,Davide,0.0
153698104,Lee,1.0
153701530,Phil,0.0
153715121,Gary,0.0
153732710,Matthew,0.0
153757782,Bardot,0.0
153795155,Pattaya,0.0
153795340,Ema,0.0
153800828,Anne,1.0
153817493,Denny,0.0
153832461,Phillip And Dawn,1.0
153832629,Dilek,1.0
153853333,Helen,0.0
153855074,Parveen,0.0
153867319,Halie,1.0
153867905,Yolanda,0.0
153887243,Israel,0.0
153909397,Elena Central London Host,0.0
153910181,Emily,0.0
153910462,Shan,0.0
153972473,Ioana,0.0
154014120,Dasos,0.0
154014557,Feel Good,0.0
154042783,Roy,0.0
154056177,Sophie,1.0
154105455,Suz,0.0
154110530,Gioia,1.0
154131896,Nadia,1.0
154145856,Chris,0.0
154187365,Caroline,0.0
154198538,Elena,0.0
154251119,Beatrice,0.0
154290432,Nala,0.0
154299666,Paa Kojo,0.0
154338064,Wolani Housing Management Ltd,0.0
154347232,Kian,0.0
154359091,Mr Amir,0.0
154366257,Olle,1.0
154371846,Vicki,0.0
154373461,Duygu,0.0
154377186,Ampawan.Packky,0.0
154380678,Jackie,1.0
154380740,Tanya,0.0
154410258,Bốján,0.0
154415806,Lisa,0.0
154427993,Alison,0.0
154436835,Maya,0.0
154440543,Satinder,0.0
154445133,Marcelo,0.0
154463318,四小姐,0.0
154464863,Lukman,1.0
154494078,Emma,0.0
154508291,⁨Yulemi A.⁩,0.0
154508533,Eddie,0.0
154517750,Waewwan,1.0
154522311,Craig,0.0
154541329,Rick,0.0
154555136,Lily,0.0
154562903,Lindsay,0.0
154563248,Billy,0.0
154596796,Vignes,0.0
154606933,Alka,1.0
154615633,Hayley,0.0
154618936,Sydney Boutique,0.0
154630587,Morgan,0.0
154631519,Srirungroj,1.0
154640589,Toby,0.0
154673868,Lee,0.0
154717106,Celia,0.0
154760239,Max,0.0
154802495,Eden,0.0
154809854,Mabel,1.0
154810999,Jonathan,0.0
154813436,Tiny Away,1.0
154824342,Ana,0.0
154864601,Serena,0.0
154866695,Ola,0.0
154898367,David,0.0
154906414,Jat,0.0
154909168,Fortifiedsuit,0.0
154953782,Julia,1.0
154955327,Liping,0.0
154960116,Chihhao,1.0
154971198,Ije,0.0
154983076,Ian,1.0
155006761,Bruno,1.0
155008627,Jackie,1.0
155040936,Le Vanvarothai,0.0
155073772,Mel,1.0
155084011,Beth,0.0
155089180,Kenny,0.0
155099421,Varsha,0.0
155153973,Rajesh,0.0
155159437,Rilwan,0.0
155167127,Vi Nguyen,0.0
155172932,Zarina,0.0
155175445,Shammee,0.0
155185646,⁨ไพรศันย์⁩,0.0
155214644,Rebecca,1.0
155223677,Julia,0.0
155268280,Polly & Joe,1.0
155293614,Kenny,0.0
155300105,Sujita,1.0
155300890,Kunyarat,0.0
155335596,Georgiana,0.0
155348661,Tullaphat,1.0
155412104,Ben,0.0
155433148,Ricky,0.0
155482371,Basil,0.0
155489604,Aurelie,0.0
155509472,Ammara,0.0
155523904,Ivan,0.0
155543622,Rebecca,0.0
155548289,Jeanine,0.0
155557325,Varit,1.0
155584448,Julia,0.0
155603007,⁨รามฤทธิ์⁩,1.0
155621866,Warapol,0.0
155641230,Vito,1.0
155658468,Griffin,0.0
155696316,Jason,0.0
155715811,Chanon,1.0
155742548,Glen,0.0
155781123,Philippa,0.0
155822422,Viji,0.0
155830345,Anek,1.0
155869401,Orn,1.0
155893383,Rebecca,0.0
155901957,Bhavani,0.0
155953711,Laila Aafreen,0.0
155958586,Ewa,1.0
155994967,Boutique,0.0
156017892,Cathy,1.0
156037722,Julian,0.0
156049854,Sophie,0.0
156079025,Anthony,0.0
156080883,Olga,0.0
156088390,Joseph,0.0
156094093,Suzette,0.0
156105641,Jade,0.0
156126428,Annie,0.0
156130147,Pat,1.0
156143087,Cozy Escapes,0.0
156152851,Carey,1.0
156156031,Prach,1.0
156158219,Letícia,0.0
156158778,Onefinestay,1.0
156165493,Jennifer,1.0
156166984,H L Homes,0.0
156188267,Elizabeth,1.0
156237405,Roselyn,0.0
156261377,Intuon,1.0
156265292,Patti,1.0
156292697,Maria Monica,0.0
156308597,Emily,0.0
156317423,Geoff,0.0
156374063,Debal,0.0
156386722,Francoise,1.0
156416400,Lawrence,0.0
156417856,Ulanah,0.0
156431572,Nush,0.0
156453896,Annette,1.0
156470051,Anne,1.0
156473714,Temi,0.0
156483842,Andrew,1.0
156492440,Nicholas,0.0
156506040,Renae,1.0
156506707,Theerapon,0.0
156509647,Francisco,0.0
156577881,Wreford,0.0
156601211,Jonathon,0.0
156631645,Lois,1.0
156662905,Bernd,0.0
156672675,Louis,0.0
156687811,Julia,0.0
156693122,Rosalind,1.0
156695287,Sue,1.0
156741934,Sara,1.0
156743346,Karine,0.0
156743874,Jennifer Andrea,0.0
156749403,Jess,1.0
156754512,Bao,0.0
156757155,Seyi,0.0
156774677,Andrea,0.0
156777193,K,1.0
156778670,Juliana,1.0
156796873,Youcef,1.0
156856936,Anit,0.0
156857892,Vania,1.0
156866159,Nunthawan,0.0
156870929,Lucky,0.0
156876962,Shem,0.0
156880433,Jill,0.0
156885501,Nat,0.0
156885627,Birlle,0.0
156900226,Asmai,0.0
156904677,Golden,0.0
156922294,Laila,0.0
156943652,Maria-Ruxandra,1.0
156944370,Francis,1.0
156969145,Brian,0.0
156978191,Anne,1.0
156978882,Luca,1.0
156985719,Silvana,0.0
156987065,Holly,0.0
157028660,Piyapat,1.0
157033807,Lynah,0.0
157043025,Jennifer,0.0
157044844,Mario,1.0
157051445,Shakthi,1.0
157052041,Ekaterina,0.0
157056065,Ursula,1.0
157058602,Henry,0.0
157122348,Ellen,0.0
157162885,Raihan,0.0
157170153,Yue,0.0
157238830,Gaby,0.0
157262099,Kathy,0.0
157295299,Amanda,0.0
157297119,Karen,0.0
157300321,Farhana,0.0
157301723,Jinyu,1.0
157316984,Raghida,0.0
157323963,David,0.0
157331698,Ann,0.0
157334517,David,0.0
157361723,Aminur,0.0
157365152,Helen,1.0
157380368,Pariyachat,1.0
157390628,Mary,0.0
157415291,Bartosz,0.0
157451766,Keri,0.0
157459351,Maris,1.0
157477217,Sam,0.0
157486313,Mohammed Shafi,0.0
157493978,Judith,0.0
157519009,PPMStayLondon,0.0
157526229,Shillah,0.0
157536347,Robert,0.0
157560844,Sam,0.0
157562655,Sue & Rachael,1.0
157564572,Paul,0.0
157608922,Amy,0.0
157610816,Amanda Rachel,1.0
157611165,Manuela,0.0
157612607,Van,0.0
157613451,Pamela,0.0
157629310,Eric,0.0
157668746,Taneeja,1.0
157690115,Gustavo,0.0
157711504,Julie,0.0
157714185,สุวรรณา,0.0
157718981,Gary,0.0
157727640,Suman,0.0
157740170,Sharleen,0.0
157740928,Residential Homes,0.0
157759941,Nana,0.0
157775925,Abubaker,0.0
157781535,Daniel,1.0
157804575,Chang,0.0
157807920,Haven,0.0
157821795,Nene,0.0
157831522,Helene,0.0
157849098,Michael,1.0
157871571,Marian,0.0
157886529,Veronica,0.0
157904572,Katie,0.0
157909669,Antonella,0.0
157943271,Jenny,0.0
157946605,Elizabeth,0.0
157954735,Menina,0.0
157956192,Pierre,1.0
157961376,Francesca,0.0
157964430,Allan & Paola,1.0
157970622,Krystyna,0.0
157971603,Sandra,0.0
157996846,Levo,0.0
158001861,Laurens,0.0
158016778,Gillian,1.0
158017465,Hayley,0.0
158017760,Shirley,0.0
158027150,Justin,1.0
158041975,Daniel,1.0
158042693,Cecilia Bonefacic,0.0
158045902,Esther,0.0
158105565,Gabrielle,0.0
158130254,Jariya,0.0
158147770,Christine,0.0
158167017,Felister,0.0
158177609,Natalia,0.0
158195872,Parth,0.0
158211594,Simone,0.0
158211832,Armie,1.0
158226160,Dee,0.0
158244698,Shayanna,0.0
158270388,Ann,0.0
158270981,Mohammad Touhidul Islam,0.0
158285223,Sally,0.0
158286631,Vince,1.0
158289019,Duangjit,0.0
158305362,Georgia,0.0
158338889,Simon And Georgia,0.0
158405760,Kitty,1.0
158454005,Kylie,0.0
158458220,Teni,0.0
158478514,Eli,0.0
158492546,Megan,1.0
158511637,Chiara,0.0
158518111,Mukaddes,0.0
158522881,Reservations Team,0.0
158537904,Nathan,0.0
158545122,Pailin,1.0
158551380,Liz,1.0
158607714,Ufuk,0.0
158654054,Erica,0.0
158678827,Nick,0.0
158682198,Miley,1.0
158714610,Cristian,0.0
158724254,Meron,0.0
158726532,Eneyi,1.0
158801728,Jenny,1.0
158809093,Freya,1.0
158824722,Clementine,0.0
158830147,伟权,1.0
158837024,James,0.0
158856956,Dane,1.0
158870620,Joseph,0.0
158870915,Emma,0.0
158872444,Toan,0.0
158876392,Chanel,0.0
158892947,Oliver,1.0
158914357,Nguyen,0.0
158929430,Napat,1.0
158932166,Anastassiya,0.0
158939844,Josh,0.0
158942182,Andreas,0.0
158949899,⁨สิทธิศักดิ์⁩,0.0
158979985,Tasleema,1.0
159025662,Megan,1.0
159045564,Christophe,0.0
159052610,Wanchalerm,0.0
159075400,Apple,0.0
159096578,William,0.0
159127099,Patricia,0.0
159127527,Roma,0.0
159129799,Ling,0.0
159136561,Parsa,0.0
159159096,Rachel,1.0
159170825,Frank Xu,1.0
159174738,Kumar,1.0
159181891,Samara,0.0
159200174,Vishal,0.0
159200775,Mancia,1.0
159203878,Naj,0.0
159224653,Rayana,0.0
159245838,Damian,1.0
159273937,Carlsson,0.0
159345774,Theo And Donna,0.0
159353425,Adrian,1.0
159388149,John,0.0
159412425,Sunny,0.0
159420966,Rajasit,1.0
159425749,Ranko,1.0
159442402,Ami,0.0
159464826,Daniela Sevilla Bulnes,0.0
159466638,Ahmed,0.0
159484349,Nicola G,1.0
159505385,Mira,1.0
159527736,Lily,0.0
159533816,Mitch,0.0
159534343,Donna,1.0
159550383,Natasha,1.0
159561757,M,0.0
159584350,Adam,0.0
159589483,Mark,0.0
159628123,Esther,0.0
159681846,Sh,0.0
159687743,Rose And Yvette,0.0
159688299,Daniel,0.0
159706843,Sydney Dreams,0.0
159731099,Raphael,1.0
159755814,Jack,1.0
159769274,Tom,1.0
159771324,Matea,1.0
159848121,Julie,0.0
159855464,Joshua,1.0
159871174,Madu,0.0
159896045,Khun Mon,0.0
159901269,Winyoo,0.0
159930595,Bec,1.0
159947125,Chantelle Sue-Sye-Ling,0.0
159951205,Remi - DE LUSH,1.0
159956399,Santy,1.0
159968185,Ronnie,0.0
159979934,Tom,0.0
159980768,Wayne,0.0
160010014,Xiaomei,0.0
160029350,Panya,0.0
160030852,Jack,0.0
160036824,Aziz Hasan,0.0
160050089,Michael,0.0
160068470,Harish,0.0
160079136,Ratchawee,0.0
160081272,Richard,0.0
160090869,Maria,1.0
160096724,Abraham,0.0
160118092,Francesca,1.0
160160344,Victoria,1.0
160180844,⁨Haus109⁩,1.0
160181604,Dan,0.0
160214026,Wesley,0.0
160233543,Felipe Hernan,0.0
160276572,Ola,1.0
160285307,Peam,1.0
160328268,Devian,0.0
160339758,Ayesha,0.0
160344359,Audrey,0.0
160357529,Karleigh,0.0
160358011,Myli,0.0
160360555,Gladman,0.0
160384113,EarnEarng,0.0
160398875,Dave,0.0
160415092,Kenny,0.0
160415625,Blaire,0.0
160428518,Hermeet,0.0
160442809,Ledina,1.0
160475189,Bella,1.0
160479596,Gonzalo,0.0
160493580,Rupal,0.0
160500893,Nichaporn,0.0
160549030,Sydney,1.0
160550363,Julie,0.0
160555352,Smith,0.0
160570104,Pettia Lola,0.0
160586136,Guillaume,1.0
160590502,Yonas,0.0
160631236,Matthew,1.0
160650967,Dan,0.0
160665729,Thanatchkan,0.0
160693298,Amorn,1.0
160730083,Abraham,0.0
160752771,Kim,0.0
160844163,Supranee,0.0
160864075,Richard,0.0
160882838,Uthaiwan,1.0
160908632,Mark,1.0
160914285,Felicia,0.0
160992572,Aisha,0.0
161018623,Alexandra,1.0
161023304,Reza,0.0
161025359,Real Esteem Accommodation,0.0
161036663,Adetola,0.0
161055082,Diana,1.0
161070164,Cherie,0.0
161088889,Jovica Aleksandar,1.0
161129058,Charlotte,0.0
161174401,Zewe,1.0
161188877,Threephan,0.0
161198186,Sufi,0.0
161208904,Rebecca,0.0
161227583,玉,0.0
161240547,Loic,1.0
161257326,Vincent,0.0
161264871,Young,1.0
161276407,Olushola,1.0
161317806,Pensee,0.0
161323594,David,0.0
161325378,Natalie,0.0
161342142,Michaell,0.0
161353299,Heather,0.0
161363821,Joe,0.0
161381657,Peter,0.0
161477143,Jamie,0.0
161482089,Sayidul,0.0
161538903,Sonia,1.0
161553371,Paul,0.0
161559407,Vera,0.0
161562888,Julia,1.0
161565794,เกศริน,0.0
161569110,Kwanluck,1.0
161588681,Simona,1.0
161606170,Kevin,0.0
161614001,Vittoria,0.0
161641416,Tom,1.0
161675930,Semhar,0.0
161676430,Sydneysunday,1.0
161682251,Yogita,0.0
161697892,J&T,0.0
161718731,Jean-Pierre,0.0
161721734,Mas Natalie Sherine,0.0
161756588,Imran,0.0
161761593,Calvin,0.0
161788020,Bianca,1.0
161794539,Law,0.0
161873197,Leah,0.0
161907697,Kae,0.0
161917978,Yazmin,0.0
161919115,Henrietta,1.0
161921001,Mercia,1.0
161964967,Nicola,0.0
161998934,Ali,0.0
162013531,Anh,0.0
162044864,Saovanee,1.0
162047813,Paul,1.0
162062489,Chawakorn,0.0
162076078,Rachita,0.0
162076348,Dionne,1.0
162088219,Tanzin,0.0
162098786,Jade,0.0
162125466,⁨Marie-Rose (Pronounced Mari-Rose)⁩,0.0
162135655,Frances,1.0
162188124,Mery,0.0
162217394,Crystal,0.0
162291634,Akgun,0.0
162293529,Paul,0.0
162295696,Yogesh,0.0
162335450,Kim,0.0
162374467,Hulya,1.0
162461481,Parsa,0.0
162481712,Mike,0.0
162498665,Nakul,0.0
162499014,Angela,1.0
162503659,John,0.0
162508388,Laura,0.0
162523434,Tailored Stay,0.0
162537040,Songnya,0.0
162537173,Tom,0.0
162541225,Tope,1.0
162551355,Chris,0.0
162567459,Lulu,0.0
162606254,Jia Min,0.0
162610262,Oluwafunso,0.0
162641684,Vivek,0.0
162660549,Ella Jade,0.0
162685983,Simone,1.0
162697098,Thomas,1.0
162722758,Dominica,0.0
162777240,Daniel,1.0
162790998,Hind,0.0
162927131,Jocelyn,1.0
162941958,Luxury Afloat Houseboats,0.0
162964657,Emilie,0.0
162986049,Ayshe,0.0
163031075,Nicos,0.0
163084638,Claude And Wendy,1.0
163113803,Ken,1.0
163133835,Danny,0.0
163134227,Adam John,0.0
163135319,Aleksandra,0.0
163135787,Samuel,0.0
163146681,Al Fayad,0.0
163183885,Geunyoung,0.0
163201830,Comfort,0.0
163203830,Abbhirami,0.0
163229583,Khin,0.0
163230286,Brian,0.0
163254059,Georgia,1.0
163271847,Amrit,1.0
163279948,Ern,0.0
163282058,Faen,0.0
163337865,Alison,0.0
163347697,Carla,1.0
163365821,Phoebe,0.0
163389090,Namita,1.0
163409980,Natalie,0.0
163414402,Mike,0.0
163426762,Ayush,0.0
163452163,Shani,0.0
163455861,Alejandro Antonio,0.0
163483473,Sibel,0.0
163496796,Maryum,1.0
163503499,R&A Residences,1.0
163512475,Murphy,0.0
163514932,Praya Palazzo,0.0
163517448,Renu,0.0
163545528,Papawee,0.0
163553018,Patience,0.0
163557146,Sarah,0.0
163565012,Sarah,0.0
163583852,Andreas & Kozan,1.0
163663379,Chang,0.0
163666873,Will,0.0
163680726,Supranee,0.0
163685667,Paolo,1.0
163722534,Oliver,0.0
163803409,Olivia,1.0
163838513,Simone,1.0
163854590,Mehnuba,0.0
163909696,Wut,0.0
163979961,Sleep Master,0.0
164044961,Natcha,0.0
164047513,James,0.0
164088424,Bo,1.0
164118793,Christtanit,0.0
164135839,Luis,0.0
164141289,Zeeshan,0.0
164212619,Benjamin,1.0
164232957,Rocio,0.0
164238791,Pete,0.0
164251437,Mia,0.0
164257223,Drew,0.0
164267972,Calum,0.0
164278044,Patrasc,0.0
164289510,Thiago,0.0
164299614,Joseph,1.0
164301404,Tamsin,0.0
164305286,Natalie,1.0
164328743,Furkan,0.0
164331757,Nith,1.0
164335792,Raj,0.0
164349481,Mary,1.0
164367824,Melody,0.0
164373706,Nipon,0.0
164387328,Pattawan,1.0
164391680,Charles,0.0
164412698,Natchar,0.0
164414378,Happy,0.0
164423661,Joshua,0.0
164427701,Siavosh,0.0
164428534,Nimarta,0.0
164430697,Kristina,0.0
164443264,Panos,0.0
164510934,Karim,0.0
164522395,Maria,0.0
164523892,Bethel,0.0
164560603,Triple B,1.0
164565576,Nicole,0.0
164607171,Laura,1.0
164667801,Boom,0.0
164679982,Ola,1.0
164710083,Serge,0.0
164753273,Merisha,0.0
164771249,Melia White House,0.0
164775269,Paola,0.0
164793111,Romina,0.0
164803300,Anthony,0.0
164819038,Best Of London,0.0
164834039,Vikas,0.0
164896775,Weibiao,1.0
164917537,Yelena,1.0
164918801,Luke,0.0
164922674,Young,0.0
164938642,Marty,0.0
164945379,Sharon,1.0
164960288,Ifeanyi Kenneth,0.0
165024942,Weiwei,0.0
165029651,Shayna,0.0
165094459,John,0.0
165120236,Jams,1.0
165122633,Charlotte,0.0
165133571,Caroline,1.0
165140060,Jam,0.0
165153806,Cassandra,0.0
165163633,Annabel,0.0
165165683,Nana.C,0.0
165171744,Jaewon,0.0
165179375,Vartika,0.0
165191533,John,0.0
165213926,⁨Ann K.⁩,1.0
165242859,Sinta,1.0
165302960,Richy Neko,1.0
165325381,Sophia,0.0
165332584,Cherry,0.0
165339335,Bruce,1.0
165351569,Praew,0.0
165382512,Aders,0.0
165396231,Jocelle,0.0
165405266,Josh,0.0
165424967,Henriett,0.0
165429045,The Stage Door Pub & Kitchen,1.0
165477772,Tawat,0.0
165537614,Francesca,1.0
165555973,Mei,1.0
165560815,Esther,0.0
165580534,Miho,0.0
165586175,Justin,0.0
165597736,Zeyana,0.0
165600031,Alina,0.0
165607105,Charlie,0.0
165628058,Peace,0.0
165664292,Dor,0.0
165665413,Yvonne,0.0
165675868,Venus,0.0
165682833,Nick At Keoma,1.0
165699981,Vattana,0.0
165715198,Robert,1.0
165726306,育禎,0.0
165731199,Rashmi,1.0
165740717,Lesley,0.0
165753212,Marina,0.0
165762382,Daniel,1.0
165768278,Zvi,0.0
165770980,Akarin,0.0
165794959,Munkhtuul,0.0
165814945,Dutsada,0.0
165853917,Fatima,1.0
165871172,Tamsin,0.0
165881058,Aimee,0.0
165882817,Max,0.0
165938130,Athaporn,1.0
165939156,Nancy,0.0
165961495,Rosamond,0.0
165962627,Jay,0.0
165963357,Prim,1.0
165965988,Pumpim,1.0
165973803,James,0.0
165997904,Aska,1.0
165998056,Vera Solange,0.0
166024081,Emily,0.0
166039475,Hussain,0.0
166040468,Yusuf,1.0
166042794,Penelope,1.0
166061861,Anna,1.0
166062706,Mitra,0.0
166083641,Steve,1.0
166107014,Ivan,1.0
166142242,Lihhaan,0.0
166144871,Geo,0.0
166145369,Christian,1.0
166148063,Arjun,1.0
166313227,Elton,0.0
166376905,Louise,0.0
166381604,Nabeel,0.0
166404314,Ray D London Central Properties,0.0
166409963,Natalie,0.0
166478984,Rathporn,0.0
166516719,Harriet,1.0
166518895,Alice,0.0
166529954,Anita,0.0
166534114,Alice,0.0
166553338,Hina,0.0
166559468,Jane,0.0
166561553,Burt,0.0
166587820,Jacklyn,0.0
166601243,Zara,1.0
166625479,Blintin,0.0
166636061,Malcolm,0.0
166645291,Ivan,1.0
166710960,Emily,0.0
166716616,Dani,0.0
166734583,Mary,0.0
166737952,Bilal,0.0
166737997,Martina,0.0
166765131,Natalia,0.0
166811105,William,0.0
166812579,Nikolaos,0.0
166815260,Prime View,0.0
166824435,Debbie,0.0
166839734,Sid,0.0
166854907,Julie,0.0
166863559,Annabelle,0.0
166888767,Joel,1.0
166891483,Breanna,0.0
166896077,Corina,0.0
166968845,Cordelia,0.0
167012625,Nina,0.0
167017921,Larisa,0.0
167058428,Charles,1.0
167060991,Sarah,0.0
167072223,Mitchell,0.0
167087098,Deborah,0.0
167089169,Temitope,0.0
167119845,Thanaporn,0.0
167139945,Sharon,0.0
167148326,Eugene,0.0
167185399,Fouberts Hotel,0.0
167206295,Greta,0.0
167240283,Michael,0.0
167254311,Jack,0.0
167345716,Martin,0.0
167398848,Danny,0.0
167425257,Jamaine,0.0
167493885,Marshall,0.0
167498543,Tai,0.0
167518855,Sarah,0.0
167523808,Phyllis,0.0
167537603,Amy,0.0
167547142,Tony Singh,1.0
167553136,Matthew,0.0
167589207,Jenni,1.0
167595065,Ipek,1.0
167604439,Humayun,1.0
167633343,Panida,1.0
167662130,Bettina,1.0
167669300,Gabrielle,0.0
167675530,Thomas,0.0
167675917,Ana,0.0
167686525,Michelle,0.0
167689013,Lily,1.0
167697737,Vanesa,0.0
167722847,Habon,0.0
167878872,Anna,0.0
167884452,Hollie,0.0
167890579,Jose,0.0
167894229,Michael,0.0
167896916,Mr&Mrs,0.0
167898466,Nancy,1.0
167918438,Charlotte,0.0
167922924,Snowy,0.0
167935515,Bukky,0.0
167964913,Karin,0.0
167978858,Amandine,0.0
167982540,Wonder View Stays,0.0
167989224,Axenia,1.0
167991978,Ali,0.0
167995683,Elena,0.0
168007919,Layla,0.0
168012219,Henry,0.0
168069228,Tina,1.0
168123324,Jamie,0.0
168145536,Charles,0.0
168175212,Jane,1.0
168211873,Josh,0.0
168239099,Michelle,1.0
168249516,Saovarat,0.0
168255103,Piraya,1.0
168262021,Jeff,0.0
168272157,Christopher,0.0
168296187,Mary-Rose,1.0
168296347,Charlotte,0.0
168373035,Colm,0.0
168380149,Dhimitër,0.0
168421567,Lek,1.0
168424077,Lucia,1.0
168465342,Vamsi,0.0
168475163,Chayanisa,0.0
168484740,Qamar,0.0
168493675,Daniel,0.0
168509657,Parsa,0.0
168534488,Vira,0.0
168541768,Jay,0.0
168572318,Martha,0.0
168594106,Carlos,0.0
168606573,Maria,0.0
168612273,Evelyn,0.0
168617061,Evan,1.0
168622321,Noemie,0.0
168680284,Igor,0.0
168682865,Pon,0.0
168683500,Ryan,0.0
168688956,Poppy,0.0
168699679,Lukas,0.0
168709604,Kelsie,0.0
168711668,Naiyana,0.0
168738234,Sophie,0.0
168739602,Antoinette,0.0
168763680,Karon,1.0
168787990,Helen,0.0
168828748,Charasa,1.0
168828940,Björn,0.0
168835220,⁨Cartoon R.⁩,0.0
168839085,Garry,0.0
168840533,Rosemary And Mario,1.0
168850214,Olga,0.0
168861732,Rousell,0.0
168867660,Derek,1.0
168877985,Sabrina,1.0
168891486,Mr Right,0.0
168895124,Carole,0.0
168900215,Giovanni,0.0
168947730,Manju,0.0
168962824,Dave,1.0
168963951,Valentina,1.0
168986241,Lucy,0.0
169012739,Peter,0.0
169022223,Nadia,0.0
169080699,Gamu,0.0
169083950,Jacqueline,0.0
169139248,Jaharul,1.0
169180244,Agata,0.0
169222725,Chate,0.0
169224506,Annelie,0.0
169243136,Mehdi,0.0
169246052,Jamie,1.0
169293135,Kim,0.0
169303338,Worapong,1.0
169339652,Kaamilah Emoshiogwe,0.0
169348522,Claire,0.0
169352372,Zahra,0.0
169355781,Lucas,0.0
169358007,Aynur,1.0
169365789,Elizabeth,0.0
169374293,Kobe,0.0
169407095,Asia,0.0
169450955,Udo,0.0
169469675,Arif,1.0
169477002,Yulia,0.0
169488254,Sasi,0.0
169550710,West London Estates,0.0
169575570,Albert,1.0
169588940,Woods And Gray Property Services,0.0
169636404,Adrian,1.0
169649296,Mina,0.0
169663181,Miaomiao,0.0
169667929,Nathan,1.0
169698691,Chris,1.0
169706839,Brenda,0.0
169718640,Anna,1.0
169758319,Sk,1.0
169795871,Charlotte,0.0
169808376,Aruna,0.0
169826344,Freda,1.0
169826350,Sally,0.0
169827853,Jonathan,1.0
169830053,Lottie,0.0
169830928,Teerapat,1.0
169848354,Chamaiporn,0.0
169932998,Siva,0.0
169936256,Onganan,0.0
170007735,Miranda,1.0
170042428,Patrycja,0.0
170048652,Ruznara,0.0
170102524,Yunus,0.0
170110669,Ken,0.0
170112805,Dihonatan Pedro,0.0
170165143,Isira,0.0
170172035,Lily,1.0
170196927,Janice,0.0
170270115,Money,0.0
170276323,Birgit,1.0
170302168,Katrina,1.0
170334560,Alvaro,1.0
170361253,Rachel,0.0
170392809,Josh,0.0
170406333,Liane,1.0
170408472,Julia,0.0
170409771,Sandra Elena De,1.0
170419530,Lola,1.0
170432116,Sharna,0.0
170460794,V&G,1.0
170508791,Sandra,0.0
170510526,Alison,1.0
170514562,Nott,0.0
170529146,Ellen,1.0
170532676,Sony Bkk,0.0
170568529,Sheldon,1.0
170574370,Alex,0.0
170639031,Angie,0.0
170705094,Luke,1.0
170723145,Ross,0.0
170795948,Ellie,1.0
170801047,Benjamard,0.0
170818535,Nick,1.0
170858384,Nachaphat,0.0
170889064,Kingsley,0.0
170893306,Xuan,0.0
170985218,Phillip,0.0
171005579,Shine,0.0
171008695,Marcela,0.0
171082266,Fabio,0.0
171082741,Wiset,0.0
171085961,Maria Jesus,1.0
171183191,Ben,0.0
171252740,Biba,0.0
171252861,Siam Nitra,1.0
171268819,Nut Vithai,0.0
171293619,Harun,0.0
171300344,Josie,0.0
171317740,Miranda,1.0
171386472,Tooktek,0.0
171399293,Antonett,0.0
171417404,Laura,0.0
171429817,พิริยะ,0.0
171468763,Jasmine,0.0
171470869,Ana,0.0
171471496,Nduka,1.0
171519940,Joan,0.0
171527822,Nati,1.0
171538679,Leah,1.0
171548881,Pud,0.0
171566805,Tezar,0.0
171584500,Jason,1.0
171603843,Arisudan Gopal,0.0
171612659,Maria,0.0
171652497,Suzannah,0.0
171663974,Aldo,0.0
171670495,Nicola,1.0
171682869,Abhinav,0.0
171713975,Robyn,1.0
171717553,Thomas,0.0
171718097,Nay Phu,1.0
171737868,Sarah,0.0
171751466,Elisa,0.0
171756204,Simone,0.0
171767051,Jahaziel,0.0
171767717,Anm,0.0
171798338,Lanre,0.0
171805642,Rina,0.0
171891966,Helen,1.0
171928650,Biljana,1.0
171946350,Amy,0.0
171962167,Libby,0.0
171998671,Silvana,0.0
172004369,Dermot,0.0
172015999,Anna,0.0
172022828,Grace,0.0
172046242,Freddie,0.0
172140241,Nazir,0.0
172140362,Kesaav,0.0
172161408,Anita & Keeli,0.0
172166617,Sarah,0.0
172175529,Pandy,0.0
172180660,Julie,1.0
172210506,Jess,0.0
172233066,Hannah,0.0
172290581,R,0.0
172294865,Glenn,0.0
172301343,Wittaya,1.0
172367714,Isabella,0.0
172417365,Pawan,0.0
172430090,ElevateX,0.0
172457906,Aeria Apartments,0.0
172465836,Lalida,1.0
172466028,Vicki-Ann,0.0
172470618,Sea You Seaside,0.0
172478955,Nat,0.0
172480954,Bill,0.0
172552733,Rubén,0.0
172569791,Paul,1.0
172585788,Anne,0.0
172589126,Talakkia,0.0
172591074,KeyStay,1.0
172593541,Genete,0.0
172612519,Felix,1.0
172648313,Thonglor,1.0
172698401,Federica,0.0
172743601,Bondi Beach House,0.0
172754275,Chinwai,1.0
172757171,Patcharee,0.0
172807499,Mp,1.0
172820753,Alice,1.0
172962088,Jona,0.0
172965516,Michael Umar,0.0
172983755,Jitendra,0.0
172988544,Miguel,0.0
173017135,Tatyana,0.0
173039985,⁨นที⁩,0.0
173040952,Danny,0.0
173048597,อมิตา,0.0
173058476,Valmor,0.0
173080623,Andrew,0.0
173087733,Sam,0.0
173117658,Bree,0.0
173138878,Peter,1.0
173149590,Benjamin,0.0
173164527,Brad & Vicki,1.0
173181530,Ramin,0.0
173198739,Helen,1.0
173213225,Prem,0.0
173219988,Marina,0.0
173242642,Jason,0.0
173263432,Susan,1.0
173284172,Amy,0.0
173308064,Mayfair,0.0
173343476,James,0.0
173349240,Meredith,0.0
173370300,Mohsen,0.0
173403337,Alberto,0.0
173427040,Adegboyega,0.0
173460145,Yingg,1.0
173467891,Jasmine,0.0
173474975,Esinam,0.0
173500136,Dolores,1.0
173519750,Elly,0.0
173541248,Caroline And Pradeep,1.0
173553875,John,0.0
173566547,Pete,0.0
173597990,Jirasuda,0.0
173623223,Emmanuel,0.0
173627310,Srdjan,0.0
173716381,Fiona,0.0
173720379,Andrea,0.0
173760794,Mimi,1.0
173777441,Hanna,0.0
173856474,Amgad,0.0
173881840,Stephane,1.0
173902042,Visarut,0.0
174002342,John And Chanaz,0.0
174052553,Kathleen,1.0
174053559,Ben,1.0
174092760,Oliver,0.0
174102234,Susan,0.0
174102427,Bowen,0.0
174124256,Kate,0.0
174135687,Heeton Concept Hotel,0.0
174149181,Wilson,0.0
174157147,Luke,0.0
174162380,Linda,0.0
174174725,Elizabeth,1.0
174221244,⁨ชนนิกานต์⁩,0.0
174224381,ปลายฟ้า,0.0
174234692,Chris,0.0
174267805,ทัดชัย,0.0
174307905,Luxico,0.0
174326928,Billy,0.0
174332662,Alexandra,0.0
174335362,Kriangsak,0.0
174364583,Alice,0.0
174402889,Olivia,0.0
174428920,Michael,0.0
174451216,Jade,0.0
174478213,Marika,0.0
174543234,Nadia,0.0
174582516,Sahar,0.0
174595774,Najmeh,0.0
174609103,Anna,1.0
174631889,Siobhan,0.0
174673272,⁨ปริยะวดี⁩,0.0
174706825,Hadi,0.0
174706944,Ishan,0.0
174708441,Hana,0.0
174846882,All Day Hostel,0.0
174863507,Abdur,1.0
174865167,Rizwan,0.0
174900927,Cleo,0.0
174954667,Sara,0.0
174966811,Eoin,0.0
174971548,Emma,0.0
174982868,Marina,0.0
175028433,Hedi Gleice,0.0
175040605,Mary,0.0
175065620,Gee,0.0
175076668,Lucas,0.0
175082567,Eric Omar,0.0
175139937,Ian,0.0
175163507,Marie Gibson,0.0
175218752,Kate,0.0
175222658,Guru,0.0
175240460,Dyson,0.0
175274807,Lydia Jennifer,0.0
175299611,Víctor,0.0
175331657,Nigel,0.0
175340434,Farhan,0.0
175441965,Maryam,1.0
175523529,Mira,0.0
175624069,Meng TG,0.0
175645413,Rahmat,0.0
175653413,Sabina,0.0
175669932,Angela,0.0
175703790,Darren,1.0
175735938,Ali,0.0
175756122,Sahil,0.0
175759644,Minnie,0.0
175786510,Chu,0.0
175826159,Nader,0.0
175881394,Monica,1.0
175910095,Audra,1.0
175922672,Nicoletta,0.0
175922884,Timothy,0.0
175970633,Stuart,0.0
175973864,Ashaly,0.0
176018984,Tom,0.0
176068796,Dawn,0.0
176072880,Sz,0.0
176087226,Ricky,0.0
176114246,Kae,0.0
176155327,苦行僧/Kuxingseng,1.0
176156899,Jeanine,1.0
176166895,Ken,0.0
176178171,Philip,0.0
176190199,Kian,0.0
176197467,Mia,0.0
176252282,Andrea,0.0
176323831,Morg,0.0
176325036,Ivana,1.0
176339998,Gobind,1.0
176355670,Lijun,1.0
176362215,Arnon,1.0
176369415,Lisa,0.0
176371741,Karen,1.0
176388010,Albert,0.0
176393581,Bronwyn,0.0
176431794,Laura,1.0
176474464,Saro,0.0
176495929,Molly,0.0
176502837,Nestly Stay,0.0
176513629,Naiyana,1.0
176548825,Happy,0.0
176624925,Tayla,0.0
176632185,Phil,0.0
176656078,Tina,0.0
176671317,Patricia,0.0
176686914,Bon,0.0
176702730,Minh,0.0
176710200,Monica,0.0
176736772,Xude,0.0
176745752,Bader,1.0
176765437,Blfoooz,0.0
176766244,Sara,1.0
176795569,Suporn,1.0
176798057,Zeynep Merve,1.0
176839411,Rosie,0.0
176891234,Ekaterina,0.0
176894194,Wutakara,0.0
176904933,Anna,0.0
176905051,Jane,0.0
176918561,Ankit,0.0
176985087,Daniel,0.0
177005288,Marianna,0.0
177014167,Felix,0.0
177080848,Wei Ren,0.0
177197954,Chanelle,0.0
177228475,Roger,0.0
177242287,Riis,0.0
177253820,Vaibhav,0.0
177290576,Trudy,1.0
177309704,Ramona,1.0
177326364,Lara,1.0
177364245,Sunny,0.0
177367602,Mawuli,0.0
177397805,Clifford,1.0
177476964,Ani,0.0
177483212,Midori,0.0
177484633,Jiaranai,0.0
177513726,Carol,0.0
177540559,Sarah,0.0
177541978,Francesca,0.0
177550432,Tom,1.0
177618814,Faris,0.0
177626793,Jutatip,0.0
177634714,Abrar,0.0
177638941,Israel,0.0
177670873,Beckie,0.0
177671999,Mike,0.0
177700583,Sabina,0.0
177708294,Miguel,0.0
177714873,Joan,0.0
177721917,John,0.0
177764872,Sunny,1.0
177796227,Your Home In London,0.0
177827494,Daniel,0.0
177889977,Katie,0.0
177900139,Usman,0.0
177947612,Bee,1.0
177969371,Lily,1.0
177979659,Yvonne,0.0
177980774,Tatiana,0.0
177994274,Michael,0.0
178015982,Lateef,0.0
178022571,Travelnest,1.0
178070921,Anthony,0.0
178149175,Bill,0.0
178157771,Saarah,0.0
178164637,Lawrence,0.0
178218232,Tarek,0.0
178263766,Kyla,1.0
178273408,Joseph,1.0
178350217,Nattarin,0.0
178352513,Megan,0.0
178353037,Bill,0.0
178366450,Sandeep,0.0
178393381,Nutariya,0.0
178476532,Georgina Alice,0.0
178488822,Joanna,0.0
178563492,Benz,0.0
178564839,Weeraya,0.0
178570132,Raquel,1.0
178620327,Aekasith,0.0
178685015,Claire,0.0
178703848,Sun,0.0
178733981,Chutipon,1.0
178780659,Fabiano,0.0
178783436,Matt,0.0
178785177,John,1.0
178797330,Xu,1.0
178798925,Antoon & Rebecca Hollants Van Loocke,1.0
178818417,Narongrit,0.0
178846375,Kwankamol,0.0
178863137,Isabelle,0.0
178863614,Faith,0.0
178903632,Nithiphat,1.0
178933804,Patterson,0.0
178944959,Jeanna,1.0
178954488,Barry,0.0
179014720,Nina,0.0
179044990,Feroze,0.0
179071674,Anu,1.0
179101089,Ashley,0.0
179142796,Laura,1.0
179150048,Agnieszka,0.0
179180392,Alex,1.0
179191467,Yvonne,0.0
179206170,Alizeh,0.0
179232848,Nea,0.0
179262691,Songsak,0.0
179273807,Ruby,1.0
179295136,Chieanchai,0.0
179298678,Kimberley,0.0
179301203,Rodrigo,0.0
179303594,Toby,1.0
179336488,Wind,1.0
179374437,Rachid,0.0
179385375,Nutchuda,0.0
179411533,Rob,0.0
179455345,Rebecca,1.0
179482028,Amara,0.0
179487329,Window,0.0
179633789,Mike,0.0
179634861,Archana,0.0
179650935,Mimi,0.0
179670674,A Sleep Thailand,0.0
179697139,John,1.0
179697805,Yamada,0.0
179716389,Chiswick Rooms,0.0
179735762,Den,0.0
179736769,Mini & Huss,1.0
179742607,Phil Martel,0.0
179743313,George,0.0
179884106,MadeComfy Australia,0.0
179891478,Susan,1.0
179929853,慧卿,0.0
179954466,Romeo,0.0
179979079,Rafa,1.0
180067393,Viyadarat,0.0
180089144,Marius,0.0
180149048,Mustapha,1.0
180151564,Emily,0.0
180198717,Michael,0.0
180217056,Oyetunji Isaac,0.0
180252124,Ayako,1.0
180266148,Andres,0.0
180277169,William,0.0
180305345,Matea,0.0
180323808,Julia,0.0
180362718,Joel,0.0
180414896,Bethwyn,1.0
180423005,Haifi,1.0
180473956,Abe,0.0
180496522,Huseyin,0.0
180519372,Claudia,0.0
180528532,Alexander,0.0
180544185,Marwa,0.0
180560677,Eb,0.0
180565914,Mamun,0.0
180591004,Ian,1.0
180626101,Maurizio,0.0
180640377,Perfect Hosts,0.0
180649941,Craig,0.0
180665650,Karl,0.0
180711653,Paul,0.0
180737339,Franklin,1.0
180741606,Norma,0.0
180755267,Sabi,0.0
180771480,Gvidas,0.0
180862806,Fernando,1.0
180872675,Tomas,0.0
180877477,Tamsin,0.0
180947237,Emilio,0.0
181021248,Melanie,1.0
181023575,Andrew & Sarah,0.0
181050374,Jamie,0.0
181055470,Ayara,0.0
181058008,Nathan,0.0
181102190,Matteo,0.0
181104848,Abi,0.0
181128500,Bethany,0.0
181167270,Nicola,1.0
181202426,Gemma,0.0
181212010,Theresia,0.0
181215227,⁨ไมค์กี้⁩,0.0
181234315,Roslyn,1.0
181251284,Pablo,0.0
181256434,Carlos,1.0
181256548,Muhammad,1.0
181257267,Saara,1.0
181266737,Billsong,0.0
181364380,Tak,0.0
181367333,Minkee,1.0
181378338,Ricky,0.0
181384625,Doug,0.0
181407865,Maximilian,0.0
181413878,Dmitri And Elena,1.0
181453003,Cédric,0.0
181466126,Feriba,1.0
181527412,Melissa McCoy,0.0
181539676,Mehedi,0.0
181606569,Jass,0.0
181615772,Live In Thai,1.0
181632685,Tannia,0.0
181645695,Jitsu,0.0
181653171,Dennis,0.0
181729307,Nattapon,0.0
181734623,Yaniksa,0.0
181754359,Lee,0.0
181762606,Sabine,1.0
181762718,Scott,0.0
181764944,Is-Sada,0.0
181797191,Linda,1.0
181845298,Avtar,0.0
181856646,Julian & Louise,1.0
181860766,Jess,1.0
181931374,Kriangsit,1.0
181935943,Avin,0.0
181937894,Kat,0.0
181939120,Hans-Georg,1.0
181947165,Jeffrey,0.0
181954746,Sorin,0.0
182021934,Renata,0.0
182062978,Sara,0.0
182095808,Lee,0.0
182110010,William,1.0
182173246,Phi Hung,0.0
182238718,Inga,1.0
182239654,Ayomide,0.0
182279282,Isabel,0.0
182349436,Klaris,0.0
182350421,Lynda,0.0
182358237,Rezma,0.0
182371699,Tash,0.0
182412216,Jason,1.0
182429051,Nancy Carolina,0.0
182456450,Deimante,0.0
182528642,Kamonchanok,0.0
182539387,Yao,0.0
182569573,Bonnie,0.0
182605646,Danielle,0.0
182652421,Adrian & Lucy,1.0
182704011,Lilly,0.0
182720898,Panupong,0.0
182732276,Maryum,1.0
182750653,Jay,0.0
182754811,Muyi,0.0
182811066,Somayeh,0.0
182828429,Zahra,1.0
182847332,Grace,0.0
182848774,Manoj,0.0
182886161,Mohammed,0.0
182892582,Katie,0.0
182925799,Jordan,0.0
182982932,Alicia,0.0
182997945,Maria,0.0
182999177,Laila,1.0
183028242,Sophie & Sonny,0.0
183038843,Maludej,0.0
183072651,Aminatta,1.0
183088797,Paul,0.0
183120012,Agnes,0.0
183123644,Deborah,1.0
183124678,Guillermo Federico,1.0
183128978,Maggie,0.0
183172751,Francesca,1.0
183228447,Evelyn,1.0
183255218,Aaron,1.0
183263190,Ömer Faruk,0.0
183278462,Justine,0.0
183287697,Siri,0.0
183321544,Angela,0.0
183332323,Naila,0.0
183376367,Sotiria,1.0
183377152,Alex,0.0
183412509,Ehtizaz,0.0
183428901,Susan,1.0
183442685,Adeola,0.0
183481400,Idris,0.0
183481539,Jaymin,0.0
183489604,Tamara,0.0
183509091,Petar,1.0
183533955,Palmy,0.0
183539438,Marlies,0.0
183539911,Efraim,0.0
183555189,Ana Luísa,1.0
183582711,Tyree,0.0
183590900,Sinead,0.0
183615542,Pornpol,0.0
183651468,Alis,0.0
183690852,Ala,0.0
183723113,Picadilly,0.0
183743871,August Wang,0.0
183784986,Marcus,1.0
183786929,Sarah,0.0
183814424,Akedanai,1.0
183853785,Mena,0.0
183854854,Rosie,0.0
183868326,Krzysztof,0.0
183876786,Antony,0.0
183879934,Samuel,0.0
183921210,First,1.0
183923938,Conor,0.0
183967854,A&K Rental,0.0
184000549,Witchukorn,1.0
184011645,Kevin,1.0
184039242,Sofia,0.0
184057890,Emma,0.0
184066577,Valentina,0.0
184077891,Lilian,1.0
184203534,Jose,1.0
184212125,Hilal,0.0
184240652,Princess Hotel,0.0
184240731,Richard,0.0
184245617,Hannah-Beth,0.0
184267432,Gim,1.0
184276781,Ari,0.0
184284283,William,0.0
184308271,Ben,0.0
184313351,Ann & Ian,1.0
184339795,Atikun,1.0
184361347,Sameeksha,1.0
184384807,Rohan & Eleanor,0.0
184402161,Aggie,0.0
184428499,Olguta,1.0
184454002,Charlotte,0.0
184456165,Susana,0.0
184460479,Gam Tissatheja,1.0
184470800,Navid,0.0
184526839,Maria,0.0
184537643,Shamp,1.0
184557824,Glenn,1.0
184585017,Su Hua,0.0
184613769,London Town,0.0
184672917,Ali,0.0
184700446,Sara,0.0
184761028,Aaron,0.0
184781712,Hassan Mohamed,0.0
184865292,Georgia,0.0
184878735,Thomas,0.0
184938482,Liubovi,0.0
184954770,Lavinia,0.0
184959057,T,1.0
184962068,Nina,0.0
184970638,Ormmie,0.0
184976690,Toyin,0.0
184998521,Astor Kensington,0.0
185036328,Jess,0.0
185079155,Leah,0.0
185080718,Lauren,0.0
185103603,Natnaree,0.0
185117127,Marlin Apartments,0.0
185122067,Front Desk On Eight Sukhumvit NaNa,0.0
185126628,Evan,0.0
185136138,Intukarn,1.0
185140568,Gabrielle,0.0
185142785,Sunisa,1.0
185157179,Jean,1.0
185168988,Francesca,1.0
185210568,Poppy,0.0
185220900,Emily,0.0
185276617,Marg,1.0
185324181,Stan,0.0
185382489,Elvira,0.0
185382571,John,0.0
185393153,Mia,1.0
185404919,Helen,1.0
185438150,Pittawat,0.0
185453794,Rebecca,0.0
185461535,Carlos,0.0
185462484,Valeria,0.0
185469238,Elena,0.0
185519758,Tom,1.0
185520161,Veronica,1.0
185538339,Max,0.0
185562230,Sirin,0.0
185602387,Palauem,0.0
185625991,Deepa,0.0
185636806,Lucy,1.0
185637582,Pk,0.0
185642570,Emer,0.0
185675389,Kathleen,0.0
185700639,Sunil,0.0
185704750,Gunther,0.0
185708566,Gemma,0.0
185721854,Zain,0.0
185723416,Melissa,0.0
185726027,AnuKa,0.0
185730954,Danian,1.0
185760101,Hanan Cher,0.0
185769400,Phatthira And Dashell,0.0
185783910,Annie,0.0
185787680,Carrie,0.0
185816031,Kenneth,1.0
185818975,Yolanda,0.0
185929783,Lizzie Lloyd,0.0
186015948,Katie,0.0
186018644,Emma,0.0
186046256,Sandie,1.0
186118451,Tim,1.0
186208436,Ugo,0.0
186226584,Chris,1.0
186234610,Santo,0.0
186236479,The One Tun Pub & Rooms,0.0
186239604,Ruwan,0.0
186281636,Christine,0.0
186287620,Emily,0.0
186315435,Faith,0.0
186325595,Ope,0.0
186326291,Tapan,0.0
186328562,Aysun,0.0
186381750,Pie,0.0
186409656,Vanessa,1.0
186526819,Raakhee,0.0
186575928,Agi,0.0
186605446,Beatrice,0.0
186618813,Lisa,0.0
186623691,Bojlul,0.0
186659392,Huang,0.0
186719507,Pirawatt,1.0
186755637,Tarik,1.0
186789533,Palladium Castle Property,0.0
186863344,David,1.0
186863351,Elishia,0.0
186870341,Monpruesa,0.0
186894124,Sarah,0.0
186966097,Kanika,0.0
186966634,Mehdi,0.0
186987059,Omar,1.0
186993016,Archy,0.0
186994534,Paul,0.0
187012639,Grace,0.0
187054080,Doreen,1.0
187059117,Auttapol,1.0
187079261,Amelia,1.0
187084793,Nazmul,0.0
187088347,Thaned,0.0
187088517,Myriam,0.0
187097531,Ecclestone Square,0.0
187121468,SC Stay Properties,0.0
187185481,Daniella,1.0
187198450,Henrietta,0.0
187202098,Chuanlong,0.0
187206812,Jj,0.0
187224858,Smith,1.0
187234062,Thivi,1.0
187237885,Nadine,0.0
187240453,Jas,0.0
187245300,Roshnee & Neven,0.0
187250612,Penelope,0.0
187263616,Noparat,1.0
187329303,Merve,0.0
187338457,Lynn,1.0
187343220,Jolisa,0.0
187349581,Martha,0.0
187352527,Michel,1.0
187407698,Ip,0.0
187409205,翔,1.0
187417738,Loren,0.0
187425583,Pintira,0.0
187471016,Yogen,1.0
187480872,Rent Asset Limited,0.0
187480896,Michelle,0.0
187521872,Leo,0.0
187535582,Shilpa,0.0
187577889,Emma,1.0
187581475,Richard,1.0
187609725,Pongsakorn,0.0
187638426,Boy,0.0
187640004,Laura,0.0
187663616,Oliver,0.0
187719063,Daniel,0.0
187755171,Chung Kam,0.0
187780299,青沐,1.0
187809049,Mandy,0.0
187894052,SiamStadium,1.0
187899170,Tiffany & Sean,1.0
187949292,Robert,0.0
187993052,Ingrid,1.0
188039915,Ash,1.0
188084539,Ashley,0.0
188092083,Leandro,0.0
188094740,Lucinda,1.0
188095668,Ahmed,0.0
188097056,Eva,0.0
188136574,The Properr Life,0.0
188189674,Will,1.0
188204287,Bruno,0.0
188222620,Rachna,0.0
188239327,Rada And Ink,0.0
188275069,Abigail,0.0
188283185,Zoe,0.0
188310192,Norm,0.0
188318882,Abul,0.0
188323545,Jooles,1.0
188325193,Aeh,0.0
188332446,Mario And Elena,1.0
188365313,Surapa,0.0
188418647,Jason,0.0
188428451,Brian,0.0
188440369,Jason,0.0
188452021,Ronnie,0.0
188453673,Thomas Christopher J,0.0
188484678,Peter,1.0
188488042,Kittipa,1.0
188491667,Lola,0.0
188498969,Denise,1.0
188515810,Alex,0.0
188523004,Sinéad,0.0
188535339,Natasha,0.0
188571930,Leor,1.0
188582447,Rory,0.0
188621490,Michelle,0.0
188623235,May,0.0
188644464,Joel,0.0
188646365,Sophia,0.0
188657842,Amanda,0.0
188704709,Kristoffer,0.0
188727061,John,1.0
188752149,Marzia,0.0
188799302,Nikki,1.0
188817426,Benjaphorn,0.0
188853473,Peter,0.0
188858400,Joop,1.0
188890746,Mia Regine,1.0
188922623,Nayara,1.0
188932569,Ezekiel,0.0
188934409,Karen,0.0
188971088,Samer,0.0
188987785,Kesh,1.0
188999458,Roy,1.0
188999690,James Michael E,0.0
189021000,Liza,1.0
189053635,Aziz,0.0
189107928,Jorge Alejandro,0.0
189112177,Craig,0.0
189116609,Ruby,1.0
189132309,Elizabeth,0.0
189142716,Newin,0.0
189147157,H,0.0
189151760,Joy,0.0
189152515,Gerry,0.0
189163794,Anneka,0.0
189187775,Muniza,0.0
189223544,Ali,0.0
189231931,Abisoye,1.0
189252323,Dror,0.0
189264133,Alejandra,1.0
189269005,Bill,0.0
189275166,Natcha,0.0
189355958,Michael,0.0
189378787,Peter,0.0
189403810,Ricardo,1.0
189437187,Hua,0.0
189459188,George,1.0
189472864,Kieran,0.0
189478054,Quratulain,0.0
189499552,Svetlana,1.0
189510835,Edward,0.0
189522610,Berker,0.0
189582019,Rutul,0.0
189582655,Erikas,0.0
189592067,Alarna,0.0
189592654,Vincenzo,1.0
189594617,Deivid,0.0
189656381,君,1.0
189682344,Roy,1.0
189703945,Arryzal,0.0
189703976,Bill,0.0
189714814,Shirley,0.0
189716248,Virginia,0.0
189764075,Hiikots,0.0
189782383,Brenda,1.0
189787355,Asmeret,1.0
189804401,Bob,0.0
189844977,Angela,0.0
189864779,Damien,0.0
189874459,Alvaro,1.0
189880542,Max,1.0
189885244,Alexander,0.0
189907093,Bermstone Keynest,0.0
189907177,Monika,1.0
189910390,John,1.0
189917501,Danielle,0.0
189966299,La Toya,0.0
189989086,Andres,0.0
189994584,Kieran,0.0
190051904,Samina,1.0
190051987,Gavino,0.0
190066905,Marlin Apartments,0.0
190070213,Kwan,0.0
190074995,Ana,0.0
190103523,Kay,1.0
190107092,Stephanie,1.0
190118578,Josephine,1.0
190125197,Daniel,0.0
190125323,Margaux,0.0
190140695,Imran,0.0
190160342,Gengis,1.0
190162930,Pristine,0.0
190184541,Phueng,1.0
190215858,Phitchayaporn,0.0
190221627,Elaine,0.0
190236925,Emma,0.0
190242425,Phim,1.0
190248858,Michael,0.0
190280557,Kris,1.0
190325969,Aygun,0.0
190352806,Tony,1.0
190366101,Kigi,0.0
190370477,Jintana,0.0
190379422,Stephanie,0.0
190398840,Samantha And Raf,1.0
190432764,William,0.0
190484114,Michael,0.0
190511452,Alice,1.0
190519081,Nissorn,0.0
190519314,Lindsay,1.0
190537473,Peter,0.0
190543489,Monty,0.0
190548663,Chitsuda,0.0
190564706,Justyna,0.0
190570516,Sophin,1.0
190580714,Judy,0.0
190594227,Molly,0.0
190626454,Sloane Gable Limited,0.0
190641625,Maggie,1.0
190699582,Ken And Marian,1.0
190734144,Georges,0.0
190761089,Mathilda,0.0
190763874,Lucy,1.0
190767952,NESTLD Living,0.0
190781911,Andre,0.0
190830838,Mirela,0.0
190851424,Jose Miguel,0.0
190893399,Robyn,0.0
190911221,Iris,0.0
190915050,Gene,0.0
190937161,Michelle,0.0
190938492,Bahor,0.0
190939015,Siobhan,0.0
190944725,Oshin,0.0
190947305,Kay,0.0
190957023,Ann,0.0
191007197,Dzhanan,1.0
191077022,Remmy,0.0
191086559,Joanna,1.0
191099207,Mike,0.0
191141026,Mendy,0.0
191151635,Natasha,1.0
191184409,Shaw Daniel,0.0
191217891,Sandy,1.0
191253820,Kaushik,0.0
191324045,Alfio & Maria,0.0
191329110,Erc,1.0
191330180,Eddy,0.0
191333975,Sandra,0.0
191337306,Jacopo,0.0
191344783,Katie,0.0
191477654,Hordur Ingi,0.0
191479096,Or,1.0
191486232,Apiradee,0.0
191498747,Nicholas,0.0
191504881,Affendy From Gelleria Twelve,0.0
191514191,Alina,0.0
191525703,Martin,0.0
191559670,Chin,0.0
191579998,Heather,0.0
191587911,Natalie,1.0
191606977,Tejal,0.0
191619134,Volker,1.0
191623942,Paulina,0.0
191652402,Amy,0.0
191669171,Devon,0.0
191670732,Ana,1.0
191689143,Sam,1.0
191783470,Trai,0.0
191809385,Ivan,0.0
191821452,Annabelle,1.0
191836484,Aideen,0.0
191846116,Channa Dakshi K,0.0
191868997,Sunanta,0.0
191922083,Roman,0.0
191929415,Dacian,1.0
191939791,Rofiqul,1.0
191961733,Bárbara,0.0
191968943,Katherine,0.0
191969795,Ahmad,0.0
191986417,Veriu Central,0.0
192002147,Frank,0.0
192007809,Benson,0.0
192039810,Megan,0.0
192063599,Stephen,0.0
192063755,Thadchakorn,0.0
192067168,Fiona,1.0
192108273,Allan,1.0
192148038,Marc,0.0
192176652,Mary,0.0
192217276,Pratunam Design,0.0
192253183,Annabelle,0.0
192253621,Mirian,0.0
192276252,Darshan,0.0
192289523,Ievgeniia,0.0
192326447,Karen,1.0
192338981,Laura,0.0
192355301,Nilgun,1.0
192366775,Adriana,1.0
192391925,Veerasak,0.0
192399396,Geraldine,0.0
192434415,William,1.0
192460690,Brooke-Jayd,0.0
192484184,Norarat,0.0
192493335,Karla,0.0
192497079,Ben,1.0
192497186,Chonticha,1.0
192533504,Melinda,0.0
192570603,Margaret,0.0
192586951,Vann,1.0
192656663,Sunil,1.0
192663090,Stow Away,0.0
192688408,Raj,0.0
192745818,Abdullah,0.0
192756919,Zouhair,0.0
192762532,Jinuttita,0.0
192783705,⁨Fon (龔秀珍）⁩,1.0
192843193,Valerie,0.0
192875762,Laura,0.0
192885403,Henry,0.0
192896616,Marta,0.0
192911244,Chiayu,0.0
192921953,Arvind,0.0
192934083,Mohsen,0.0
192963455,Nye,0.0
192967707,Beer,1.0
192978480,ชมพูนุท,1.0
192978912,Roger,0.0
193009535,Zamina,0.0
193033314,Nichole,0.0
193047227,SmartStays,0.0
193087843,Gesica Z,0.0
193107295,Sasivimon,1.0
193131508,Jasper,0.0
193189074,Tapatt,1.0
193212264,Lemon,0.0
193238113,Ama,1.0
193241245,Laurent,1.0
193259272,Mateo,0.0
193277847,David,0.0
193379830,Saengchanh,0.0
193380969,Norawee,1.0
193382638,Beāte Simona,0.0
193432210,Ramona,0.0
193475817,Mohamed,1.0
193477812,Wynnie,0.0
193508960,Adelle,0.0
193509202,Nathan,0.0
193516648,Mina,0.0
193547124,The Baxley,0.0
193560086,Ta,0.0
193573729,Tony,0.0
193585992,Renate,0.0
193634913,Darya,1.0
193645843,Saish,0.0
193668569,Veneta,0.0
193688901,Adel,0.0
193695777,Małgosia,1.0
193725559,Jose,0.0
193815540,Judy,0.0
193842979,Paul,0.0
193851215,Joanne,0.0
193853659,Ionut,0.0
193858991,Shirley,1.0
193866226,Warren,0.0
193881474,Colin,1.0
193882871,Liliam,0.0
193892198,Yotam,1.0
193929160,Kerry,0.0
193935534,Clive,0.0
193942114,Dora,0.0
194003107,Ben Smith,0.0
194021695,The Anonymous House,1.0
194027349,Kasom,1.0
194033700,Maykenbel Properties,0.0
194047990,Luiza,0.0
194048242,Ashburn Court Apartments,0.0
194049342,Maykenbel Properties,0.0
194051465,Chesham Court Apartments,1.0
194052587,Claverley Court Apartments,1.0
194062806,Enia,1.0
194086664,May,1.0
194105644,Maykenbel Properties,0.0
194113760,Gillian,1.0
194137601,Nina,0.0
194247046,Bnbstay,1.0
194298459,Katiane,0.0
194301370,Frederica,0.0
194313568,Winna,0.0
194339166,Sophie,0.0
194350974,Louis,0.0
194374721,Kingoma,0.0
194393658,Thailand Taxi,0.0
194419406,Andre,0.0
194423972,Sumphun,0.0
194427388,Hadja,0.0
194441188,Gareth,1.0
194453540,Suhad,0.0
194512068,Sahiba,0.0
194558934,Peter,0.0
194598837,Gladys,0.0
194610313,Gulsah,0.0
194614065,Yanisa,0.0
194615784,Leonard,0.0
194632552,Catherine,0.0
194644472,Emmanuel,0.0
194659945,Ari,1.0
194665286,Abuzer,0.0
194755682,Janaka,0.0
194764416,Tannaz,0.0
194789736,Martin,0.0
194804704,Nicole,0.0
194873115,Bernard,1.0
194894346,Eloina,0.0
194936595,Find Your Dwelling,0.0
194990286,Carol,0.0
195022355,Taj,1.0
195062171,Victoria,1.0
195080203,Pete,1.0
195086361,Natalie,0.0
195095684,Gift,0.0
195122291,Sabina,0.0
195123492,Sapna,0.0
195132136,Vincenzo,1.0
195206298,Khajorn,0.0
195210277,Mercedez,0.0
195231603,Tina,0.0
195325142,Chuanpis,1.0
195340331,Ashish,0.0
195354805,Halima,0.0
195356381,Sam,0.0
195357795,Elizabeth Ann,1.0
195376215,Heike,1.0
195387449,Glen,1.0
195418702,Megan,0.0
195440618,Grace,0.0
195462568,Papa Yaw,1.0
195463198,Chris,0.0
195474044,Theo,0.0
195517794,Nan,1.0
195523975,Julia,0.0
195573196,Vesi,1.0
195604581,Jane,0.0
195668003,Maria,0.0
195683981,Anwar,1.0
195685895,Shivani,0.0
195724791,Benyapha,0.0
195737044,Veronica,0.0
195782669,Shazia,0.0
195803805,Victor,1.0
195918146,Jez,1.0
195939503,David,0.0
195967425,Mauricia,1.0
195975666,H,0.0
195988328,Amr,0.0
196038804,Sophia Srimode,0.0
196046433,Vincent,0.0
196076421,Connor,0.0
196083341,Pattaraset,0.0
196085061,Lucas,0.0
196132720,The Orientale,0.0
196199132,Patrick,1.0
196199454,Özlem,1.0
196296354,Yuvadee,0.0
196297329,Ingrid Hansen,1.0
196310718,Rachel,0.0
196323903,Scott,0.0
196345927,Annaly,0.0
196479313,Albar Properties,1.0
196546287,Klermeson,0.0
196552809,Mez,1.0
196714386,Joe,0.0
196796260,Nicole,1.0
196805925,Ahmed,0.0
196813359,Bruno,0.0
196833822,Ana Gisele,0.0
196853628,Rosalind,1.0
196953503,Mark,0.0
196958603,Tee,0.0
196991237,Manita,0.0
196992262,Cc,0.0
197029782,Laura,1.0
197035002,Kelly,1.0
197043837,Natthakan,1.0
197145076,Greg,1.0
197152372,Yuna,0.0
197218851,Ragp,0.0
197231053,Samir,0.0
197243287,Amy,1.0
197247318,Annabel,0.0
197268936,Sean & Kory,1.0
197277601,Siri,0.0
197303424,Sachelle,0.0
197359328,Jon,0.0
197362426,Brad,0.0
197408988,Rahul,0.0
197417938,Afshan,0.0
197434418,Ade,0.0
197450671,Jyothsna,0.0
197452342,Georgina,1.0
197462594,Heidi,0.0
197507776,Maria,0.0
197525815,Raunaq,0.0
197581590,Chuantao,1.0
197587968,Kawin,0.0
197619342,Perri,0.0
197642484,Miriama,1.0
197647772,Eileen,0.0
197663994,Shipron Linda,0.0
197733958,Eleni,0.0
197799350,Natthawan,1.0
197809247,Halina,1.0
197823275,María Agustina,0.0
197828925,Gail,1.0
197839272,YHA Sydney Harbour,1.0
197861812,Freshy,0.0
197889789,Rita,1.0
197900745,Feruza,0.0
197905638,Chloe,0.0
197919413,Mina,0.0
197941509,Maggie,0.0
197942834,Jane,1.0
197986747,Arun,1.0
198134666,Michelle,0.0
198186668,Sesan,0.0
198187988,Joanna,0.0
198201534,Tessa Gwendolen,0.0
198230182,Hannah,0.0
198231539,Claudette,1.0
198252523,Walid,0.0
198328923,Ardhapong,0.0
198332530,Amel,0.0
198364627,Sanjeet & Nisha,0.0
198368321,Nev,0.0
198401949,Noman,0.0
198410592,Yoly,0.0
198413694,Rose,0.0
198449608,Charlotte,1.0
198481347,Ebun,0.0
198492235,Ananda,0.0
198540128,⁨I'm A Music Teacher At Schools.⁩,0.0
198567712,Tony,1.0
198617806,Thu,0.0
198626237,Thida,1.0
198646918,Mercedes,1.0
198663162,Nadeen,0.0
198704329,Carol,0.0
198707933,Lisa,1.0
198711570,K,1.0
198732763,David,1.0
198754126,Robin,0.0
198763639,Sabrina,0.0
198783008,Sara,1.0
198786483,Pana,0.0
198790317,Emily,0.0
198865469,Cory,0.0
198900651,Amanda,1.0
198987450,Saba,0.0
199065727,Errol,0.0
199070411,Mimi,1.0
199076354,Adrian,0.0
199141017,Grace,0.0
199172906,Ataf,0.0
199195707,Mona,0.0
199224273,Kishori,0.0
199230074,Kamy,1.0
199230824,Marc,0.0
199233939,Emilie,0.0
199276731,Stephen,0.0
199334269,Travis,0.0
199348564,Wasinee,0.0
199367887,Sutana,0.0
199368088,Linda,0.0
199370406,Riccardo,0.0
199402720,Jonathan,0.0
199415143,Kieran,0.0
199449222,Alexandre,0.0
199459956,Rich,1.0
199520043,Het,0.0
199538059,Emily,1.0
199565513,Kezhia,0.0
199624792,Ho,0.0
199648193,Victoria,0.0
199675754,Ella,0.0
199681844,Ladybird,0.0
199742852,Marchela,1.0
199757342,Tom,0.0
199785592,Maria,0.0
199863597,Pat,0.0
199865430,Anny,1.0
199883490,Steve,1.0
199885518,John,0.0
199960175,Shumaila,0.0
199971977,Aliona,0.0
199993770,Veronica,0.0
200003988,Sebastian,0.0
200096575,Annalica Michelle,0.0
200101440,Dreamm,1.0
200118134,Stefano,0.0
200152281,Long,0.0
200199262,Leo,0.0
200275170,Margo,0.0
200301637,Xenophon,0.0
200303151,57,1.0
200304744,Chris,1.0
200355519,Henrietta,0.0
200356698,Christine,0.0
200380848,Magnus,0.0
200436141,Hari,0.0
200438922,Fabiana,0.0
200535229,John,1.0
200553575,Lindsei,0.0
200703991,Julian,0.0
200809655,Sabrina,0.0
200831550,Omar,0.0
200858156,Kushum,0.0
200872275,Jevgenijs,0.0
200880267,Francesco,1.0
200927399,James,0.0
200966022,Helen,1.0
200981657,Carmen Miriam,0.0
200984628,Srijana,0.0
201049485,Vince,1.0
201052268,Severine,0.0
201068201,Violaine,1.0
201117507,Lisa,0.0
201131180,Maylin,1.0
201131705,Jahsheika,0.0
201154217,Abi,0.0
201219598,Natee,0.0
201252691,Daniele,0.0
201293771,Chayanun,1.0
201301401,Kasia,1.0
201323409,Yemi,1.0
201336780,Lewis,1.0
201387649,Douglas,0.0
201456200,Johnny,1.0
201497764,Ellie,0.0
201498391,Debbie,1.0
201517957,Kate,0.0
201533274,Preeti,0.0
201592702,Andrew,0.0
201600360,David,1.0
201614462,Nicola,0.0
201628105,Vick,0.0
201638832,Alexander,1.0
201677068,Curry,0.0
201703522,Narmien Ahmed MOHAMEDAHMED,0.0
201720555,Your Rentals,0.0
201727183,Joe,1.0
201741826,Your.Rentals,0.0
201772870,Manuel,0.0
201808183,Michael,0.0
201835424,Chuangchan,0.0
201836642,Zheng,0.0
201861335,Ilyess,0.0
201863561,Jesmond Dene,1.0
201867444,Giselle,0.0
201943095,Sebastian,0.0
201946118,Leena,1.0
201979263,Urmila,0.0
201991244,Majestic Home Rentals,1.0
201999901,Zoya,0.0
202004211,Ishrat,0.0
202006290,Martina,1.0
202034130,Anisa,0.0
202112801,Vivian,0.0
202125985,Nicola,0.0
202151255,David,0.0
202187946,Dale,0.0
202244294,Filipe,0.0
202261292,Thanos,0.0
202271426,Jatin,1.0
202281826,Masy,0.0
202306432,Samuel,0.0
202317781,Joserra,1.0
202340925,Salam,0.0
202343027,Aseem,0.0
202375021,Muhammad,0.0
202456624,Zkn,0.0
202552824,Mila,0.0
202571258,Zin,0.0
202647007,Flotin,0.0
202660676,Cheathy,0.0
202672789,Piphat,0.0
202703707,Emma,0.0
202721617,Ashraf,1.0
202807311,Jahangir,0.0
202807340,Misk,0.0
202945428,Venika,1.0
202983618,Rhea,0.0
202997205,Khalil,0.0
203013440,Banku,1.0
203062126,Dawid,0.0
203083317,Senthilkumar,0.0
203083656,Bronwyn,0.0
203092846,Ruchita,0.0
203095392,Ahmed,0.0
203215359,Matthew,1.0
203227173,Chinyere,0.0
203244431,Maria,1.0
203248950,Julie,1.0
203274226,Thomas,0.0
203280998,James,0.0
203325612,Elements Mykonos,1.0
203335319,Kannell,0.0
203337994,Shell,0.0
203343846,Angeles,0.0
203396614,Osbourne,1.0
203411380,Adilson,0.0
203452506,Song,0.0
203460844,Marc,0.0
203465241,Arut,0.0
203524407,Joro,0.0
203524435,Jessica,0.0
203549565,"⁨Thip,⁩",0.0
203550699,Heloise,1.0
203740533,Cara,0.0
203756912,Ms Odunola Hilda,0.0
203768665,Ivano Carlo,0.0
203790255,Khalid,0.0
203811972,Liam,0.0
203909694,Brandon,1.0
203911167,Zoltan,0.0
203915817,Three&Baker,1.0
203943551,Martineli,0.0
203952939,Wendy,1.0
203988752,Victor,1.0
204004209,Faiza,0.0
204021594,Jan,0.0
204126438,Rachael,0.0
204180131,Kate,1.0
204214836,Lucy,0.0
204293275,Grace,0.0
204373288,Marketa,0.0
204381032,Raman Das,0.0
204404470,Adam And Shan,1.0
204432390,Simply Property,0.0
204515448,Khoula,0.0
204555049,Kristin Marie,0.0
204565636,Alexa,0.0
204628845,Joe,0.0
204636516,UnionSPACE,0.0
204650998,Jo,0.0
204685128,Maur,0.0
204689711,Clementine,0.0
204694163,Eric,0.0
204723413,พงศกร,0.0
204729481,Jason,1.0
204789437,Nora,0.0
204791283,Ben,0.0
204813727,Syed,0.0
204838314,Allison,0.0
204887485,冬,0.0
204935083,Matthew,1.0
204935834,James & Paula,0.0
204944705,Sarah,1.0
204950930,Sylvie,0.0
205008955,Moon,1.0
205009798,Suwadee,0.0
205014479,Caroline,0.0
205019654,Remi,0.0
205033108,Ellie,0.0
205034355,Vincci,0.0
205038144,Devrim,0.0
205101105,June Mituna,0.0
205126492,Karolaine Da Silva Fragozes,1.0
205199896,Md Somon,0.0
205206426,Yanisa,0.0
205219446,Gemma,0.0
205244828,Katie,1.0
205271288,James,0.0
205276809,Jackson,1.0
205514984,Stuart,0.0
205584863,Ryan,0.0
205652696,Mahfuz,0.0
205653980,Meg,0.0
205681104,Sylvia,1.0
205705368,Anthony,0.0
205722011,Manon,0.0
205749121,Hannah,1.0
205749568,Sakulchai,0.0
205780135,Katie,0.0
205808172,Mali,0.0
205880474,Sotirios,0.0
205900081,Charlie,1.0
205916372,Sommart,1.0
205937536,Simone,0.0
205950595,Mel,0.0
205979027,Emma,0.0
205984637,Kellie,1.0
205988422,Nicholas,0.0
206055311,Clifford,0.0
206090844,Chris,0.0
206106911,Samantha,0.0
206112153,Daniel,0.0
206112380,William,0.0
206118692,Valeriya,0.0
206125268,Charlotte,0.0
206131815,Stephen,0.0
206134906,Luci,1.0
206135075,Sipan,1.0
206165256,Afla,0.0
206214058,Dorothy,1.0
206234526,Samuel,0.0
206250143,Sarah,0.0
206271840,İrfan,1.0
206354273,Max,0.0
206360282,Gloria,1.0
206420312,Hanna,0.0
206483646,Alexia,1.0
206592828,Elaine,0.0
206604006,Vivienne,1.0
206632800,Sushri,1.0
206715196,Abi,0.0
206722923,Yc,0.0
206739193,Feyza,0.0
206787053,Solomon,0.0
206822671,Danita's Home,0.0
206853683,Rebecca,0.0
206858464,Efejotor,0.0
206859096,Oyuntuul,0.0
206865727,Raffaele,1.0
206940134,Nyle,1.0
206959760,Shayan,0.0
206984584,Hsin-I,0.0
206990193,Joao,0.0
207068505,Alexander,0.0
207109354,Julio,1.0
207138091,Navapan,0.0
207168910,Hoda,0.0
207169513,Malika,0.0
207204476,Daniel,0.0
207212164,Maria,0.0
207255410,James,0.0
207259690,Sopitra,0.0
207262849,Judy,0.0
207276279,O,0.0
207276983,William,1.0
207294624,Ope,0.0
207319355,Antony,0.0
207379352,Raazia,0.0
207383211,Marylyn,0.0
207391840,Harsh,0.0
207421736,Matthew,1.0
207438560,Sam,0.0
207453281,Cloudyway,0.0
207478918,Tracey,0.0
207480310,Guilherme,0.0
207490964,Amiee,0.0
207501438,Valerio,0.0
207509890,Vitor,0.0
207576748,LMV Property,1.0
207600758,Charmayne,0.0
207695906,Luke,0.0
207713045,Guest Relations,0.0
207755710,Marcus,1.0
207765380,Sandy,1.0
207785393,Satish,0.0
207798469,Anne,1.0
207813009,Michel,0.0
207892525,Faz,0.0
207917273,Laticia,1.0
207917950,Mohamed,0.0
207920800,Cristy B,0.0
207965038,Barsoum,0.0
207971046,Elise,1.0
208001399,Mohammed,0.0
208014301,Milton Ashford Apartments,0.0
208117529,Isabel,1.0
208118332,Carmine,1.0
208118503,Kelli,0.0
208144046,Sarunya,1.0
208198183,Mihai,1.0
208207387,Mohamed,0.0
208218001,Maggie,0.0
208320556,Chandana,0.0
208410066,Marlin,1.0
208420375,Ricarda,1.0
208435377,Raghida,0.0
208476945,Peeda,0.0
208532708,Diane,0.0
208536028,Reshayl,0.0
208554080,Zobia,0.0
208608408,Kate,1.0
208612156,Tim,0.0
208637139,Sarah,0.0
208665884,Rochelle,0.0
208704660,Yoshna,0.0
208816592,Mike,0.0
208822639,Guray,0.0
208826245,Connie,0.0
208829007,YolanDa,0.0
208871056,Kumar,0.0
208891534,Marlene,0.0
208910904,Ruth,0.0
208977893,Charles,1.0
208998813,Teresa,0.0
209052107,Maria,0.0
209057361,Karuna,0.0
209118772,Maurice,1.0
209143501,Natasja,0.0
209185597,Megan,0.0
209236591,Hadjer,0.0
209239986,Manisra,0.0
209277146,Chimezie Victor,0.0
209323216,Sophie,0.0
209335002,Ben,1.0
209335894,Silvana,0.0
209436295,Ian,1.0
209469020,Adesola,0.0
209493923,Danny,0.0
209494780,Fiona,0.0
209503241,Wanich,1.0
209530030,Alex,0.0
209631028,Lucy,1.0
209632200,Dominique,0.0
209657376,Colleen,1.0
209675439,Michael,0.0
209676209,Olu,0.0
209728139,Lily,1.0
209754383,Said,0.0
209759532,Claire,0.0
209780332,Yeside,0.0
209780412,Amanda,1.0
209796295,Shanshan,1.0
209846561,Jorge,0.0
209915208,Edward,0.0
209916139,Trish,0.0
210032148,Don,1.0
210056746,Jake,0.0
210062996,James,0.0
210063977,Sophie,0.0
210089393,Lewis,0.0
210112136,Zohra,0.0
210140238,Songserm,1.0
210140935,Ai,0.0
210160644,Luna Stays,1.0
210198417,Lili,0.0
210222884,Lauren,1.0
210230161,John,1.0
210262787,Kyla,0.0
210266096,Arnaud,0.0
210277868,Sharon,1.0
210283701,Fiaz,0.0
210291700,Damon,0.0
210299240,Syed,0.0
210309682,Jennifer,0.0
210426966,Sam,1.0
210427307,London Escape,0.0
210435146,Pavithra,1.0
210450510,Via,0.0
210451398,Shayne,1.0
210464154,Apipun,0.0
210479628,Ella,0.0
210536104,Adrian,1.0
210543771,Maria,1.0
210546168,John,0.0
210568438,Alfred,0.0
210612374,壮,0.0
210680968,Rafaela,0.0
210758001,Sudyod,0.0
210772532,Julie,0.0
210773774,Philip,0.0
210859304,Kittipong,0.0
210868662,Brett,0.0
210911203,Vivien,0.0
210912235,Tomas,0.0
210934900,CR Property Lettings,0.0
210963097,Susana,0.0
210977652,Pete,0.0
211074697,Abdul,0.0
211079106,Mohammed,0.0
211085736,Maeg,1.0
211096172,Luis,1.0
211137807,Harriet,0.0
211183502,Kylie,1.0
211202905,Revital,1.0
211218678,Paul,0.0
211267234,Reni,0.0
211283220,Lauren,1.0
211292224,Oriana,0.0
211328780,Simon,0.0
211385370,Regina,1.0
211395741,Nattavut,0.0
211397156,Jennifer,0.0
211440551,Suporn,0.0
211448302,Titaporn,0.0
211477100,Syed,0.0
211494236,Britney,0.0
211498400,Naruepon,0.0
211522959,Evelyn,0.0
211557338,Isobel,1.0
211559067,Chanel,0.0
211560570,Sola-Mathew,0.0
211561162,Wendy,0.0
211588022,Yingsheng,0.0
211627559,Sahar,0.0
211635422,Steve,0.0
211740610,Harvey,0.0
211803943,Neeraj,0.0
211811140,Laura,1.0
211859310,Min,1.0
211919082,Polly,0.0
211966903,Supasak,1.0
211986781,Abdul Hadi,0.0
211997448,Rory,0.0
212004527,Som,0.0
212024578,TheHideout,0.0
212026487,Alison,1.0
212110735,Cem,0.0
212160030,Gordon,0.0
212163411,Wie,1.0
212179774,Ariesa,0.0
212192351,Govin,0.0
212195110,Vanessa,1.0
212202218,Adam,0.0
212203097,Toni,0.0
212222267,Lingling,0.0
212316360,Minye,0.0
212318369,Elena,0.0
212373503,Elvira,1.0
212451996,Majid,1.0
212572706,Faraan,0.0
212590042,Neil,0.0
212647123,Daisy-Willow,0.0
212651577,Marie,0.0
212655420,Roberta,0.0
212664563,Filippo,1.0
212691026,Subhas Chandra,0.0
212707056,Haminata,0.0
212733492,Melinda,1.0
212772043,Mas,0.0
212815185,Richard,0.0
212906419,Supapen,1.0
212965126,Ellis,0.0
213022117,Rob,0.0
213025412,Farisa,0.0
213037225,⁨Khan2259⁩,0.0
213103547,Thirada,1.0
213143625,Saima,0.0
213175796,Jacob Tata Fongoh,0.0
213180813,Hannah,0.0
213250611,Aude,0.0
213285600,Nicholas,0.0
213286386,Raquel,0.0
213294586,Charles,0.0
213379127,Jamil,0.0
213476534,Kanin,0.0
213483901,Kevin,0.0
213505141,Daniel,0.0
213505793,Natat,0.0
213531984,Olga,0.0
213533292,Frankie,1.0
213537975,Natalie,0.0
213548897,Ad,0.0
213551151,Ghino,0.0
213580398,Savasia,0.0
213582250,Ben,0.0
213598971,Jo,1.0
213603492,Sarah Jane,1.0
213612931,Lisa,1.0
213677613,Emma,0.0
213683787,Zack,1.0
213696205,Zoe,0.0
213699535,Julia,0.0
213700318,James,0.0
213725582,Shaoyong,0.0
213754542,Irene,0.0
213774225,Jessada,1.0
213943132,Damilola,0.0
213981715,Kelechi,0.0
213994750,Njide,0.0
214000319,Jane,1.0
214016025,Kiki,1.0
214055193,Natasha,1.0
214073501,Kostas,1.0
214077807,Yuki,0.0
214102730,Ikram,0.0
214107347,Ryan,0.0
214144161,Malcolm,0.0
214147923,Phil,1.0
214159200,Nicole,0.0
214165955,Annie,0.0
214191247,Ning,1.0
214201312,Frank,1.0
214214770,Yue,0.0
214224483,Xueyu,0.0
214248475,Estera,0.0
214272373,Alicja,0.0
214288018,Sally,1.0
214292552,Mint,0.0
214317522,Claudiu,1.0
214322782,Damilola,0.0
214397863,Francesco,1.0
214413389,Ashley,0.0
214474787,Owen,0.0
214478395,Olha,0.0
214488644,Bobby,1.0
214515110,Peter C,1.0
214562515,Priti,0.0
214578413,Rosie,0.0
214582965,Yasemin,0.0
214594084,Steve,1.0
214621551,Helen,1.0
214642678,Wafaa,0.0
214660095,Lindsay,0.0
214675912,Devina,0.0
214680312,Simon,1.0
214704020,Ben,0.0
214739182,Megan,0.0
214747267,Short Term Rental Property Group,1.0
214748006,Lita,0.0
214801017,Morwenna,1.0
214803426,John,1.0
214897308,Francis,0.0
214899271,Aoibheann,0.0
214969949,Lotus Stay Manly,0.0
214975366,Alex And Sophie,0.0
214975801,Aisha,0.0
214984794,Sita,1.0
215010416,Martina,0.0
215019507,A J,0.0
215022315,Zac,1.0
215037025,Eric,0.0
215042416,Madeleine,1.0
215064627,Luana,0.0
215075641,Karim,1.0
215083671,Caitlin,1.0
215103867,David,0.0
215130978,Pare,0.0
215158027,Stephanie,1.0
215176333,Edgar Filipe,0.0
215183689,Kanokwan,0.0
215239670,Emma,0.0
215290402,Bangkok Voyage,1.0
215302019,Paul,0.0
215316568,Kessanee,0.0
215320320,Elsa,0.0
215322575,Clara,1.0
215327582,Naomi,0.0
215357262,Alex,0.0
215370841,Ann,1.0
215407418,Enrique,0.0
215473376,Thao,0.0
215525022,Roland,0.0
215526453,Dana Valkova,0.0
215589789,Ply,0.0
215613430,Stella,0.0
215642190,Utoomporn,0.0
215666176,Levan,0.0
215676774,Mìŕ,0.0
215680082,Zahra,0.0
215690628,MD Enamul,1.0
215700878,Brice,1.0
215702467,Wioletta,1.0
215717109,Paul,0.0
215738142,Alessia,0.0
215741992,Alice,0.0
215794729,Pangky,1.0
215838918,Georgie,0.0
215875642,Philip,0.0
215878289,King,0.0
215888360,Manoch,0.0
215890198,Susan,0.0
215891720,Aishat,0.0
215927164,Mikey,0.0
215928182,Aura,1.0
215953715,Antonio,0.0
215969542,Brooke,0.0
216007060,⁨อวิรุทธิ์⁩,0.0
216010518,TW4 Apartments,0.0
216034558,Tsehay,0.0
216047821,Sara,1.0
216051435,João,0.0
216108386,Dominic,1.0
216119707,Vivi,0.0
216121981,Faraz,1.0
216157416,Julia,1.0
216159830,Hometime,0.0
216165933,George,0.0
216187763,Leman Locke,0.0
216188238,Tatiana,0.0
216194263,Peter,0.0
216232381,Lima,0.0
216247600,Michelle,1.0
216298407,Katie,0.0
216387383,Jenny,1.0
216415219,Alexey,0.0
216449668,Charles,0.0
216464627,Tessa,1.0
216465437,Olga,0.0
216535302,Noor,0.0
216547859,Penny,0.0
216550961,Matthew,1.0
216557417,Demo,0.0
216577080,Barbara,0.0
216591923,Fethiye,1.0
216656964,Anna,0.0
216681007,Seaza,0.0
216709072,Nimit,0.0
216724530,Adam,0.0
216757823,Aysha,0.0
216769928,Winnie,1.0
216837036,Dan Rose,0.0
216867965,Katarina,0.0
216883172,Nar,0.0
216897781,Elizabeth,0.0
216933986,Bola,0.0
216952872,Jen,0.0
216973022,Wendy,0.0
217000626,Dalia,0.0
217001882,Tyler,1.0
217006672,Bea,0.0
217011605,Keith,0.0
217017923,Vivienne,0.0
217018045,Michael,0.0
217061287,⁨56 Welbeck Street⁩,0.0
217148495,Yalith,1.0
217153227,Michelle,0.0
217167507,俞,0.0
217201658,Diana,0.0
217201775,Julian,0.0
217223828,Jahanara,0.0
217269501,K,1.0
217277986,Tel,0.0
217301663,Vinnie,0.0
217304589,Linglong,0.0
217309616,Thomas,0.0
217361448,Sharmila,0.0
217468856,Manrika,0.0
217507442,William,1.0
217556867,Russell,1.0
217559189,Farooq,0.0
217565461,Kay,0.0
217568638,Cottages,0.0
217620118,Sara,0.0
217698254,Frank,0.0
217723471,Lateef,0.0
217727211,London House,0.0
217778275,Ming,0.0
217780543,Robert,0.0
217784256,Besmir,0.0
217789117,Hamit,0.0
217805078,David,0.0
217878824,Simon,0.0
217878975,Coral,0.0
217904565,Simon,0.0
217914024,Deborah,0.0
217915433,PattayaThai,0.0
217920870,Chatchai,0.0
217929275,Muna,0.0
218018453,Thomas,1.0
218028355,Lora,1.0
218031230,Betsy,1.0
218032956,Heart,1.0
218054645,Yoma,1.0
218059129,Marcel,0.0
218071137,Flo,0.0
218084780,Klara,0.0
218100929,Richard,0.0
218126524,Jack,0.0
218170050,Klara,0.0
218196201,Don,0.0
218201820,Chaiyot,0.0
218205153,Kazi,0.0
218225053,Sawarot,1.0
218251010,Jane Louise,1.0
218255454,Syed Ahmad,0.0
218302069,Edens,0.0
218311896,Emmanuel,0.0
218351421,Pimpun,0.0
218398527,Lara,0.0
218439476,Márcio,1.0
218444767,Tarek,0.0
218477601,Jacky,1.0
218507065,Ivana,0.0
218610090,Evadne,0.0
218633456,Michael,0.0
218635464,Ms,0.0
218660806,Rose,0.0
218668118,Rachel,1.0
218683294,Julian,0.0
218688155,Yong,0.0
218723064,Emmanuel,0.0
218727051,Kay & Bruce,1.0
218735440,Glen,0.0
218751134,Ollie,0.0
218764154,Carla,0.0
218764853,Yema,0.0
218812551,Christoforos,0.0
218825499,Zarina,0.0
218831548,Srebrina,0.0
218856382,Baoying,1.0
218879137,Kalman,0.0
218895258,Mayom,1.0
218897956,Vladimir,0.0
218918166,Yetunde Islamia,0.0
218932477,Shami,0.0
218964667,Ubonpayom,0.0
218974747,Sabah,1.0
218995111,Damien,0.0
219028812,Hassan,0.0
219033398,Liza,1.0
219044227,Binbin,0.0
219067355,Ana-Maria,0.0
219067559,Sophie,0.0
219070252,Mariam,0.0
219081674,Unchalee,1.0
219187209,Julie,0.0
219263623,Albane,0.0
219318930,Sidra,0.0
219389621,Daniel,0.0
219404217,Lucie,0.0
219411118,Ruth,0.0
219411397,Noor,1.0
219555186,Kelly,1.0
219612559,Thi Quang,0.0
219622247,Cathy,0.0
219633148,Tyrell,0.0
219636539,Arunee Kongdee,1.0
219642850,Katy,0.0
219648220,Suzy,1.0
219700437,Mohit,0.0
219704684,Hanan,0.0
219726200,William,0.0
219737837,St Marks,0.0
219756107,Christine,0.0
219784910,Nancy,0.0
219805744,Navdeep,0.0
219827538,GuestReady,1.0
219831772,Ahmed,1.0
219834607,Dan,0.0
219889474,Farleigh,0.0
219905309,Feal,0.0
219911336,Tess And Don,1.0
219917696,Julie,0.0
219983414,Matta,1.0
219984842,Haobin,0.0
219997810,Oguz,0.0
220003162,Theerapong,1.0
220006847,Fran And Niall,1.0
220023767,Ammar,0.0
220028816,Jinggu,0.0
220047716,俊,1.0
220055398,Neerita,1.0
220055861,Monika,1.0
220071018,Papangkorn,0.0
220072849,Nonnaphat,1.0
220106809,Stay With Us,0.0
220177836,Chiemeka,0.0
220179064,Colette,1.0
220203442,Jane And Nick,1.0
220224609,Neville,0.0
220349547,Vanessa,0.0
220407088,Gary,1.0
220474127,Mrithula,0.0
220508135,Lisa,1.0
220521332,Neighbour Residences,0.0
220521559,Denis,0.0
220525741,Jonathan,0.0
220529068,Krit,0.0
220530101,Rong,0.0
220537587,Debby,0.0
220549045,Nada,0.0
220563575,Sylvia,0.0
220596300,Weronika,0.0
220606414,Olga,0.0
220618015,Charlotte,0.0
220666520,Debbie,0.0
220669958,Echo,1.0
220680106,Richard,0.0
220681760,Mei Ying,0.0
220684960,Camila,0.0
220696201,Howard,1.0
220698930,Michael,0.0
220720379,Dalia,0.0
220736978,Alfred Nest,1.0
220878909,Usman,0.0
220883585,Sophie,0.0
220890566,Adam,0.0
220891912,Zbu,0.0
220893313,无名氏,1.0
220936324,Chin,0.0
220955697,Fai,0.0
220960629,Matatias Lucas,0.0
221042681,Julie,0.0
221074213,Vincent,0.0
221094477,Kamonrat,1.0
221105255,Zoe,1.0
221114875,Sami,0.0
221139375,Mikolaj,0.0
221155129,Özdemir,0.0
221188955,Jane,0.0
221221667,Melania,0.0
221230538,Natchaya,1.0
221268282,Levi,0.0
221283482,Louis,0.0
221286452,Lek,1.0
221304066,Natalia,0.0
221304783,City Hideaway,0.0
221330515,Semra,0.0
221341292,Mark,0.0
221373861,James,0.0
221392487,Juliana,0.0
221402887,Nizer,0.0
221416311,Chanlika,1.0
221421935,Yaru,0.0
221427634,Alessandro,1.0
221428318,Margaret,1.0
221519878,Natalia,0.0
221642164,Mary,1.0
221651654,Nuengruethai,0.0
221674027,Shirley,1.0
221678351,William Stanley,1.0
221708819,Hua Qing,1.0
221740189,Hannah,0.0
221751779,Vichaya,0.0
221788524,Gro,0.0
221799522,Titiporn,0.0
221857611,Danielle,0.0
221874608,Richard,0.0
221889798,Feb,0.0
221896059,Mandip Singh,1.0
221907665,Greg,0.0
221908770,Janelle,1.0
221945124,Lizzie,1.0
221960511,P And Y,0.0
221980605,Tina,0.0
221995519,P Oby,1.0
222000961,Ning,1.0
222005939,Ernest,0.0
222010753,Lulu,0.0
222040185,Lucas,0.0
222051839,Katarzyna,0.0
222072440,Jo,0.0
222082431,Ali,0.0
222099888,Iain,1.0
222106782,Seranin,0.0
222157479,Kamonkarn,0.0
222168260,Sam & Sara,1.0
222178127,Naz,0.0
222206028,Taiwo Oluwaseun,0.0
222207267,Xukai,1.0
222223926,JianHong,0.0
222225312,Supriya,0.0
222275307,Lynn B,1.0
222304982,Pink,0.0
222346307,Gail,0.0
222371054,Menna,0.0
222385267,Deva,1.0
222416473,Juli,0.0
222450251,James,1.0
222520847,Alex,1.0
222530794,Danfeng,0.0
222545058,Apinya,0.0
222577315,Evelyn,1.0
222603555,Yuzu Living,0.0
222651356,Donna,0.0
222654114,Scott,0.0
222665270,Ayodeji,0.0
222693218,Daniel,0.0
222720392,Colin,0.0
222733847,Inga,1.0
222741455,"Morgan, Emily, Beth And Oliver",0.0
222757646,Eden,0.0
222768275,Cc,0.0
222794009,Natta,0.0
222808199,Jenny,0.0
222815957,Nikoll,0.0
222821655,Thaya,0.0
222975232,Tandeka,0.0
223010405,Thanya,1.0
223011998,Anna,0.0
223012686,Anup,1.0
223025512,Raj,0.0
223055039,Lachlan,0.0
223060169,Sandra,0.0
223062325,Leanne,1.0
223116038,Kik,0.0
223117148,Stephanie,0.0
223138918,Joseph,0.0
223157452,Francisco,0.0
223174431,Daniel,0.0
223202842,Adi,1.0
223251585,Amelia,1.0
223300611,Dilek,0.0
223301795,Naomi,0.0
223340558,Bam,0.0
223347969,Weiyi,0.0
223355071,Emily,0.0
223407298,Jovan,0.0
223448150,Emma,0.0
223456263,Anittha,0.0
223468157,Rein,0.0
223478046,Rodrigo,0.0
223546083,Uzair,0.0
223551543,Oladipo,0.0
223570404,Li,0.0
223588461,Tulika,0.0
223672442,George,0.0
223712361,Jans Ivans,0.0
223779987,Louise,1.0
223829067,Liz,0.0
223846040,Lorena,0.0
223896367,Simone,0.0
223910069,Victor,0.0
223944327,Catherine,1.0
223979512,Nick & Jim,0.0
223988120,Yvonne,0.0
224006540,⁨Bo.⁩,0.0
224019037,West,0.0
224021065,S R,0.0
224028115,Jezabel,1.0
224040367,Stav,0.0
224045740,Uzoma,0.0
224059143,Sophia Rey,0.0
224059841,Miriam,1.0
224061438,Dorna,0.0
224095025,Florencia,1.0
224116256,Kim,0.0
224143703,Robert,0.0
224147898,Sa & Cee,1.0
224189571,Joy,0.0
224220887,Min,1.0
224258845,Jane,0.0
224261944,Jane,0.0
224268401,Andrew,1.0
224269154,Dan,0.0
224309419,Eleftheria,0.0
224331284,Paul,0.0
224434779,İdris Ersan,0.0
224451471,Ellen,0.0
224477803,Ledia,0.0
224558252,윤기,0.0
224575354,Leu,0.0
224585187,Dain,1.0
224585755,Mag,1.0
224607016,Anuwat,1.0
224620703,Hussein,0.0
224629215,Emir,0.0
224637829,Robert,1.0
224745073,Renée,1.0
224760650,Tatiyanee,0.0
224769335,Seb,0.0
224807040,Matthew,0.0
224822414,Yeesaan,0.0
224829426,Guy,0.0
224854234,Khairol,0.0
224888155,Patrick,1.0
224898811,Pochchara,0.0
224898905,Zion,0.0
224906499,Juliana,0.0
224912101,Jason,0.0
224914201,Gregor,0.0
224944951,Heather,1.0
224958152,Tolani,0.0
224963462,Siaho,0.0
224967268,Jd,0.0
224976669,Rebecca,0.0
224978889,Varoontape,0.0
224995582,Mac,0.0
225003206,Nestor,0.0
225005516,Sophie,0.0
225006478,Anna,0.0
225065922,Michelle,0.0
225080489,Katy,1.0
225101663,Caitlin,0.0
225116478,Genevieve,1.0
225125007,Nathaniel,0.0
225136314,Lois,0.0
225145323,Luna,0.0
225169557,Rita,0.0
225172420,Mary,1.0
225189154,June,1.0
225196110,Ferzana,1.0
225239697,Ana,0.0
225240667,Kaif,0.0
225261964,Alexandra,0.0
225294487,Steph And Patrick,0.0
225304803,Narak,1.0
225310031,Enrique,0.0
225322727,Vincent,0.0
225326067,Joanne,0.0
225326584,KimBuay,1.0
225345932,Michael,0.0
225348116,Mojgan,1.0
225357386,Angie,1.0
225382237,Patricia Marion,0.0
225393448,Tristan,0.0
225415653,Bhandev,0.0
225418279,Emma,0.0
225458916,Alexander,0.0
225459857,Maria,0.0
225471552,Divine,0.0
225526347,Udomsak,0.0
225535885,Ally,0.0
225629386,Rioviki,0.0
225703541,BigStays,1.0
225705858,Pitikorn,1.0
225717091,Emmie,0.0
225734651,Elad,0.0
225739989,Steve And Mega,0.0
225755991,Mona,0.0
225770460,Edmund,0.0
225777355,Andrew,0.0
225778099,Vanessa,0.0
225780170,Caitlin,0.0
225793991,Richard,0.0
225801992,Matt,0.0
225857202,Jay,1.0
225859804,小武,1.0
225905502,Tarpanee,0.0
225930462,Jake,0.0
225937990,Luca,1.0
225989400,Areerat,0.0
226010941,Arthur,1.0
226086071,Audrey Lobe,0.0
226117079,Cassi,0.0
226156382,Haris,0.0
226162653,Ale,0.0
226164650,Sureerat,1.0
226174064,Martin,0.0
226177742,Alexandra,1.0
226196616,Paul,0.0
226296786,Ty,0.0
226307122,Jessica,0.0
226316695,Parimo,0.0
226328118,Jen,0.0
226332818,Watchara,0.0
226351960,House,0.0
226390268,Peter,1.0
226429939,Apinya,1.0
226444604,Doug,1.0
226467758,Pim,1.0
226472167,Billie And Max,0.0
226482060,Shreedipta,0.0
226496435,Deane,0.0
226522409,Md Mahbubur,0.0
226534032,Lucy,1.0
226552334,Dav,0.0
226560469,Matt,0.0
226560472,Emma,0.0
226573050,Amanullah,0.0
226581079,Iris&Allen,0.0
226597295,Renata,1.0
226619920,Tarinee,1.0
226669870,Tom,0.0
226684126,Roshan,0.0
226686635,Danielle,0.0
226740234,Liz,0.0
226764444,Megan,0.0
226773704,Gloria,1.0
226784821,Natee,0.0
226819828,Muay,0.0
226828506,Andrea,0.0
226845890,Liam,1.0
226865991,Christopher,0.0
226878698,Ivan,0.0
226887182,Martin,0.0
226907519,Sandy,1.0
226913216,Apartments Plus,0.0
226931254,Bonnie,1.0
226941867,Nakun,0.0
226951366,Roscoe,0.0
226978311,Persis,0.0
226987276,Hannah Louise,0.0
227017057,Suraj,0.0
227034431,Tania,0.0
227037149,Maria,0.0
227104173,Sally,0.0
227109260,Haven Stays,0.0
227122696,Easy,0.0
227138460,Bella,1.0
227138868,Jana,0.0
227144138,Alex,1.0
227159681,Roy,1.0
227163315,Beryl,0.0
227180043,Rachel,1.0
227202127,Sarah,0.0
227225439,Chalitwan,1.0
227240004,Hyde Park,0.0
227240905,Rob,1.0
227246311,Max,0.0
227254103,Amanda,1.0
227285881,Aisha,0.0
227297499,Milana,0.0
227306886,Sebastian,1.0
227310164,Chonlada,0.0
227318402,Jasmine,0.0
227335035,Hayley,0.0
227340707,Olusóla Odunayo,1.0
227349897,Stephen,0.0
227351371,Ghassan,1.0
227362769,Jason,0.0
227399994,Giulia,0.0
227429630,Kwang,0.0
227429936,Mr. C,0.0
227469723,Cengiz,0.0
227485727,Carolina,0.0
227564034,Rouz,0.0
227570415,Luis,0.0
227580863,Bipin,1.0
227611483,Wendy,1.0
227634466,Waleerak,0.0
227657333,Tibor,0.0
227682024,Hannah,0.0
227690624,Abigail,0.0
227706986,Justine,0.0
227722727,Jill,1.0
227771817,Zoom,0.0
227778524,Shah,0.0
227784412,Bank,1.0
227804653,Dominique,0.0
227848672,Thomas,0.0
227860510,Rubel,0.0
227873568,Kristy,0.0
227875500,Mabel,1.0
227879062,Feivel,0.0
227890358,Bella,0.0
227892078,Ying,0.0
227930432,Kuntiwong,0.0
227934584,Jonathan,0.0
227992685,Jane,0.0
227996161,Hamiyet,0.0
228012667,Team Midas,1.0
228176559,Just,0.0
228182344,Manuel,0.0
228189784,Ella,1.0
228222602,Milaad,0.0
228239325,Ronaldo,1.0
228267600,Muiz,1.0
228281234,Michael,0.0
228287561,Li,1.0
228356912,St Christophers Inn The Village,0.0
228380177,Veronica,1.0
228405729,Andre,0.0
228486386,Connie,1.0
228512596,Ada Lin,1.0
228524204,Megan,0.0
228532259,Dimitrios,0.0
228534571,Tofunmi,0.0
228542054,Apicha,0.0
228542816,Jen,0.0
228554535,Lauren,0.0
228578754,Prilani,0.0
228583386,Arathy,0.0
228598890,Ingrid Rose,0.0
228643055,Juan Francisco,0.0
228648448,Tan,1.0
228728784,Zachary,0.0
228751618,Tam,1.0
228784634,Doug,0.0
228790420,Nick,0.0
228902498,Michael,1.0
228928499,Beatrix,1.0
228996077,David,1.0
229013960,Jonathon,0.0
229051609,梓昱,0.0
229066367,Mia,1.0
229070927,Louise,0.0
229071073,ภาพวาด,0.0
229071565,Alex,1.0
229079984,Francesca,0.0
229126744,Jess,0.0
229140000,Bondi Let,1.0
229156319,Cong,0.0
229170768,Edwin,0.0
229205522,แม่เบลจ๊ะ,0.0
229217347,Jin,0.0
229223230,Noa,0.0
229224345,Margaret,1.0
229242547,AlohaHosting,0.0
229247607,Ola,0.0
229254852,YoyoSuper,0.0
229331001,Kae,0.0
229339510,Katungkating,0.0
229347151,Charlie Liu,1.0
229355483,Orawee,0.0
229436739,Chris,1.0
229484026,Adam,0.0
229516698,Emma,1.0
229530751,Omolara,1.0
229535050,Cristina,0.0
229539101,Murielle,1.0
229558483,Elechi,0.0
229578429,Dee,1.0
229599118,Frank,0.0
229643033,Foresttel,0.0
229652952,AnneArTel,1.0
229659640,Oscar,0.0
229677070,Aisha,1.0
229685832,Caroly,0.0
229689349,Sarisa,0.0
229696159,Fairway,0.0
229720178,Carolina,0.0
229725923,Alexa,0.0
229825795,Piangtip,1.0
229837930,Junwei,0.0
229839683,Morley,0.0
229851701,Leonardo,0.0
229877174,Julia,1.0
229886138,Anthony,0.0
229912595,Nicole,0.0
229921489,Karen,0.0
229925439,Chris,0.0
229941914,Andreas,0.0
229945320,Lydia,0.0
229982495,Sharon,1.0
229985640,Amit,1.0
230040122,Flavio,0.0
230044868,Hasan,1.0
230094235,Evan,0.0
230094522,Ocean,1.0
230106855,Jennifer,0.0
230107132,Elena,0.0
230139061,Premmanat,0.0
230140971,Alice,0.0
230156241,Fiona,0.0
230162919,Cookie,0.0
230166124,Gina,1.0
230168806,Anna I Cher,0.0
230180666,Lawrence,0.0
230191066,Qazz,0.0
230204625,Richard,0.0
230207572,Sujitta,0.0
230222551,Vy,0.0
230238351,Caroline,0.0
230276342,Ashton,0.0
230309390,Sophie,0.0
230326445,Angela,0.0
230331096,Olugbenga,0.0
230350247,Alex,0.0
230359175,Finest Retreats,0.0
230389356,Gabriella,0.0
230389375,Parada,0.0
230398281,Maria,0.0
230410973,Nathan,0.0
230435132,Miki,1.0
230436629,Xu,0.0
230440926,Rebecca,0.0
230501298,Ozan,0.0
230502217,Peter,0.0
230502925,Gosia,0.0
230559266,Jane,0.0
230571367,Katrina,0.0
230586895,Aom,1.0
230586918,Bamrung,0.0
230637653,Andrew,0.0
230649719,Beverley Apartments,0.0
230688038,Gloria,0.0
230694585,Valerie,0.0
230702750,Adam,0.0
230704976,Tatiana,0.0
230707799,Fiona,1.0
230750104,Hoang,0.0
230760797,Tammy,1.0
230764300,Olawale,1.0
230838741,Mustafa,0.0
230882481,Fahema Talukder,0.0
230974691,Rokhila,0.0
230985113,Gamal,0.0
231041378,Parul,0.0
231041483,Piti,1.0
231045853,Kornnika,1.0
231049250,Grazy,1.0
231054416,More,0.0
231064455,Maria,0.0
231072212,Randy,0.0
231106657,Julie,0.0
231125246,Ibrahim,0.0
231134657,Rory,0.0
231156926,Gheorghe,0.0
231168574,Bernie,0.0
231233810,Dale,0.0
231238100,Julia,0.0
231239852,Aimy,1.0
231256434,Ludolf,0.0
231268951,Hannah,0.0
231287079,Catherine,0.0
231320065,Pearl,0.0
231364225,Lennah,0.0
231391633,Yinhuan,0.0
231398236,Amanda,0.0
231404353,Kawinmai,0.0
231406263,Floral Blossom Sathorn,0.0
231410826,Jacob,0.0
231428623,Kehinde,0.0
231450094,Kamidu,1.0
231472602,Raquel,0.0
231485839,Cagan,0.0
231492475,Haroon,0.0
231494325,Farooq,1.0
231515197,Nicholas,1.0
231518009,Ziba,1.0
231520723,Pongthanit,1.0
231551403,Lina,1.0
231594034,Daniel,0.0
231621397,Mark,0.0
231644145,Kush,0.0
231647798,Akora,1.0
231652312,Charlie,0.0
231695873,Evanthis,0.0
231700476,Nick,1.0
231712831,Claire,0.0
231758047,Shafi,0.0
231768438,Alexandre,0.0
231779400,Xin,0.0
231790942,Esther,0.0
231812833,Penny,1.0
231857998,Joyce,0.0
231862215,Eddie,1.0
231885549,Anthony,0.0
231958160,Mikhaila,0.0
232019913,Ben,0.0
232040915,Pablo,1.0
232042890,Phoebe,0.0
232043430,Nouran,0.0
232055396,Rochelle,1.0
232157143,Avi,0.0
232157948,Samuel,0.0
232178505,Agnė,0.0
232182381,Domenic,0.0
232197924,Oliver,0.0
232211333,Jade,0.0
232250590,Helen,0.0
232284519,Shannan,0.0
232330404,Maria,1.0
232331678,Sule,0.0
232364256,Slawek,0.0
232372828,Amin,0.0
232420149,Justine,0.0
232453513,Oui,1.0
232507250,Ria,0.0
232527372,Nazaleen,0.0
232539655,Stephanie,0.0
232559390,Chris,0.0
232570283,Hughie,0.0
232614123,Becky,1.0
232616278,Ian&Iris,0.0
232622367,Adam And Rita,0.0
232677149,Snow,1.0
232693681,Svaja,0.0
232727116,Rasha,0.0
232730913,Apple,1.0
232794735,Sylvia,1.0
232800111,Syed Hammad Raza,0.0
232843030,Kenn,1.0
232870418,Boyana,0.0
232884117,Ouipinkkk,0.0
232891132,Simon,0.0
232912653,Harriet,0.0
232917451,Patricia,0.0
232918373,Diya,0.0
232933617,Kate,0.0
232959194,Marta,0.0
232977481,Joshua,0.0
232979623,Anna,0.0
233028693,Nathalie,0.0
233097516,Ammara,0.0
233116706,Chu,0.0
233127920,Emmanuel,0.0
233132913,John,0.0
233141626,Anya,1.0
233159287,Raj,0.0
233160242,Hilary,0.0
233178213,Olivia,0.0
233185641,Sewwandi Nisansala Wijesekera,1.0
233187643,Ahmet,1.0
233209411,Asif,0.0
233232624,Rowena,0.0
233277199,Natalie,1.0
233280409,Sourabh,0.0
233384752,Alicia,1.0
233403554,The Exclusive Townhome,0.0
233484010,Arun,0.0
233536909,Benjamin,0.0
233555738,Rhonda,1.0
233584051,Jodie,1.0
233618327,Shady,1.0
233676141,Vanessa,0.0
233767380,Momay,0.0
233773864,Christiane,1.0
233776128,Katarina,0.0
233824114,Ophelia,0.0
233895593,Alina,1.0
233902485,Samantha,1.0
233909700,Aldor,0.0
233913848,Ferhat,0.0
233929681,Michael,1.0
233963160,Ray,1.0
233974961,Colina,1.0
233990949,Tegera,0.0
234140928,Chris,1.0
234157253,Kaye,0.0
234159290,Stephen,1.0
234217021,Will,0.0
234236412,Leo,0.0
234266552,Daniel,1.0
234323779,Patty,1.0
234346644,Sean,0.0
234383199,Sam,1.0
234423891,Duffotel,1.0
234450601,Nic,0.0
234450607,Johnson,0.0
234467412,满荣香,0.0
234475351,Katie,0.0
234479089,Melania,0.0
234487623,Josephine And Melvin,0.0
234490968,Lucy,0.0
234566187,B,0.0
234591182,Kirsty,0.0
234596179,Agnieszka,0.0
234599859,Syntich,0.0
234600442,Pal,1.0
234632869,Marcia,0.0
234672709,Maxim,0.0
234695769,Sara,0.0
234695865,Mr.Ben,0.0
234704101,Maura,0.0
234705991,Naeem,0.0
234733670,Terry,1.0
234750187,Mae,0.0
234781588,Daniela,0.0
234806977,Nick,0.0
234810641,Salek,0.0
234834302,Nazen,0.0
234850349,Anish,0.0
234869065,Jirathorn,0.0
234914474,Pinyapat,1.0
234963116,Amaka Cynthia,0.0
234975619,Peter,0.0
234983307,Luke,1.0
235018510,Mariana Lucia,0.0
235021417,Kc,0.0
235028218,Lila,0.0
235046163,Stuart,1.0
235078015,Muhammad Diluwar,0.0
235117744,豆,1.0
235124392,Ram,0.0
235135286,May,0.0
235135484,Cindy,1.0
235137306,Quirin,0.0
235148890,Stella,1.0
235159183,Riley,0.0
235191100,Lisa,1.0
235205889,Nadia,1.0
235289608,Viola,0.0
235357026,Anne Eromal,1.0
235377495,Jang Kanyanat,1.0
235409970,Hermine,1.0
235430866,Tania,0.0
235444736,Anuttaka,0.0
235453933,Michael,1.0
235552309,Diệp,0.0
235618827,Jonathan,0.0
235637568,Tim,0.0
235650223,Mark,0.0
235653875,Mousumi,0.0
235655451,Anna,0.0
235741835,Khayam,0.0
235794289,Tisha,0.0
235801778,⁨พนัชภัชสรณ์⁩,0.0
235836617,Bavinder,1.0
235852134,John,0.0
235922463,Lisseth Justeen,0.0
235963197,Liya Irem,0.0
235982321,Jo,1.0
235986102,Giao,0.0
236026618,Joy,1.0
236036962,Claire,1.0
236045252,Shona,0.0
236090227,Lauren,0.0
236096296,Chima,0.0
236105077,Agnes,0.0
236155072,Hilda,0.0
236156474,Britani,0.0
236176226,Christine,0.0
236205233,Sirada,0.0
236214283,Genevieve,1.0
236226586,Neville,1.0
236306083,Tib,1.0
236307858,Nidhi,0.0
236339535,Ana,0.0
236402667,Salli,1.0
236406243,Martyn,1.0
236467545,Darlene,1.0
236468648,Anchalee,0.0
236486044,Edie,0.0
236495950,Rachel,0.0
236503157,Mark,0.0
236561053,London Dream Stays,1.0
236565999,Mariia,1.0
236566238,Paul,1.0
236593727,Faarya,0.0
236594311,Nareerat,0.0
236645091,Ingrid,1.0
236657155,Weerakarn,1.0
236673690,Guy,1.0
236692129,Carla,0.0
236707779,Dean,0.0
236727972,Pippa,0.0
236741910,Bahareh,1.0
236751166,Mai,0.0
236780697,Seun,1.0
236827640,Brigitte,0.0
236828055,Margaret,1.0
236829975,Jadesola,0.0
236864223,Mala,0.0
236921270,Joyce,0.0
236955310,Karl,0.0
237034378,Olu,0.0
237101625,Snow,1.0
237120452,Naomi,0.0
237147488,St Christophers Inn Liverpool St,0.0
237152387,Laverne,0.0
237173249,Oliver,0.0
237185613,Jolie,1.0
237189236,Thomas,0.0
237214717,Kimberley,0.0
237215605,Isobel,0.0
237233524,Simon,0.0
237281582,Kamoru,0.0
237308198,Jo,0.0
237335836,Zoja,0.0
237341810,Kerry,1.0
237449179,Laura,0.0
237527007,Jay,0.0
237531503,Jessica,0.0
237580196,Leanne,1.0
237615014,Tanya,1.0
237643623,Athena,1.0
237678569,Emmanuel,0.0
237726683,Damian,0.0
237734201,Maxwell,0.0
237751348,Mansome,0.0
237763185,"⁨Living Naraa,⁩",0.0
237766463,James,0.0
237824251,Peter,1.0
237829406,Aniruddha,0.0
237891652,Robyn,1.0
237902864,Lucie,0.0
237923279,Perouse Randwick,0.0
237933432,Jessica,0.0
237963543,Vivian,0.0
237971515,Pimpakan,0.0
237979094,Claudette,0.0
237985785,Josh,0.0
237987815,Chuti,0.0
238080155,Newton,0.0
238084282,Morenike,0.0
238133344,Donna,1.0
238150904,Veriu Green Square,1.0
238164037,Maria,0.0
238173693,Stuart,1.0
238195812,Exostay,0.0
238223993,Heidi,1.0
238314409,Carlo,0.0
238373247,Morris,0.0
238416407,Megan,1.0
238431035,Lalit,0.0
238458615,Sykes Holiday Cottages,0.0
238497430,Sasha,1.0
238547255,Mandy,0.0
238563059,Kate,0.0
238577319,Thomas,1.0
238613127,Mohsin,0.0
238627409,Zoe,1.0
238654694,Irene,0.0
238670778,Aarav,1.0
238688171,Nico,1.0
238698493,Gintare,0.0
238708617,Nikol,0.0
238720209,Richard,0.0
238738748,Lisandro,0.0
238759485,Maria Pilar,1.0
238800355,Florin,0.0
238842389,Rachel,0.0
238845484,Hamid,0.0
238849309,Kenza,0.0
238869318,Ms Gizem,0.0
238879153,Amirah,0.0
238888821,Nathapat,0.0
238892717,Rachel,0.0
238903426,James,0.0
238920108,Veeris,0.0
238944388,Juan Pedro,0.0
238969003,Ra'Ed,1.0
238977265,Oguldondi,0.0
238980451,Rob,0.0
239003643,Chayakorn,0.0
239007326,Debbie,1.0
239024325,Adam,0.0
239055154,Kaley,1.0
239099126,Archaree,0.0
239117699,Amelia,0.0
239120332,Milan,0.0
239146811,Victor,0.0
239157088,Ann,1.0
239188359,Steven,0.0
239225756,Nong,0.0
239248288,Yang,0.0
239255539,Jake,1.0
239294673,Teeraka,1.0
239315216,Andy,0.0
239348972,Sam,0.0
239364915,Naomi,0.0
239372670,Shiva,0.0
239389535,Homes,0.0
239461831,Chris,1.0
239469095,Hide And Seek Hometel,1.0
239478036,Janeth Marantan,1.0
239484410,Dorel,0.0
239537175,Fi,0.0
239579357,Sabira,0.0
239580888,Romario,0.0
239583810,Michael,0.0
239641395,High Cross Randwick,0.0
239642322,性梅,0.0
239648224,Cory,0.0
239714853,Damien,0.0
239714873,Melissa,1.0
239736058,Kanwarin,0.0
239846720,Avoca Randwick,0.0
239898508,Chris And Geoff,1.0
239914795,Parichat,0.0
239919677,Latika,0.0
239926601,Paloma,0.0
239932741,Abayomi,0.0
239937308,Essence,0.0
239968408,Pranvera,0.0
239969629,Jenny,0.0
239987384,Madeleine,0.0
240042575,Filipa,0.0
240082736,Anissa,0.0
240125979,Phannivat,0.0
240181692,Pamela,0.0
240185193,Bibhuti,0.0
240194325,Chris,1.0
240208080,Kostiantyn,0.0
240285213,Nell,1.0
240329444,Teerajit,1.0
240335152,Chanya,0.0
240372653,Sophie,1.0
240392441,Nyree,1.0
240420786,Chutima,1.0
240427644,Moises,1.0
240473104,Sam,0.0
240473406,Etsh,0.0
240478360,Konnie,0.0
240507649,Attila,1.0
240517215,Md,1.0
240577192,Erika And Mark,1.0
240585050,Yuliya,0.0
240587837,Sthapanik,0.0
240603715,Sasikarn,1.0
240641033,Sarah,0.0
240677249,Kadipoko,0.0
240734335,Shashini,0.0
240843157,Imran Mohammed,0.0
240856944,Cristina,0.0
240891727,Duccio,1.0
240900150,Rakhee,0.0
240900566,Tina,0.0
240928041,Jack,0.0
240935924,Hotel Challis,0.0
240966661,Jacqueline,0.0
240970579,Monica,0.0
240980407,Punpitcha,0.0
240994480,Key Host Holidays,0.0
241043289,Mustafizur,0.0
241109560,Kishana,0.0
241153842,Good,0.0
241241619,Kurt,0.0
241252818,Uzo,0.0
241264836,Derek,0.0
241282145,Dream Space Element,0.0
241305355,Nicola,1.0
241309523,Sam,0.0
241410110,Pantaree,0.0
241426382,Natty,0.0
241431747,Alessandro,0.0
241437147,Alex,0.0
241455877,Ben,0.0
241473102,Malika,0.0
241601368,Michelle,0.0
241641109,Victor,0.0
241707983,Tyrone,1.0
241736858,Ty,0.0
241738282,Lisa,0.0
241741347,Emmanuel,1.0
241756062,Rashel,0.0
241790964,Christopher,0.0
241829932,Jung Jae,0.0
241915474,Franklin,0.0
241934114,Kalin,0.0
241967588,Valentina,1.0
242015452,Joy,1.0
242022662,Puscha,1.0
242023340,Lavender Guest House,0.0
242035828,Harry,0.0
242045977,Colin,0.0
242096441,Chris,1.0
242119709,Sam Pass The Keys,0.0
242122561,Paula,1.0
242137266,Angel,0.0
242164879,Sammy,0.0
242221112,Ivana,0.0
242221151,Andrew,0.0
242296638,Jimmy,0.0
242396490,Joseph,1.0
242408594,Shannon,0.0
242422458,Idris,0.0
242446551,Andrew,0.0
242454658,Alecsei,0.0
242489273,Desmond,1.0
242502351,Ameer,0.0
242541565,Daniel,0.0
242564888,Gemma,0.0
242578254,Thi,0.0
242679917,Nina,0.0
242691344,Ruth,1.0
242757086,Hamish,0.0
242819234,Hotel Ravesis,1.0
242884565,Racheal,0.0
242996397,Leslie,0.0
243070888,Mari,0.0
243085599,Didi,0.0
243098700,Pam,1.0
243106243,Natalia,0.0
243118371,Kelsey,0.0
243157388,Casey,0.0
243165767,Firuze,1.0
243196871,Caroline,1.0
243248961,If,0.0
243265553,Fouad,1.0
243323363,Fatuma,0.0
243386029,PY Team,1.0
243398057,Monte,0.0
243407322,Pascal,0.0
243418690,Fernanda,0.0
243443493,Linda,0.0
243466504,Hadiza,1.0
243612726,Emma,1.0
243618651,Vanshika,0.0
243624879,Challika,0.0
243647232,Kiran,0.0
243654968,Viia,0.0
243658617,S-J,1.0
243680787,Gary,0.0
243809723,Roshi,0.0
243829239,Joscelyn,1.0
243857633,Amelia,0.0
243877572,Angeliki,0.0
243900892,Joseph,0.0
243941083,Emma,0.0
243957865,Su,0.0
243975656,Alex,1.0
244085841,Laurie,0.0
244100102,Daniel,0.0
244113264,Vishal,0.0
244121667,Morenike,0.0
244137987,Caroline,0.0
244145136,Sean,0.0
244186594,Ayana,0.0
244187967,Fadumo,1.0
244188202,Im,0.0
244204859,Suitable Stays,0.0
244246048,Asko,0.0
244313142,Siddhartha,0.0
244331544,Uwa,0.0
244341549,Helena,0.0
244346653,Max,0.0
244384102,Kerstin,0.0
244484499,Anya,0.0
244487192,Valeria,0.0
244502930,Annika And Amon,0.0
244504817,Jake,0.0
244548391,Chumpon,0.0
244549146,Mannat,0.0
244582449,Joe,0.0
244676758,Chris,0.0
244717133,Georgina,0.0
244750443,Faizana,0.0
244774670,Lucie,0.0
244961269,Thanooja,0.0
244986568,Daniel,0.0
245020491,Sasiton,0.0
245047643,Leanne,0.0
245060916,Raheel,0.0
245063954,Erin,0.0
245071544,Xavier,0.0
245108400,Tunde,0.0
245115793,Omar,1.0
245188924,Jashan,0.0
245257870,Mii,0.0
245284228,Phil,1.0
245394291,Eleanor,0.0
245483894,Punthip,1.0
245510518,Edward,0.0
245658676,Sheyi,0.0
245708351,Jack,0.0
245714782,Nilubon,0.0
245744819,Marco,0.0
245755494,Sira,0.0
245760907,Yuhui,0.0
245836747,Lucy,1.0
245847007,Alex,1.0
245856313,Davide,1.0
245924343,Gee,0.0
245932844,Andy,0.0
245942368,Gerard,0.0
245977001,Andy,0.0
246057799,Angeles,0.0
246066801,MaisonNets,0.0
246150528,Jess,1.0
246151445,Jay,0.0
246161293,Alice,1.0
246167719,Charlotte,0.0
246186798,San,0.0
246206759,Norah Marcella,0.0
246207037,Ron,1.0
246230972,Bruce,0.0
246264971,Lynette Catherine,1.0
246321350,Trevor,0.0
246343772,Ha,1.0
246378386,Mike,1.0
246414256,Olga,0.0
246423474,Diego,0.0
246436154,Cherry,0.0
246442995,Gjerson,0.0
246448705,Candy,0.0
246503628,Bj,0.0
246523174,Elena,1.0
246553811,Napong,0.0
246587194,Nelly,0.0
246612954,Ada,0.0
246735582,Kayasidh,0.0
246735594,Pam,0.0
246746516,Neelum,0.0
246747307,Edward,0.0
246749027,Orrathai,0.0
246756792,Francesca,0.0
246757150,Christina,0.0
246757724,Jamiee,0.0
246800220,Eloise,1.0
246817597,Helena,1.0
246819359,Jasmine,0.0
246859982,The Broadway Hotel,0.0
246873177,Fiola,1.0
246906638,Sri,1.0
246974085,Melissa,0.0
246998664,K Suites,0.0
247013494,Alessandro,1.0
247045646,Anzhelika,0.0
247093506,Tim,0.0
247160607,Preethal Kalvaje,0.0
247190620,Margaretha,0.0
247203902,Note,0.0
247213063,Irene,0.0
247269848,Christopher,0.0
247304552,Paul,1.0
247331314,Faary,0.0
247339942,Lulada,0.0
247355013,Yaks House,0.0
247371703,Mingjing,0.0
247400771,Tahmina,1.0
247401651,Ryad,0.0
247401681,Fleur,0.0
247410998,Summer,0.0
247437729,Stephan,0.0
247449348,Davina,1.0
247454484,Oscar,0.0
247466382,Irina,1.0
247504734,Malcolm,0.0
247527097,M Joana,0.0
247552277,Holy Sheet,0.0
247594371,Sophie,0.0
247598165,Alfred,0.0
247599349,Gabby,0.0
247637987,Paul,0.0
247681033,Gus,0.0
247688530,Michael,0.0
247707160,Kitty,0.0
247727526,Charin,1.0
247737147,Sadr,0.0
247779842,Gilbert,1.0
247799144,Edmund,0.0
247830460,Namrata,0.0
247859292,Marissa,1.0
247871154,Michael,0.0
247921720,Paul,1.0
248030681,Joanna,0.0
248048838,Andrew,0.0
248115242,Quyet,0.0
248120375,Patinee,0.0
248144381,Farrah,0.0
248165407,Mohamed,0.0
248165798,Kelly,1.0
248168989,Sheya,1.0
248196378,Jordan,0.0
248201804,Patanee,1.0
248214807,Jade,0.0
248364377,Sompop,0.0
248370022,Claudine,1.0
248409981,Talyson,0.0
248491285,Katherine,0.0
248502414,Jena,1.0
248564618,Gerard,1.0
248578178,Kruti,0.0
248633838,Ben,0.0
248681140,Debra,1.0
248698062,Shuwen,0.0
248706040,Chris,0.0
248713469,Olegs,1.0
248714436,Nicolo,0.0
248753021,Napat,0.0
248787968,Jonathan,0.0
248823527,Anna,0.0
248832211,Lewis,0.0
248921154,Linda,0.0
248940707,Brooklyn,0.0
248970213,Shoes Maker Home,1.0
248991547,Victoria,0.0
248995757,Voraphan,0.0
249007731,Layla,1.0
249113932,Geoffrey,1.0
249139184,Panspond,1.0
249142289,Cong,1.0
249156218,Christabell,0.0
249165189,Apartment,0.0
249177829,Georgios,0.0
249206042,Kamila,0.0
249235677,Neil,0.0
249258565,Farid,0.0
249262429,Phy,0.0
249289081,Mark,0.0
249339236,Melanie,1.0
249368103,Susana,1.0
249378606,Benjamin,0.0
249391960,ภาพร,0.0
249409736,Maria,0.0
249414180,Ismail,0.0
249435143,VeronicaAldana,0.0
249448080,Hemal,0.0
249462180,Ilan Nada,0.0
249494814,Fabrizio,0.0
249511770,Adam,0.0
249512991,Jarita,1.0
249551264,Panavara,0.0
249562446,Courtney,0.0
249599168,Liv,0.0
249604392,Rachel,0.0
249607517,Hugo,1.0
249630390,Jeff,0.0
249659538,Jose Armando,0.0
249708384,Sue,1.0
249806122,Stas,1.0
249816814,Amanda,1.0
249828032,⁨- White Turquoise APARTMENTS -⁩,0.0
249860560,Deng,0.0
249866255,Chloe,0.0
249868326,Thanatchai,0.0
249936617,Bonnie,0.0
249977510,Carmen,0.0
250004939,Madeleine,0.0
250050311,Ara,0.0
250143447,Hoda,0.0
250186288,About The Stay,0.0
250229993,Pismai,0.0
250231133,Pismai,0.0
250306922,Angela,0.0
250344863,Eunyoung,0.0
250364713,Alasdair,0.0
250451144,Mark Lorence,0.0
250470242,Juan,1.0
250473545,Efe,0.0
250513151,Patrizio,0.0
250579352,Fifi,0.0
250613381,Rachel,0.0
250634052,Tallita,0.0
250637260,Ebbe Kyhl,0.0
250644341,Ronnakrit,0.0
250645419,Gregory,0.0
250653521,Joan,0.0
250654429,Haiwen,0.0
250666874,Joe,1.0
250693827,Alex,0.0
250739817,Susanti,1.0
250788813,Kaiman,0.0
250825595,Gladys,0.0
250841859,Kingsley,0.0
250858648,Harry,1.0
250923586,Md. Rezaul,0.0
250951564,Laila,0.0
251024096,Chris,0.0
251029105,Amanda,0.0
251063493,Si,1.0
251094729,Edem Collection,0.0
251382147,Marcio,0.0
251383183,Dejanira,0.0
251407974,Jane & David,0.0
251429214,Sean,0.0
251475219,Kanomping,1.0
251519745,Madhu,0.0
251526488,Cyril,0.0
251553118,Natasha,1.0
251557639,Staybridge,0.0
251620538,Pamela,1.0
251634325,Di & David,1.0
251679603,Akari,0.0
251682936,Fuka,1.0
251695788,Nick B,0.0
251705487,Maria Jose,1.0
251746881,Carol,0.0
251825985,Ping En,0.0
251830931,Stephen,0.0
251844922,Supharit,0.0
251847056,Nancy,1.0
251856558,Leslee,0.0
251885301,Richard,0.0
251938120,Felicia Omeriowan,0.0
251991444,Marco,0.0
252006101,Nandini,0.0
252028292,Ellen,0.0
252030642,Jordan,0.0
252076709,Pacific,0.0
252079804,Jennifer,0.0
252081416,Viktorija,0.0
252100083,Yan Ni,0.0
252153779,Rebecca,0.0
252168128,Rashi,0.0
252200436,Mary,0.0
252265282,Bhasapass,0.0
252303991,Sleepy,0.0
252350161,Ursula,0.0
252396371,Celine,0.0
252401760,Valeria,0.0
252481095,Kerren,1.0
252499057,Jaydeepkumar,0.0
252513322,Marcelle,0.0
252566081,Daniela,0.0
252627753,Emma,0.0
252633028,Sharise,0.0
252634436,Marta,0.0
252666806,Salty,1.0
252759762,Dalinporn,1.0
252761913,Maria Louise,0.0
252762008,Anukul,0.0
252785172,Dominic,0.0
252793730,Mich & Ben,0.0
252810615,Rizwan,0.0
252850344,Maureen,1.0
252938624,Samon,0.0
253013848,Kai,1.0
253015228,Sky Night Hotel,0.0
253020499,Katie,0.0
253038350,The Hadley Hotel,0.0
253069268,Nikki,1.0
253079914,Ali,1.0
253086439,Deenish,1.0
253092643,Joseph  J,0.0
253101990,Rich,1.0
253120340,Alex,0.0
253145060,Luca,1.0
253163591,Ivy Lee,1.0
253180176,Giny,0.0
253184886,Gib,0.0
253185940,Laetitia,1.0
253203320,Yvonne,0.0
253209286,Alexandra,0.0
253215881,Tala,1.0
253250962,Kim,0.0
253253911,Colin,0.0
253309176,Bode,0.0
253312984,Ram,0.0
253326203,Peter,1.0
253369797,Nancy,1.0
253402284,Svetlana,0.0
253420291,Giulia,0.0
253428351,Padraic,0.0
253449105,Richard,0.0
253456469,Barney,0.0
253463759,Perfect Stay,0.0
253503501,Carolina,0.0
253512003,Remy,1.0
253603250,Lindy,1.0
253619978,Babatunde,0.0
253622321,Ophelie,0.0
253666582,Edwin,0.0
253679544,New,0.0
253708126,Surakat,0.0
253770602,⁨Baan1668⁩,0.0
253787023,Yilsa,0.0
253787977,Selina,0.0
253820118,Alma,0.0
253862864,Niko,0.0
253871159,Yams,1.0
253895891,Nima,0.0
253902590,Lilia,0.0
253913624,Yusuf,0.0
254007808,Helen,0.0
254057394,India,0.0
254150508,Holgo,0.0
254203659,Lay Day-Sun Moon,0.0
254208254,Linda,0.0
254212368,Rakesh,0.0
254250480,Ten-Zen,0.0
254252812,Bernie,1.0
254254797,Inna,1.0
254260756,Marina,0.0
254316603,Oxana,0.0
254427140,The Jensen Potts Point,0.0
254451860,Coltrane,0.0
254455950,Valeria,0.0
254466677,Gina,1.0
254472880,We Stay,1.0
254480314,Yean,0.0
254487736,Martin,1.0
254490750,Swain,0.0
254502272,Ivy,1.0
254518226,Chris,0.0
254603056,Lahari,0.0
254632492,Jill,0.0
254927095,Greg,0.0
255188001,Mayo,0.0
255190629,Kat,0.0
255194315,Rewa,0.0
255194647,John,0.0
255319514,Liquan,0.0
255330047,Oksana,0.0
255354922,Curated Property,0.0
255359675,Zilvinas,1.0
255361258,Sanjana,0.0
255424414,Jakub,0.0
255471064,Cameron,0.0
255491883,William,0.0
255510376,Tenn,0.0
255534162,Amelia,1.0
255581539,Fatkhulla,0.0
255619473,Aline,0.0
255621010,Luca,0.0
255636627,Persephone Daphne,0.0
255654786,Bill,1.0
255701595,Jarrod,0.0
255729528,Roelant,0.0
255747590,Yiyang,0.0
255830168,Michelle,0.0
255842927,Elie,1.0
255911174,Dickson,0.0
255913468,Kelvin&Helen,0.0
255940119,Alice,0.0
255941340,Diana,0.0
255945997,The Journey Begins,0.0
255949615,James,0.0
255953712,Jo,0.0
255968282,Suchathis,0.0
255979374,Dongwook,0.0
255979934,Noobee,0.0
255987248,Holly,1.0
256000227,Zzzzz,1.0
256016952,Peerapong,0.0
256018814,Valentin,0.0
256023964,Thomas,0.0
256095246,Trevor,0.0
256152187,Miranda,1.0
256157792,Sama,0.0
256161584,Mark,1.0
256164715,Annalena,0.0
256177650,Rafaela,0.0
256298406,Malcolm,0.0
256303475,Yusuf,0.0
256376256,Jason,0.0
256382062,Ricky,0.0
256392906,Lydia,0.0
256483935,Liva,1.0
256509364,Natalie,0.0
256528404,Nima,0.0
256532416,V One Pride,0.0
256574184,Udomsak,0.0
256606515,Juhaina,0.0
256630758,Mary,0.0
256640956,Fari,0.0
256697883,Lucien,1.0
256699444,Marvin,1.0
256714326,Bala,0.0
256754109,Cindy,0.0
256842871,Arina,1.0
256951754,Christoph,1.0
256952834,Spacy,0.0
256975845,Alicia,0.0
256977618,Shofiq,0.0
256992723,Bhumipat,1.0
257000016,Shane,1.0
257039308,Sam,0.0
257040424,Joao,1.0
257070746,Altin,0.0
257074165,Paul,0.0
257103440,Kylie,0.0
257136607,Thaisa,0.0
257159314,Sukanya,0.0
257162818,Pao,1.0
257164019,Todd,1.0
257221939,Paula,0.0
257223946,Muhammet,0.0
257236385,Alex,0.0
257284133,Sophie,0.0
257284418,Dam,0.0
257299619,Petah,0.0
257312857,Sadaf,0.0
257338407,Karthikeyan,1.0
257383261,Oscar,0.0
257399776,Katya,0.0
257410631,Stefan,1.0
257460041,Dandora,0.0
257510342,Rudi,0.0
257511603,Khushi,0.0
257519389,Gaetan,1.0
257542162,Agnieszka,0.0
257547531,Serdar,0.0
257555981,Rocio,0.0
257572477,Thomas Michael,1.0
257582917,Nattarut,0.0
257601731,Simon,0.0
257602741,Thipjan,0.0
257630438,Rebecca,0.0
257705855,Valentine,0.0
257707793,Fei Fei,1.0
257733503,Ric,0.0
257755493,Amba,1.0
257843382,Feliz,0.0
257844894,Shivdutt,0.0
257879313,David,1.0
257921262,Lisa,1.0
257949803,Mahvash,0.0
257962291,Angel,0.0
257992297,Vince,0.0
257999453,Abi,0.0
258055539,Alexi Stays,1.0
258087440,Marilyn,0.0
258090513,Ir-On,0.0
258113303,Ruby,0.0
258129395,Parun,0.0
258143360,Ramya,0.0
258154594,Atanas,0.0
258202640,Rapaslada,0.0
258203829,Anna,0.0
258236759,Sharjel,0.0
258249604,Jai,1.0
258254795,Catherine,1.0
258291812,Mairéad,1.0
258296300,Amy,1.0
258315618,Douglas,0.0
258332095,Louise,1.0
258338407,Sharon,0.0
258344242,Bella,0.0
258362137,Pantea,0.0
258372348,Chi,0.0
258374562,Paul & Chrissie,1.0
258403219,Kevin,0.0
258442871,Pirat,0.0
258443996,Caolán,0.0
258445253,Kirstin,0.0
258465055,Julian,0.0
258481130,Jennifer,0.0
258484193,Zia,0.0
258568244,Deborah,0.0
258594144,Hallison,0.0
258601420,Sumo,0.0
258627161,Josi,1.0
258710899,Poonam,0.0
258730917,Monica,0.0
258740510,Flo,0.0
258745982,Jacob,1.0
258746744,Sarah,0.0
258758764,Mika,0.0
258763047,Farjana,0.0
258785918,Jack,1.0
258790895,Jeune,1.0
258838839,Terri,0.0
258855371,Anna,1.0
258943920,Smia,0.0
258955032,Amir,0.0
258976599,James,0.0
258997179,Anjinee,0.0
259004258,Ben,0.0
259107165,Pla,0.0
259148474,Ellie,0.0
259199400,Nadia,0.0
259203272,Chayabhorn,0.0
259256947,Quentin,0.0
259278549,Joe A Joseph,0.0
259306151,Dive In,0.0
259359050,Caroline,0.0
259372955,Cherry,1.0
259380998,Donna,0.0
259462409,Grzegorz,0.0
259508905,Kamonthast,0.0
259544468,Shumaila,0.0
259566912,Phakkharin,0.0
259627797,Alaa,0.0
259631422,Natacha,1.0
259638124,Hillsquare,0.0
259670420,Xu Bo,1.0
259684017,Mara,0.0
259688660,Francisco,0.0
259723310,Dhermesh,0.0
259731950,Ice,0.0
259743907,Sonia,0.0
259774290,Danny,0.0
259812581,Lina,0.0
259821808,Benoit,0.0
259897211,Sharney,0.0
259899886,Jenny,1.0
259903218,Joanna,0.0
259913170,Lynne,0.0
259920100,Camillo,0.0
259963664,The London Keys,0.0
259978121,Narawut,0.0
259979281,Sa,0.0
259988855,Piyasuk,0.0
260012274,Mario,0.0
260025512,Matthew,0.0
260043037,Dive,0.0
260049962,Niro,1.0
260123965,Mijan,0.0
260124863,Michele,0.0
260131207,Mario,0.0
260131462,Ashley,0.0
260132357,Yichieh,1.0
260140598,Panya,0.0
260185067,Jj,0.0
260222107,Chandra,0.0
260224318,Marek,0.0
260259497,Andrew,0.0
260351415,Jenny,0.0
260356090,Gabriella,0.0
260366230,Bridget,0.0
260386929,Mariusz,0.0
260387293,Lina,0.0
260436187,Camilla,0.0
260490086,Yasmin,1.0
260529682,Matthew,0.0
260541744,Treza,0.0
260544674,Lily,1.0
260550152,Elizabeth,1.0
260557972,Jannah,0.0
260559712,Katrina,0.0
260638395,Hansa,0.0
260659158,Shaun,1.0
260669310,Deborah,0.0
260746045,Sirous,0.0
260808183,Julian,1.0
260817331,Taylor,0.0
260827101,Komkeeree,1.0
260831328,Ago,1.0
260850524,Evelyn,0.0
260866537,Lucy,0.0
260868061,Eb,0.0
260911166,Sylvia,0.0
260931753,Franklin,0.0
260942462,Evelyn,0.0
260952721,Jessica,0.0
260962787,Vasiliki,0.0
260974693,Vlad,0.0
260986311,Dominic,0.0
261006548,Khizer,0.0
261011565,Tariq,0.0
261054458,Sonia,0.0
261057746,Claire,0.0
261072064,Dimitri,1.0
261112794,David,1.0
261132866,Abi,0.0
261132882,Andrew,0.0
261133981,Rebecca Ann,0.0
261134464,Chayut,0.0
261179167,Alexander,1.0
261196152,Alice,1.0
261230706,Michael,0.0
261272873,Carol,0.0
261291646,Zhiqing,0.0
261302227,Anis,0.0
261350958,Abdulfatah,0.0
261444505,Vitanya,0.0
261511170,F E,0.0
261517094,Hassan,0.0
261533701,Victoria,0.0
261542514,Brie,0.0
261553684,เดชา,1.0
261575173,Sumit Singh,0.0
261575824,Charvi,0.0
261684694,Adam,0.0
261689381,Ebru,0.0
261730812,John,1.0
261736883,Igor,0.0
261747090,Karen,1.0
261766609,Arthur Mellule,0.0
261767271,Charin,0.0
261770767,Helene,0.0
261808047,Julion,1.0
261855959,Zaineb,1.0
261952180,Matt,0.0
261959642,Nicola,0.0
261972333,Kate,0.0
261999598,Surraya,0.0
262031247,Ian,0.0
262103626,Jason,1.0
262105757,Lorena,0.0
262121678,TH Travel,0.0
262124311,Jessica,0.0
262132406,Loksu Baan,0.0
262142228,Ruth,1.0
262157474,Reiz,1.0
262168169,Ploen Pirom,1.0
262198613,Emsal,0.0
262211662,Ae,0.0
262222936,Supercity Aparthotels,1.0
262271474,Catherine Anna C,1.0
262273423,Soba,0.0
262279956,Léon,0.0
262294043,Scott,0.0
262338699,Teerapole,0.0
262340495,Karen Geomara,0.0
262372490,Nathália,0.0
262373435,Sara,0.0
262382477,The Silver Palm Wellness Resort,0.0
262383677,Tim,0.0
262440496,Vashirawit,0.0
262450518,Lucy,0.0
262462818,Kuldip,1.0
262466686,Martina,0.0
262476100,Sylwester,0.0
262490782,Amir,0.0
262531730,Chatey,1.0
262532992,Panaya,0.0
262537613,Alfonso,1.0
262539043,Grace,1.0
262541272,Yan,0.0
262571884,Giuseppe,1.0
262573356,Saul,0.0
262583364,Pretesh,0.0
262604794,Anzhela,0.0
262881675,Kevin,0.0
262917824,Tony,1.0
262917886,Janelle,0.0
262919367,Tony,0.0
262923052,世雷,0.0
262928620,Bilqis,0.0
262934477,Notthamon,0.0
262973164,Denique,0.0
262989701,Idell,0.0
263010637,Ana,0.0
263138835,Vilma,1.0
263139125,Apple,0.0
263171458,Holly,0.0
263175424,Hugh,0.0
263180031,Tasha,0.0
263191997,Iyad,0.0
263223079,Di,0.0
263255453,Karim,0.0
263270611,Таня,1.0
263279068,Yeliz,0.0
263356033,Elements,0.0
263359151,Finn,0.0
263365833,Nomsensingha,0.0
263376937,Catherine,1.0
263409426,Mark Beim,0.0
263418223,Aayush,0.0
263421752,King,0.0
263453897,Lena,0.0
263454030,Samana,1.0
263485888,Rachel,0.0
263578956,Pornchai,0.0
263629449,London Luxury Apartments,1.0
263651205,Isabella,1.0
263659747,John,0.0
263733559,Khalid,0.0
263743972,Thanos,1.0
263759249,Ellie,0.0
263798252,Kongkapan,1.0
263800836,Dianna,1.0
263812247,Angelina,0.0
263832856,Dan,1.0
263834610,Faiza,0.0
263836652,Melanie,0.0
263845191,Robel,1.0
263851153,Samantha,0.0
263861075,Andrew,1.0
263876048,Svetik,0.0
263900754,Zoran,0.0
263902869,Helen,0.0
263909734,Charlotte,0.0
264232353,Osei,0.0
264237159,Niclas,1.0
264240403,⁨อรอรินทร์⁩,1.0
264245792,George,0.0
264251208,Puja,0.0
264304315,Alicia,0.0
264306267,Valerie And Viviene,0.0
264316062,Joanna,0.0
264327632,Miguel Ernesto,0.0
264384716,Anis,0.0
264431290,Amy,0.0
264440955,Migena,0.0
264445790,현우,1.0
264540608,Ann,0.0
264565085,Bec,0.0
264682970,Dani,0.0
264687422,Colin Property Services,0.0
264699294,Jela,1.0
264708591,Yuko,0.0
264729742,Rachata,1.0
264753976,B,0.0
264778935,Yessenia,0.0
264786199,Betty,1.0
264864968,Tricia Xiu,0.0
264877988,Stuart,1.0
264882741,Charlotte,0.0
264896537,Nick,0.0
264902700,Helen,0.0
264904240,Cheryl,0.0
264906988,Shaiful,0.0
264913684,Firas,0.0
264922363,John Lee,1.0
264943793,Jade,0.0
264953716,Joseph,1.0
264975848,Kiki,0.0
264980940,Andy,0.0
265046833,Marvin,0.0
265066514,Gina,1.0
265105298,Heathrow Platform Rooms,0.0
265107244,Louisa,0.0
265116150,Abbas,0.0
265122961,Parisa,0.0
265151339,Muzamil,0.0
265189353,Poom And Fon,1.0
265243137,Adam,0.0
265249438,Paul,0.0
265254126,Reena,1.0
265310650,Ecommerce,0.0
265332963,Alexandra,0.0
265404253,Tony,0.0
265408540,Hm,1.0
265420816,Hilda,0.0
265458057,Clare,0.0
265546228,Som Chomphunud,0.0
265570639,Goldie,0.0
265579323,Charlotte,1.0
265616868,Eleanor,0.0
265660758,Sara,1.0
265709190,Pablo,0.0
265731342,Pranav,0.0
265773549,Ting,1.0
265775228,Pp,0.0
265807665,Tie,0.0
265852689,Aleksandra,0.0
265932582,Stefania,1.0
265956681,Ibrahim,0.0
265991574,Ben,0.0
265994288,Miranda,0.0
265994333,Patricia,0.0
266047791,First,1.0
266108713,Naroa,1.0
266115216,Derek,1.0
266122202,SSB Property Management,0.0
266131742,Wayne,0.0
266171131,Irren,0.0
266200822,Tamara,1.0
266230143,卓尔,0.0
266246352,Lucy,0.0
266255233,Reginald,0.0
266257653,ทัตชญา,0.0
266326708,Molly,0.0
266372217,Channel,0.0
266472363,Sian,0.0
266523781,Sarah,0.0
266536834,P,0.0
266542617,Napat,0.0
266583101,Clare,0.0
266665114,Lakshan,1.0
266703929,GuestReady,0.0
266719315,Praful,0.0
266743555,Ben,1.0
266812235,Derek,0.0
266818709,Nathan,1.0
266845154,Anand,1.0
266898220,Piti,0.0
266916528,Kinga,1.0
266944411,Rachael,0.0
266956880,Sunny,0.0
266962155,Laura,0.0
266965831,Expedius Stays,0.0
267036287,Paige,0.0
267077171,Shriya,0.0
267104110,Moon,1.0
267116375,Lorraine,0.0
267117989,Josephine,0.0
267145666,Maher,0.0
267152037,Emmanuel,0.0
267185154,Avira,0.0
267265940,Grace,0.0
267269300,Steve & Marie,1.0
267286133,Acquire Estate Agents,0.0
267288845,Carolina,0.0
267300860,Saadat,0.0
267303002,Zaida,0.0
267311881,Kevin,0.0
267322745,Anjali,1.0
267335334,Usabai Hotel Charoen Nakorn,0.0
267353835,Abdul Qayyum,1.0
267402470,Stephanie,0.0
267414579,Marian,0.0
267418484,Gaitan,0.0
267470932,Jf,0.0
267498096,Marieke,1.0
267516030,Tamara,0.0
267544092,Sophie,0.0
267567602,Kridsana,1.0
267570740,Ping,0.0
267575257,Priya,0.0
267612263,Rita,0.0
267633015,Ewart,1.0
267646946,Wayne,0.0
267647663,Fabio,1.0
267654320,Blair,1.0
267671916,Jouke,0.0
267746594,Windy,0.0
267762496,James,0.0
267819250,Dunah,0.0
267832585,Petrona,0.0
267857342,Gurpreet,0.0
267876917,Chapter South Bank,0.0
267909002,Folarin,0.0
267910377,Abdullah,1.0
267910501,Matthew,1.0
267954061,Alex,0.0
267988780,Batta,0.0
268015450,Pearly,0.0
268032491,Mike,0.0
268038228,Ufuk,0.0
268042167,Mika,0.0
268046710,Nini,0.0
268066364,Sultana,0.0
268084284,Pakamas,1.0
268087023,Avi,1.0
268176209,CityLodge,0.0
268286763,Andrew,0.0
268291286,Fbs Homes,0.0
268369416,Robert,0.0
268389247,Dimobenis,1.0
268485847,Ioannis,0.0
268516140,Lai,0.0
268516214,David,0.0
268545871,Euston Square Hotel,0.0
268545894,Hans Arno,0.0
268592270,Shresth,0.0
268620237,Ratnanjali,1.0
268697787,Cigdem,1.0
268718627,Clara,0.0
268722336,Jorgia,1.0
268758126,Peter,1.0
268848661,Samson,0.0
268857183,Regal Realms,0.0
268875272,Nora,0.0
268881399,Prao,0.0
268945850,Nin,1.0
268971546,Anon,0.0
268993655,Fatin,0.0
268995141,Hj,0.0
268996844,Steadman,0.0
269035610,Melanie,0.0
269055249,Maria,0.0
269056737,Christine,0.0
269083663,Adeel,1.0
269116251,Tanee,0.0
269179759,Aliza,0.0
269201285,Kanda,1.0
269201542,Izzie,1.0
269212578,Kevin,1.0
269214306,Kate,0.0
269222342,Kayo,0.0
269223993,Edward,1.0
269261940,Ruth,0.0
269389285,James,0.0
269394073,Mali,1.0
269488244,Tiger,1.0
269497604,Tropical,0.0
269553798,Denise,0.0
269624020,Sofei,0.0
269683050,Vachirasak,1.0
269689583,Jill,1.0
269728534,Anna - The Royale Chulan Hyde Park,1.0
269914370,Albert,0.0
269926304,Simone,1.0
269960969,Fernei,0.0
269996093,George,0.0
270082267,Antony,0.0
270132187,Ween,0.0
270163473,Shalmaine,0.0
270196804,Nami,0.0
270210774,P18 Bkk,1.0
270215775,Rob,0.0
270243821,Aim,1.0
270281415,Omotoke,1.0
270307503,Sayinthen,0.0
270313924,Maria Francesca,0.0
270333486,Lilia,1.0
270339589,India,0.0
270363196,Padej,0.0
270380710,Laith,0.0
270415668,Fonae,0.0
270489371,Bronte,0.0
270527708,⁨MinimalLiving9⁩,1.0
270531216,Daniel,1.0
270551531,Nana,0.0
270564670,Ezekiel Paul,1.0
270588432,Tracy,0.0
270589824,Mazi,1.0
270639082,Pinky,0.0
270677271,Glyn,0.0
270698970,Vincenzo,0.0
270723946,Wathit,0.0
270733285,Huruy,0.0
270736678,Maria Katrina Nuguid,1.0
270740748,William,0.0
270791591,DekG,1.0
270831075,Aledona,0.0
270908237,Tom,0.0
270928848,Sanjay,0.0
270928967,Kaem,0.0
270948803,David,0.0
271006964,Abbie,1.0
271013011,Hannah,0.0
271041408,Mikey,0.0
271058667,Urban Oasis,0.0
271082730,Aicha,0.0
271111843,Marta,0.0
271128976,Nina,0.0
271188942,Gilbey,0.0
271262051,Muhammad,0.0
271271919,Andy,1.0
271311349,Rabinder,0.0
271319612,Jennifer,1.0
271380008,Amal,0.0
271426632,Terri,0.0
271530355,Tas,1.0
271582690,Margaret,0.0
271583837,Diane,1.0
271590006,Juan,0.0
271664888,Sandra Liu,1.0
271668057,Elle,1.0
271712599,Sean,1.0
271729656,Moemen,0.0
271755199,Karina,1.0
271766990,Chatthinee,1.0
271833538,Michael,1.0
271852204,Tzvi,0.0
271894447,Frances,1.0
271919567,Bridget,0.0
271932011,Dannie,0.0
271954408,Davide,1.0
272010776,Bungonsri,0.0
272016299,Jorge,0.0
272038245,Hilla,1.0
272130295,James,0.0
272169503,Regardless,0.0
272184900,Tasphicha,0.0
272212139,Sam,0.0
272215104,Lukijan,1.0
272230117,Hareem,0.0
272280617,Ruby,1.0
272346593,Nicole And Peter,1.0
272358230,Ton,0.0
272380312,Joanna,0.0
272396293,Oval,0.0
272410634,Laura,0.0
272420982,Guillaume,1.0
272479987,Jo,0.0
272556902,Adi,1.0
272560215,Rubelyn,0.0
272591436,Mieke,0.0
272628532,Mike,0.0
272650425,Sopa,0.0
272655233,Jasmine,1.0
272655665,Jirawat,0.0
272662474,Mikele,0.0
272662692,Elsa,0.0
272672980,Antwan,1.0
272689194,Stanislaus,0.0
272747093,Md Shofiqul,0.0
272759739,Muhammad Umer,0.0
272763699,Phaye,0.0
272787003,Chloe,0.0
272809190,Dana,0.0
272871696,Cha,1.0
272898790,David Daniels,0.0
272940820,Bea,1.0
272942713,Arashdeep,0.0
272986195,Thibyan,0.0
273012383,Gayle,0.0
273029101,Boss,0.0
273030534,Eduardo,0.0
273068149,Nimisha,0.0
273095403,Fiona,0.0
273113972,Bao,0.0
273116559,Annie,1.0
273186768,Sirikarn,0.0
273232561,Sara,1.0
273355945,Cara,0.0
273357855,Quick Nest Rentals,1.0
273362463,Daniella,1.0
273382795,Treasure,0.0
273433017,Natthakan,1.0
273495929,Rachel,0.0
273501645,Pla'Nmt,0.0
273603220,Signature Stays,0.0
273607183,Marian,0.0
273690888,Sarita,1.0
273694447,Suppakornd,0.0
273701410,Jirayu,1.0
273716848,Man,0.0
273754634,Thitima,1.0
273858867,Zara,1.0
273965831,Kwunruthai,0.0
274026012,潜,0.0
274031129,Frances,0.0
274130755,⁨Shophouse 26⁩,1.0
274146340,Tanzila,0.0
274182049,Kirstin,0.0
274192550,Nicholas,0.0
274347943,Nomads,0.0
274416928,Georgia,0.0
274418925,ชลธิชา,0.0
274456309,Margarita,0.0
274507737,George,1.0
274574986,Fahimeh,0.0
274581061,Lucy,1.0
274590161,Kieran,0.0
274597319,April Properties,1.0
274597386,Kirsten,1.0
274656962,Alya,0.0
274692914,Dalla,0.0
274717375,Giovanni,0.0
274753092,Louise Andrea,0.0
274808770,Irene,0.0
274809598,Kethineni,0.0
274833028,Muli-Nights,1.0
274837217,Max,0.0
274885990,Simon,1.0
274948309,Claire,0.0
274949728,Lisa,0.0
274957294,Rahat,0.0
274968098,Bonnie,0.0
274968298,Martin,0.0
274975114,Michael,0.0
275023298,Andre,0.0
275030111,Roy Jungho,0.0
275077364,Jaqua,0.0
275080182,Marta,1.0
275115847,Emma,1.0
275188192,Butler,0.0
275190107,Boramy,0.0
275259473,James Bartholomew,1.0
275303377,Jaymin,0.0
275344386,Elliot,0.0
275450195,Sally,0.0
275501306,Sabrina,0.0
275521719,Cove Cannon Street,1.0
275554232,Cathy,1.0
275654882,David,1.0
275692152,Ayokunle,0.0
275736565,Shabz,0.0
275738794,Zinnah,0.0
275743166,Matthew,0.0
275859519,PLFive Host,0.0
275886711,Viviane,0.0
275917883,Douglas,0.0
275926828,Molly,1.0
275946142,Leonora,0.0
276051026,Redon,0.0
276059705,Chris,0.0
276074079,Kalmu,1.0
276200334,Cherry,1.0
276231891,Thi Ha Thu,0.0
276237950,Frankie,0.0
276262615,Temi,0.0
276297126,ดิศกุล,0.0
276312055,Debra,0.0
276320053,Stephen,1.0
276324577,Billie,0.0
276346495,Marta,0.0
276351420,Elseve,0.0
276380677,Elliot,0.0
276381533,Leide,0.0
276392078,Noor,0.0
276393143,Madison,0.0
276418453,G Living,0.0
276518796,Antonino,0.0
276581385,Ryanne,0.0
276645915,Gavin,1.0
276700484,Hongyi,0.0
276722807,Tia,0.0
276734667,Ben,1.0
276763978,David,0.0
276777975,May,0.0
276781306,Alex,0.0
276781399,Tarnita,1.0
276816145,Rawiwan,1.0
276838817,Shiv,0.0
276885304,Mihaly,0.0
276910438,Yolette,0.0
276919788,Marie,0.0
276953713,Steve,0.0
276972461,Noppanan,0.0
276990805,Luke,0.0
276991134,YEHS Hotel,0.0
277073134,Messina,0.0
277079796,Priya,0.0
277136076,Nax,0.0
277153187,Fehmi,0.0
277171220,Tayfun,0.0
277181977,Rodger,0.0
277200380,Karen,1.0
277292193,Khodr,0.0
277316591,Mindday,0.0
277318299,Ellie,0.0
277371452,Guillermo,0.0
277405838,Estefi & Ben,0.0
277710869,Jones,0.0
277721084,Yong,1.0
277740518,MaisonNets,0.0
277751398,Lisa,1.0
277804621,Claudia,0.0
277818302,Rina,0.0
277849361,Tananit,0.0
277891213,Ibraheem,0.0
277944517,Jey,0.0
277945378,Darren,0.0
277960560,Ridhika,1.0
277974144,Lolu,0.0
277975872,Alzira,0.0
277999648,Alan,1.0
278094250,Prinsiri,0.0
278111696,OYO Flexistay Tulsi Aparthotel,0.0
278115893,Jacquie,0.0
278145706,Mbi,0.0
278187554,Arabella W,0.0
278213316,Jo,0.0
278237029,Catherine,0.0
278438621,Lissa,0.0
278467630,Marek,0.0
278478402,Mark Arthur Michael,0.0
278519861,Serene Stays London Ltd,0.0
278549775,John,0.0
278568928,Sarah,1.0
278582299,Juliet,0.0
278582778,Ottilia,0.0
278639677,Poyraz,0.0
278650000,Yusuf,0.0
278650486,Michael,0.0
278745967,Suzanne,0.0
278757344,Chattrin,0.0
278809455,Kit,0.0
278873560,Annisa,0.0
278897425,Maher,0.0
279001183,MadeComfy,0.0
279049162,Sarah,0.0
279061670,John,0.0
279062358,Praphanphong,0.0
279087441,Brooke,0.0
279112022,Theresa,0.0
279174616,Arzu,1.0
279261471,Sovereign,1.0
279326117,Maple,0.0
279339654,Patcharapong,0.0
279359364,Yetty,0.0
279412246,George,1.0
279443207,Jadd,0.0
279514563,Coco,0.0
279650476,Heather,1.0
279710093,Youssef,0.0
279757656,Chan,0.0
279768187,Evan,0.0
279771342,Mel,1.0
279920972,Sue,0.0
279949513,Alina,1.0
280032392,Augustin,0.0
280146917,Gemma,1.0
280191585,Frank,0.0
280197918,Felicity,0.0
280238356,Ryan,0.0
280245529,Michele,0.0
280272108,Olivia,1.0
280287877,Ala Izzat,0.0
280309115,Bruce,0.0
280309692,Taofeek,0.0
280351901,Tharisan,0.0
280408342,Leo,1.0
280433678,Jag Sandhu,1.0
280449201,Rajnu,1.0
280462245,Emma,0.0
280475429,Ben,0.0
280488181,Jenny,0.0
280554893,Joel,0.0
280655662,⁨3SIXTY5 Stays⁩,0.0
280657820,Raphael,0.0
280661955,Deborah,0.0
280662223,LuxEdge Real Estate Limited,0.0
280876440,James,0.0
280879170,San,0.0
280895637,Brightworks Property,0.0
280903900,Romero,0.0
280948537,Mario,1.0
281011609,Nkwanga,0.0
281013094,MJ Boat Hire,1.0
281052771,Saadet,1.0
281088739,Sadna,0.0
281258403,Yowara,0.0
281304037,Ms,0.0
281309844,Mayra,0.0
281318184,Kathryn,0.0
281318760,C,0.0
281340146,Toshiaki,1.0
281351579,Mark,0.0
281531502,David,0.0
281561760,Lju,0.0
281589768,Julian - Cocoon Luxury Properties,0.0
281617350,Oneday,0.0
281622586,Snezana,0.0
281674692,Fausto,1.0
281681598,Olivia,0.0
281730265,Rocco,0.0
281767013,Guy,0.0
281854900,David,0.0
281883180,Claire,0.0
282049438,Thanadchaporn,0.0
282344328,Ahsan,0.0
282381234,Jirachaya,0.0
282403697,Daniel,0.0
282425955,Dagmara,0.0
282564339,Christiana,1.0
282569271,Zack @ Opuluxe Stays,0.0
282601112,Frankie,0.0
282684177,Marina,0.0
282700270,My Property Host,0.0
282858424,Caroline,0.0
282894939,Rahima,0.0
282950340,Dwellers,0.0
283073427,Quest Penrith,0.0
283106647,Napat,1.0
283130001,Vivian,0.0
283137295,Daniela,1.0
283188051,Hafiz,0.0
283335235,Mark,0.0
283365357,Michael,0.0
283400041,Terry,0.0
283498077,Dom,0.0
283558017,Hope,0.0
283565412,Pakjira,0.0
283567918,Lisa,0.0
283612122,Mustaq,0.0
283626504,Chichi,0.0
283666264,Prangsiri,0.0
283753957,Georgina,0.0
283885113,Brian,0.0
283888022,Amanda,0.0
283894855,Lucie,1.0
283932620,Betul,0.0
283944931,Emmanuelle,1.0
283946405,Roy,0.0
283973852,Marvin,0.0
284041633,Siriphatchara,0.0
284091244,Ajay,0.0
284110275,Jayna,0.0
284123053,Chumpol,0.0
284242450,Laphat,1.0
284311830,Henry,0.0
284426674,Suthasinee,0.0
284448846,Marc,0.0
284451949,Miriam,0.0
284458183,George,0.0
284459481,Beste,0.0
284465973,Ricardo,1.0
284467425,Mike,0.0
284527350,Rattanaporn,0.0
284549024,LuYa,0.0
284561124,Venera,0.0
284569479,Lydia,0.0
284638499,David,0.0
284646710,Manohar,0.0
284743030,Alexandre,1.0
284915717,Charlie,1.0
284942506,Chris,0.0
284959966,Takako,0.0
284988800,Vipin,0.0
285001055,Sabrina,1.0
285031811,Virginie,0.0
285099986,Marcus,0.0
285107313,Marcus,0.0
285115859,Gbolahan,1.0
285144090,YEHS Hotel,0.0
285188548,Sema,0.0
285201770,Elliot & Andrea,0.0
285207288,Tawee,0.0
285240226,Hayya,0.0
285273248,Neide,0.0
285358470,Aldo,0.0
285388688,The M Collection LDN,0.0
285393610,Marly,0.0
285488167,Rick,0.0
285591880,Pat,0.0
285679713,Kwinfiona,1.0
285728582,Valentina,0.0
285887417,Jean,0.0
285960865,Mm,0.0
285983635,Firoozeh,0.0
286009917,Caio,0.0
286023340,Chinelo,1.0
286077797,Shery,0.0
286163814,Abdullah,0.0
286232680,Chidchanok,0.0
286256575,Rafiudeen Kursheed,0.0
286463956,Noza,0.0
286545102,Danielle,0.0
286564037,Vicky,0.0
286576268,Craig,1.0
286628752,Mila Management,0.0
286650462,Anne,0.0
286762104,Alessandra,0.0
286786950,Paul,1.0
286813410,Silvia,1.0
286818891,Naz,1.0
286850037,Victoria,0.0
286866818,樊,0.0
286871595,William,0.0
286912539,Francesco Adolfo,0.0
286960592,Ace Suites,1.0
286973319,Rafaela,0.0
287042073,Jake,0.0
287058556,Ian,0.0
287069813,Sohil,0.0
287074415,Smc,0.0
287119379,Bel,0.0
287195377,Ricky,1.0
287204064,Ran,0.0
287212105,Sayf,1.0
287256144,Chris,1.0
287312593,Oliver,0.0
287313056,Theme,0.0
287319259,Cove Arne Street,0.0
287329827,Redas,0.0
287330399,Demetri,1.0
287336991,Helena,0.0
287419744,Max,0.0
287436089,Krzysztof,0.0
287618262,Kingsley,0.0
287734649,Ethan,1.0
287768288,Saksudasuriya,0.0
287773697,Sai,0.0
287782238,Dave,0.0
287826297,Suriphum,0.0
287839421,Dhruv,0.0
287926321,Rana,0.0
287988340,Best Center,0.0
287999083,Gary,0.0
288017510,Marco,0.0
288028911,Susie,0.0
288033747,Matthew,1.0
288069697,JM4 Properties Ltd,0.0
288115513,Pasit,1.0
288142440,Felistas,1.0
288308132,Karime,1.0
288332309,Bee,0.0
288339075,佳純,0.0
288389632,Kavin,0.0
288496523,Pritam,0.0
288577884,Gregory Stephenson,0.0
288584228,Michael,1.0
288584897,Nirmani,0.0
288597854,James,0.0
288612350,Radoslav,0.0
288641508,Alistair,0.0
288675585,Right Now Rooms,0.0
288731071,Angelo,0.0
288743418,Chun,0.0
288771095,Alket,0.0
288783248,Jackie,1.0
288796630,Frances,0.0
288822916,Veronika,0.0
288832986,Fatma,0.0
288884371,Evita,0.0
288947888,Solomon,0.0
289023078,Chupong,0.0
289059068,Sanjay Vig,0.0
289063511,Susana,1.0
289113246,Benjamin,0.0
289172333,Dale,0.0
289177641,Emma,1.0
289192518,Patricio,0.0
289290953,Lucy,0.0
289307072,Jeannette,0.0
289313885,Dayo,0.0
289352261,Derek,0.0
289355371,Shade,0.0
289492298,Nicole,0.0
289541650,Ide And Faron,1.0
289571975,Venitia,0.0
289641685,Cydney,0.0
289723060,Ethan,0.0
289749657,Arnupap,0.0
289770929,Mark,0.0
289782032,Ellen,0.0
289795224,Funn D,0.0
289817949,Barbara,0.0
289828425,Harriet,0.0
289828484,Shreeya,0.0
289859993,Savakis,0.0
289937208,Fatima,0.0
289953179,Shumin,1.0
290008788,Nick,0.0
290025814,Matteo,0.0
290049738,Fawad,1.0
290124266,Moon,0.0
290137480,Maxx Apartments,0.0
290161334,Mervyn,1.0
290188196,Panrada,0.0
290191390,Erum Zohair,0.0
290249656,Sujaree,0.0
290277902,Nadeem,0.0
290282695,Rashila,0.0
290303592,Arachaporn,0.0
290346440,Stefano,0.0
290374208,Jessica,1.0
290440466,Somchok,0.0
290451212,Sarika,0.0
290457793,Kave,0.0
290460563,Ailton,1.0
290463726,Daniela,0.0
290467576,Adebiyi Olusegun,0.0
290468506,Douglas,0.0
290513507,Rahul,0.0
290543035,Abdolreza,0.0
290755208,Cuqui,0.0
290793482,Achol,0.0
290849074,Johannes,1.0
291000499,Keerana,0.0
291007401,Shay,0.0
291012142,Ibby,0.0
291048222,Jay,0.0
291200967,Danika,0.0
291212451,Prasit,0.0
291233372,Chiara,0.0
291246751,Preecha,0.0
291284470,Bell,0.0
291293007,Ploynapus,0.0
291317101,Jeanne,0.0
291629568,Keenan,0.0
291727818,Mymint,0.0
291737078,Niko,0.0
291747584,SACO Holborn Lamb's Conduit St,0.0
291770051,⁨Suphattra​⁩,1.0
291778014,麒程,0.0
291791251,FourShare,1.0
291845805,Damian,0.0
291914133,Olukemi,0.0
291919852,Brent,0.0
291923708,Victoria,0.0
292050035,Fadua,0.0
292060789,Miller,0.0
292093181,Panatda,0.0
292167559,Volha,0.0
292217102,Gercica,0.0
292242602,Bryn,0.0
292245863,Eyebrown,0.0
292339782,Jude,0.0
292377393,Ryan,0.0
292407038,Eugene,1.0
292447618,Derek,1.0
292492992,Akin,0.0
292494115,Ashley,0.0
292539596,Francis,0.0
292564277,London Luxury,0.0
292752610,Hongxiu,1.0
292763651,Xiaotong,0.0
292768588,Shahi,1.0
292820176,Ivo,1.0
292870332,Ayo,0.0
292886190,Sudarat,0.0
292943469,Phina,0.0
293020345,Teja,0.0
293113258,Kush,0.0
293229612,James,0.0
293245392,EliteStay,0.0
293262815,Harry,0.0
293285708,Lynne,0.0
293285729,Hikmet,0.0
293327417,Thauaon,0.0
293334163,Tom,0.0
293335091,Christelle,0.0
293371647,Stephen,0.0
293509338,Nonika,0.0
293526132,MaisonNets,0.0
293561026,Supanut,0.0
293575238,Tarae,0.0
293615978,Santi,0.0
293730465,Maho,0.0
293750133,Bode,0.0
293813692,Renate,0.0
293870138,Zhiming,0.0
293876366,Yvan,0.0
293886460,Pathomphong,0.0
293920785,Charlene,0.0
293921598,Melanie,0.0
294086633,Mohamed,0.0
294100242,Lex,0.0
294101621,Bilal,0.0
294144476,YakThai,0.0
294201607,Samantha,0.0
294218760,⁨360stays⁩,0.0
294261406,Jelena,1.0
294301704,Yusuf,0.0
294345312,Durian,1.0
294347156,Jamie,0.0
294358766,Natalie,1.0
294393625,Manifest Property Group,0.0
294404703,George | GioEstate,0.0
294512839,Angela,0.0
294556851,Esmin,0.0
294593879,Simon,1.0
294753246,Biliana,0.0
294777504,โสภณ,0.0
294853659,Anna,1.0
294925013,Daniel,1.0
294933842,Tan,0.0
295052360,Minnie,0.0
295074111,Laura,0.0
295098599,Dusit,0.0
295164261,Suriya,0.0
295175825,Samarth,0.0
295261066,Damien,1.0
295283523,Nuttchamont,0.0
295301737,Emmanuel,0.0
295302170,Mon,0.0
295320280,Nanputita,1.0
295360990,Siham,1.0
295403327,Stay Smart,0.0
295427038,Lorraine,0.0
295605100,Sutha,0.0
295623014,Sira,0.0
295624964,Ellie,0.0
295628962,Tina,1.0
295657940,Tony,1.0
295668053,Alejandra,0.0
295728534,Claudia,0.0
295735792,Suzan,1.0
295789864,Kiko,0.0
295868628,Patricia,0.0
295878778,Ingrid,0.0
295961841,Punnapa,0.0
295963553,Usha,0.0
296010817,Lisa,1.0
296055823,James,1.0
296070724,Patt,0.0
296100201,Dr.Noom,0.0
296118188,Salah,0.0
296242616,Yicheng,1.0
296305775,Annabelle,1.0
296346147,Alessia,0.0
296402009,Lisa,0.0
296526221,Jeff,0.0
296562458,Oliver,1.0
296581045,Elizabeth Jane,0.0
296623833,Graeme,0.0
296638670,Julian,1.0
296646763,Summer,0.0
296652222,Felicity Ann,0.0
296656031,Alex And Sheena,0.0
296659086,Summer,1.0
296708372,Scott,0.0
296789329,Beta,0.0
296799619,Shene,0.0
296826119,Suzanne,0.0
296849520,Renae,0.0
296893130,Sahidul,0.0
296896522,Hiriyti,0.0
296917302,Lena,0.0
296936494,Sureshkumar,0.0
296962976,Ali,0.0
297062642,Anne,0.0
297110964,Dongfang,1.0
297251789,Patricia,0.0
297266111,Peter,1.0
297309082,Tatanthon,1.0
297348090,Karen,0.0
297349479,Anna,0.0
297364010,Music,0.0
297388509,Monwalee,0.0
297430272,Joanne,1.0
297472438,Castro,0.0
297486770,Katie,1.0
297512659,Kula,0.0
297609004,Chuly,0.0
297653561,Julie,0.0
297765625,Kensington Residential,0.0
297765699,Tobin,0.0
297785947,Anthony,0.0
297789751,Ananya,0.0
297801223,Lorena,0.0
297819947,Andrew,1.0
297824681,Paul,1.0
297870836,Sarawin,0.0
297874784,Simon,0.0
297902044,Mark,0.0
297913670,Russ,1.0
297977860,Marine Parade,0.0
297995280,Craig,0.0
298051784,วนิดา,0.0
298063533,Quickser,0.0
298090541,Colette,0.0
298113825,Laxmi,0.0
298132834,Oskars,0.0
298150280,Papaya,0.0
298160062,Lola,0.0
298163335,Yeetry,0.0
298201080,Marie,1.0
298206262,Young,1.0
298243542,Maria,1.0
298294296,Susan,0.0
298307200,Ellis,1.0
298343244,Oliver,0.0
298412090,Kristina,0.0
298507832,Eason,0.0
298513305,Jacqueline,0.0
298541053,John-Paul,0.0
298609103,Juan,1.0
298660589,Y,0.0
298672464,Melissa,1.0
298709093,Anna,0.0
298723825,Jennifer,0.0
298779338,Stella,1.0
298836315,Conor,0.0
298842261,Eleanor,1.0
298878380,Surbhi,1.0
298940554,Chao,0.0
298947796,Nicola,0.0
298948773,Lisette,0.0
298978589,Burak,0.0
298989462,Signature Hotel London,0.0
299107281,Adejimi,0.0
299177420,Lorraine,0.0
299220773,Rai,0.0
299222427,Riccardo,0.0
299225251,Gap,0.0
299285410,Yuvatida,0.0
299338834,Sarah,0.0
299350981,Sarah,0.0
299373816,Tracey,1.0
299388861,Noel,0.0
299438510,Nuttapong,0.0
299460393,Kenneth,1.0
299542983,Kaiser,0.0
299642946,Daco,0.0
299774306,Kristina,0.0
299918891,Lili,0.0
299921954,Vincent,0.0
299985021,Malgorzata,0.0
300003869,Bryce,0.0
300036627,Bill,0.0
300076941,Sunshine,0.0
300089764,Nat,0.0
300101350,Eoghan,0.0
300142801,Fahid,0.0
300201367,Liangqi,0.0
300235613,Daniel,0.0
300323366,Bella,0.0
300340383,Belgin,0.0
300428664,Julito,0.0
300435907,Samuel,0.0
300454973,Gee,0.0
300540462,Igor,0.0
300581728,Jessica,0.0
300584159,Robert,0.0
300597588,Alexandre,0.0
300628790,Jan,0.0
300638516,Christine,1.0
300670657,Harjit,1.0
300692302,David,0.0
300698888,Sarwat And John,0.0
300725515,Sylvia,1.0
300727187,Anastasiya,0.0
300819313,Barry,1.0
300857062,Steven,0.0
300906280,⁨อัญชลี⁩,0.0
300943787,Shaif,0.0
301036295,Sara,1.0
301047895,Dickon,0.0
301077894,Isobel,0.0
301168061,⁨Motel 10⁩,0.0
301172930,WM Hotel,0.0
301187654,Tawtongtot,0.0
301210692,Yassine,1.0
301223073,Sarah,1.0
301281681,Danny,0.0
301288117,Luciano,1.0
301300452,Anderson,0.0
301315670,Husband And Wife,0.0
301321596,Stephen,0.0
301446037,Christof,0.0
301451130,Sam,0.0
301485974,The Cozy,1.0
301525374,Seda,0.0
301548669,Jargalbadrakh,0.0
301614200,Hannah,0.0
301618318,David,1.0
301645725,Mingshu,0.0
301650941,Potato,0.0
301725893,Tony,0.0
301753450,Tim,0.0
301789178,Catherine And Andrew,1.0
301789332,Cindy,0.0
301811515,Clare,1.0
301825887,O,0.0
301839938,Osa,0.0
301852410,Nanthida,0.0
301902370,Gina,0.0
302038874,Guat Hoon,0.0
302044140,Suhail,0.0
302045121,Stacey,1.0
302048284,Alisa,0.0
302052667,Paul,0.0
302133938,Rahima,0.0
302162974,João Olivio,1.0
302171863,Andreia,0.0
302173468,Marcia,0.0
302215263,Georgia,0.0
302219587,Sittichai,0.0
302224694,Chaichan,1.0
302235883,Dian Qing,0.0
302256794,Violet,1.0
302263002,Kal,1.0
302443523,Theo,0.0
302467627,Sarah,0.0
302554165,Chike,0.0
302565179,Melissa,0.0
302565673,Sehrish,0.0
302574692,Yasmin,0.0
302588832,Max,0.0
302612762,Matteo,0.0
302619206,⁨用户7089⁩,0.0
302706011,Prae,0.0
302711107,Clare,1.0
302722742,Charles Hope Apartments,0.0
302729042,Habib,0.0
302748319,Steve,0.0
302758622,Alexander,0.0
302763502,Mirwais,0.0
302773291,Laura,0.0
302835728,Varalee,0.0
302860045,Scott,0.0
302869553,Amir,0.0
302898317,Panah,0.0
302917883,Buakanok,0.0
302943884,Suebsakool,0.0
302948985,Uzair Ahmad,0.0
302979316,Xanthe,0.0
303037310,Arbtip,0.0
303045656,Salima,0.0
303069045,Esther,0.0
303249658,Elena,0.0
303281684,Suraiya,0.0
303293990,Michael,1.0
303296414,Mark,0.0
303306415,Jessica,0.0
303322487,Victor,0.0
303331474,Mohamed,0.0
303333813,Emily,0.0
303368393,Chana,0.0
303393560,Kerry,0.0
303453087,Anastasios,1.0
303528401,Xinyi,0.0
303564503,Virginia,0.0
303582941,Caroline,0.0
303589725,Emanuel,0.0
303591354,Donald,0.0
303616470,Don,0.0
303618429,William,1.0
303637936,Jameelah,1.0
303645780,Clive Anthony,0.0
303735623,Kate,0.0
303764789,Mo,0.0
303800172,Julien,1.0
303809146,Angkana,0.0
303830199,Rj,0.0
303909209,Kamilla,0.0
303909846,Olive,1.0
303918107,Bespoke Concierge,1.0
303928549,Lumos Awaken Property TH,1.0
303929101,Andrea,1.0
303950266,Myriam,0.0
303957867,Nate,1.0
303959419,Sercasa,0.0
303970532,Jane,0.0
304036511,Charles Hope Kings Cross,0.0
304050419,Lenny,0.0
304055756,Ka,0.0
304066690,The Airlink Hotel,0.0
304080494,Brendan,0.0
304135118,Sana,0.0
304135508,Richard,0.0
304221337,Jenny,0.0
304226884,Oyindamola,0.0
304251637,Lily,0.0
304275278,Roof Me Hosting,0.0
304347325,Halora,0.0
304429745,Tian,0.0
304430794,Anastasija,0.0
304432486,Faye,0.0
304433975,Eron,0.0
304435753,Aaron,0.0
304467250,Douglas,0.0
304485690,Robert,1.0
304601156,Homehosting,0.0
304610305,Josie,1.0
304630210,Ahmad,0.0
304641229,Jo,1.0
304641281,Lazaro,1.0
304644279,Milo,0.0
304651486,Zara,0.0
304687469,Barnabas,0.0
304736130,Tap,0.0
304748898,Heike,1.0
304781388,Monique,0.0
304793906,Iwona,1.0
304795574,Huong Thien Nguyen,0.0
304819809,Ms Betty,1.0
304897840,Ben,0.0
304909746,Nata,1.0
304946084,Belinda,1.0
304994989,Ally And Ryan,0.0
305012703,Osnat,0.0
305047210,Barbara,0.0
305053924,Priscilla,0.0
305094135,Frank,1.0
305108066,Ciaran,1.0
305108304,Sergio,0.0
305109049,Theresa,1.0
305117743,Andrea,0.0
305178172,Maximillian James,0.0
305192706,Vivala,1.0
305194252,Celadon Bangkok Residence,0.0
305194271,Pimonchanok,0.0
305194441,Sky,1.0
305195110,Nong,1.0
305209570,Gavin,0.0
305216716,Janelisa,1.0
305266222,Emy,1.0
305269816,Juber,0.0
305295723,Teena,0.0
305303481,Raf,1.0
305391479,Narelle,1.0
305403252,Punjapol,1.0
305424709,Sarawut,0.0
305437379,Bhaway,0.0
305470340,Nora Timea,0.0
305475470,The Gate London City,0.0
305518916,Simone,0.0
305553365,Nabil,0.0
305639972,The Hoxton Shoreditch,1.0
305681897,Muhammad,0.0
305763167,Manuel,0.0
305767724,Wai Hung,1.0
305771091,Lucas Gabriel,0.0
305787955,Don & Rachel,0.0
305814384,Home ~ Sweet Home,0.0
305824050,Purin,0.0
305836501,Bhurida,0.0
305838782,Meidy,1.0
305845248,Emma,1.0
305855958,Dan,1.0
305857336,Orange,0.0
306021208,Sarin,0.0
306021679,Rana,0.0
306031051,Mohammad,0.0
306036802,Christine,0.0
306057105,Aagy- Star,0.0
306073863,Carol,1.0
306080098,P M,0.0
306101309,Fatima,1.0
306298200,Nicole,0.0
306339685,Taibat,0.0
306349609,Khushdeep,0.0
306370301,Wimmy,0.0
306381167,Aranya,0.0
306391811,Cheryl,0.0
306446116,Alexander,0.0
306644839,Celeste,1.0
306670012,Rapipan,0.0
306693656,Deborah,0.0
306700375,Zheng,0.0
306704320,Kangaroo,1.0
306766442,Hazel,0.0
306791822,Jemmy,0.0
306800221,Celia,0.0
306800910,London Lettings,0.0
306900444,Jennifer,0.0
306976300,Eshan,0.0
306997337,Elle,0.0
307016120,Jacob,0.0
307039340,Simone,0.0
307054254,Summer,0.0
307090293,Pat,0.0
307104461,Moh,0.0
307114885,Hilit,1.0
307118269,Victoria,0.0
307169621,Nawaz,0.0
307342659,林林,0.0
307359048,Andrada Cibelle,0.0
307450584,Gaythri,0.0
307502021,Peter,0.0
307507954,Ruby,1.0
307513383,Thanawat,0.0
307520100,Paul,1.0
307582954,Irina,0.0
307756901,T,0.0
307765558,Dewan Bangkok,0.0
307790190,Win,1.0
307808944,Janet,0.0
307848544,Chayapol,1.0
307849974,Daniela,0.0
307888787,Mark,0.0
307942471,Art,0.0
307943296,Chloe,0.0
307954391,Ronnie,1.0
307986522,Somparat,0.0
308018824,⁨Meng (Karen)⁩,0.0
308077672,Inma,1.0
308079494,David,0.0
308085706,Sangita,0.0
308091677,Noor,0.0
308105962,Oye,0.0
308112480,Eva,1.0
308124323,Tarlok,0.0
308211123,Pimrung,0.0
308222431,Jonathon Samuel,0.0
308234671,Yaw,0.0
308236774,Katarzyna,0.0
308254033,Catherine,0.0
308260087,Straight Inn Str Management,0.0
308279722,虞臻ᴢʜᴇɴ,0.0
308304375,J David,0.0
308318961,Louis,1.0
308328106,Nasir,1.0
308331216,Lelo Smith,0.0
308332933,Mareeyah,1.0
308365727,Chris,0.0
308440414,Tj,0.0
308445626,Ammar,0.0
308498786,Raphael,0.0
308514316,Rebecca,0.0
308570485,Glen,1.0
308598696,Muhammad,0.0
308618719,Doug,1.0
308659660,Carol,0.0
308663759,Artur,0.0
308695180,Katie,0.0
308726871,Elly,0.0
308729512,Phornniya,1.0
308824400,Churaiporn,0.0
308842338,Chows Rentals,0.0
308846103,Krisda,1.0
308865283,Emdad,0.0
308880689,Maya,0.0
308886139,Nicolas,0.0
308908352,Jiratchaya,0.0
308957202,Gabriella,0.0
308958792,Charline Charlotte Josette,0.0
308988442,Daniel,0.0
309032114,Youssef,1.0
309069296,Daria Temur,0.0
309155473,Nash,0.0
309188399,Kevin,1.0
309252376,⁨53 Degrees Property⁩,0.0
309270214,Agne,1.0
309331413,Ange,0.0
309353504,Mark,0.0
309355316,Mary,1.0
309356740,Kirsten,0.0
309401240,Atchara,0.0
309479848,Alison,0.0
309491517,Apinya,1.0
309515139,Mote,1.0
309525465,Sina,0.0
309531700,Anna,0.0
309542468,Linda,0.0
309583263,Venugopal,0.0
309591581,Tina,0.0
309634043,Ha Thu Anh,1.0
309670125,Andrea,0.0
309672848,Stay,1.0
309686742,Florence,0.0
309709901,Tamsin,1.0
309773785,Natchanan,0.0
309776890,Vanessa,0.0
309932630,Pamela,0.0
309950815,Huilin,0.0
309988115,Caesar,1.0
310012625,Ros,0.0
310048785,Georgina,0.0
310062250,David,0.0
310068482,Nisha,0.0
310090519,Jodi,1.0
310121876,Amie,0.0
310141766,Cherlisa,0.0
310142676,Jason,0.0
310170804,Punusa,1.0
310201062,Cat,0.0
310223351,Wilson,0.0
310223606,Kyriacos,1.0
310247619,Sabrina,0.0
310416816,Sylwia,0.0
310484967,Destinae,0.0
310484995,Gopal,1.0
310494898,Damask,1.0
310496586,Ambrina,0.0
310504857,Shrey,0.0
310558198,Wei,0.0
310588788,Mihika,0.0
310613362,Stan,0.0
310638211,Yuwadee,0.0
310650597,Karandeep,0.0
310668602,David,1.0
310671595,Louise Jessica,0.0
310674448,Elizabeth,0.0
310680745,Yoselin,0.0
310703169,Nicola,0.0
310706684,Gillian,0.0
310713714,Jade,0.0
310725655,Lucy,0.0
310754677,Ethan Lee,0.0
310776816,Andy,1.0
310830711,Luana,1.0
310834553,Ruth,0.0
310872384,Jem,0.0
310999698,Bryan,1.0
311072083,Gussie Ogo,0.0
311075146,Chatchai,0.0
311075813,Emma,1.0
311126150,Anna Caroline Mascaro,0.0
311131383,Diana,0.0
311204563,Pachara,0.0
311206295,Jill,0.0
311214552,Oyi,0.0
311254007,Shirley,0.0
311267305,Paul,0.0
311293872,Andrew,1.0
311333325,Arben,0.0
311340975,Jobi,0.0
311353282,Kangfu,1.0
311358489,Eleanor,1.0
311497363,Kim,1.0
311502525,Wanchun,1.0
311510489,Anthony,1.0
311532598,Simona,1.0
311624279,Isadora,0.0
311663040,Kham,0.0
311670114,Vanessa And Eduardo,1.0
311701989,Amena,1.0
311770887,Dylan Quenton,0.0
311778294,Grace,0.0
311793783,Damo,0.0
311802201,Matthew,0.0
311885358,Maria Alejandra,0.0
311909791,Siam Plaengna Residence,1.0
311913738,Rattanapol,0.0
312007445,Yuiyeah,0.0
312021188,Tanya,0.0
312028999,Issy,0.0
312043478,Tranquillity,0.0
312142921,Sydney Dreams,0.0
312170552,Nong Mạngkhud,1.0
312184450,Somying,0.0
312191361,Wattawit,0.0
312219647,Zlatina,1.0
312241567,Verissa,0.0
312410332,Bruno,0.0
312416308,Alex,0.0
312474073,John,0.0
312499102,Joaness,1.0
312507850,Maro,0.0
312518322,Nelly,0.0
312518947,Cindy,1.0
312545246,Mike,0.0
312559037,Ayodeji,0.0
312567592,Lisa,0.0
312586240,Leslie,0.0
312778028,Ari,0.0
312862213,Mariangeles,0.0
312865163,Giovanni,0.0
312896669,Kamalagowry,0.0
312922710,Helmut,1.0
312942460,Ana Flavia,0.0
313045324,Sally-Ann,1.0
313047612,Panissra,0.0
313090040,Seven,0.0
313272653,Arsalan,0.0
313349830,Nay,0.0
313362641,Adeola,0.0
313374910,Ri,0.0
313484131,Carol,0.0
313488382,Wichuta,1.0
313515108,산하,0.0
313515968,Amir,0.0
313516769,Fon,1.0
313524859,Melissa,0.0
313552386,Jay,0.0
313555033,Engin,1.0
313594404,Joe,1.0
313594758,Giovanni,0.0
313605940,Nicola,0.0
313610134,Mark,0.0
313668207,Paradise Lane,0.0
313715707,Piltek,0.0
313817165,Henry,1.0
314049018,Ha,0.0
314058088,Sutachada,0.0
314058612,Khuslen,0.0
314131758,Tipu,0.0
314135250,Daisy-May,0.0
314162972,Blueground,0.0
314167587,Ahmad,0.0
314208071,Ayman,0.0
314262707,Venice Simpson,0.0
314352863,Walter Llewellyn Eaton,0.0
314415605,Sarah,1.0
314442959,Vivian,1.0
314460584,Luiza,0.0
314476844,Dennise W,0.0
314608798,Valerie,1.0
314610553,Araya,1.0
314624967,Tanakorn,0.0
314628024,Shaida,0.0
314633338,Juan Carlos,0.0
314634040,Sonia,1.0
314634742,Lilian,0.0
314651596,Марина,0.0
314666886,Harrison,0.0
314688109,Jonathon,0.0
314761720,Shea,0.0
314809924,Sophie,0.0
314942739,Venniza,0.0
314945555,Nana,0.0
314953268,Narunya,0.0
314979128,Andrea,0.0
315045341,Eleanor,1.0
315148512,Max,1.0
315172847,Ken,0.0
315197049,Guilherme,0.0
315200505,Bella,0.0
315267358,Ahmed,0.0
315283639,Moe,1.0
315293233,Adam,0.0
315305762,Simon,1.0
315427284,Yi,0.0
315457028,Yan,0.0
315506009,Yorgo,0.0
315576239,Seref,0.0
315698606,Enkh-Undrakh,0.0
315766536,ICe,0.0
315794018,Base,0.0
315807466,Neal,0.0
315813501,Dessi,0.0
315820253,Daniela,0.0
315820320,Florence,0.0
315854521,Dean,0.0
315867023,Alex,1.0
315868211,Adam,0.0
315911207,Myrsini,0.0
315934703,Robert Florentin,0.0
316014363,Amna,0.0
316054103,Emma,0.0
316056683,Chibwe,1.0
316141490,Emanuele,0.0
316249513,Home On,0.0
316294168,Sam,0.0
316316904,Catherine,1.0
316391284,Chino,0.0
316462087,Priscilla,0.0
316474752,Mohamed,0.0
316499120,Aqab,0.0
316516381,Eli,0.0
316687072,Valentina,0.0
316714667,Luz,0.0
316722542,Elev8 Stays,1.0
316738753,Nanthana,0.0
316804686,Lisa,1.0
316848284,Naz,1.0
316855945,Peter,0.0
316992691,Frank,0.0
316996976,Losy,0.0
317038565,OYO Honeycroft,0.0
317078520,Tokunboh,0.0
317112430,Thomas,1.0
317285255,Pat,1.0
317303818,Judith,1.0
317429030,Naimish,0.0
317586160,Hardev,0.0
317586528,Khin,0.0
317588631,Shah,0.0
317606064,Auguste,0.0
317703962,Stephen,0.0
317760047,Adam,0.0
317831878,Isma,1.0
317874767,Niveditha,0.0
317933686,Penporn,0.0
317985527,Miko,0.0
318005154,Kai,0.0
318008321,YMH Stays,0.0
318030588,Noor Fuad,0.0
318056367,Simran,1.0
318149562,Ewelina,0.0
318210744,Waqar,0.0
318247596,Sophie,0.0
318281088,Joanne,0.0
318302209,Massimo,0.0
318303638,Francesca,0.0
318343338,Neisha,0.0
318356795,Kevin,1.0
318393666,Skyler,0.0
318418928,John,0.0
318442142,Yas,1.0
318477439,Silviu,0.0
318617592,Angela,0.0
318619243,Mahir,0.0
318632037,Athena,1.0
318677735,Prime Stone,0.0
318838419,Suzanna,1.0
318884430,Davana,0.0
318896429,Greg,0.0
318922920,Mimi,0.0
318980015,Winnie,0.0
318986924,Tommaso,0.0
319009503,Shaun,0.0
319102079,Sanmanee,0.0
319126925,Victorious Community Foundation Ltd,1.0
319251324,Piotr,0.0
319268109,Nita,0.0
319299580,Tuba,0.0
319542532,Tatchai,0.0
319597384,Alireza,0.0
319844678,Jb Properties Hub,0.0
319850762,Teerapon,1.0
319877822,Jake,0.0
319898376,Terrence,0.0
319975041,Sherbina,0.0
320005567,Julie,0.0
320098680,Arun Vijay,0.0
320176042,Ramesh Thakuri,1.0
320228313,Crystal,0.0
320235549,Jumana,0.0
320286035,Maggie,0.0
320315522,Lily,0.0
320485352,Sally,0.0
320486868,Yarndate,1.0
320665165,Wattanawan,0.0
320743318,Galina,1.0
320747108,Ricky & Giustina,1.0
320844424,Claudia,0.0
320845302,The Mulberry Bangkok Hotel Direct Booking,0.0
320860309,Khalid,0.0
320919195,Jamie,1.0
320954430,Mike,0.0
320985747,Sam,0.0
321029505,Bas,1.0
321033889,Lauren,0.0
321044376,Rose,1.0
321184297,The Mustang Blu,1.0
321210640,Bria,1.0
321326296,Daisy,0.0
321367265,Punnawat,0.0
321378933,Michael,0.0
321406755,Prasert,0.0
321424320,Dhruv,0.0
321455369,Leo,0.0
321467168,Oh,0.0
321472114,David,0.0
321489055,Krsto,0.0
321590249,Lisa,0.0
321680351,Sara,0.0
321684196,Terry,0.0
321732723,Araya,0.0
321817509,S,0.0
321830875,Sam,0.0
322107481,"⁨Nick And Sandy,⁩",0.0
322150997,Jovi Grace,0.0
322153215,Chumpon,1.0
322184585,HuiKe,0.0
322195313,บริษัท เพียตร้า จำกัด,0.0
322209755,Nikita,0.0
322222235,Valerie,0.0
322268274,Orly,0.0
322354347,Karita,0.0
322377604,Saty,0.0
322414206,Lucas,1.0
322510938,Woodlands,0.0
322513907,Md Khaled,0.0
322665025,Cindy,1.0
322687326,Jason,0.0
322934467,Sibi,1.0
322951701,Apitrat,0.0
322966987,Emmanuel,1.0
323004992,Shauna,1.0
323050253,Sakeena,0.0
323070501,Femi,0.0
323193993,Pichayatida,0.0
323240301,Empicha,0.0
323268409,Arun,0.0
323334077,Chi Khang,0.0
323337109,Ria,0.0
323341544,Nat,1.0
323403085,Beatrice,0.0
323424179,Neil,0.0
323523765,Md Maruf,0.0
323559876,Juliana,0.0
323600282,Alex,0.0
323604166,Apeksha,0.0
323617705,Sumesh,0.0
323870727,Annie,1.0
323921283,Imran,0.0
323956501,สิรีธร,0.0
323962194,Katelynn,0.0
324007135,Eteri,0.0
324127652,Syed,0.0
324142230,Ratchanee,0.0
324158649,Kittikoon,1.0
324184949,Akash,0.0
324228134,Kate,1.0
324252319,Ploy,1.0
324255624,Matiyas,0.0
324257687,Mookoojin,0.0
324318684,Ellie,1.0
324396662,Hasan,0.0
324419215,CityStay,0.0
324422554,Ria,0.0
324454070,Kitty,1.0
324456186,⁨认证手机用户9548⁩,0.0
324456745,Saowaros,0.0
324511820,Dong,0.0
324570284,Hayley,0.0
324587471,Tina,0.0
324620317,Candice,0.0
324690342,Charity,0.0
324715284,Ripa,0.0
324722513,George,1.0
324755486,Quest,0.0
324774146,Ruji,1.0
324792544,Syed,1.0
324796469,Krystal,0.0
324829000,Vee,0.0
324841563,Beba,0.0
325090118,นาตยา,0.0
325160086,Cyrille,0.0
325184346,Bryan,0.0
325187385,Amy The Paramount Hotel,0.0
325379485,Jane E,1.0
325410313,Amen Preet,0.0
325426885,绍森,0.0
325484378,Methinee,1.0
325514125,Headquarter,0.0
325526649,Eshe,1.0
325561018,Oli,1.0
325597815,Maryam,0.0
325640176,Lucy,0.0
325662899,Natasha,0.0
325719959,Merilyn,0.0
325725116,ณิชชา,1.0
325788794,海进,0.0
325841822,Annabelle,0.0
326096848,Somluck,0.0
326105876,John,1.0
326123892,Trung,1.0
326185690,Lizzy,0.0
326212370,Hazel,1.0
326245412,Esabella Chloé,0.0
326248227,Angus,0.0
326349822,Kamonchanok,1.0
326357676,Pear,1.0
326365428,Alisa,0.0
326373518,Alex,1.0
326403594,Claire,1.0
326444315,Serkan,0.0
326446825,Des,1.0
326475005,Michael Jude,0.0
326479334,Kullaras,0.0
326486153,Uke,0.0
326526009,Charlie,0.0
326612463,Ahan,1.0
326645996,John,1.0
326671761,Ana,0.0
326695838,Ima,1.0
326713844,Wagner,0.0
326760995,Carolina,0.0
326888259,Zinnia,0.0
326891991,Santino,0.0
326942925,Pornthep,0.0
326961275,Torston,1.0
327020589,Rafaella,0.0
327036321,Nok,0.0
327075726,Kaya,0.0
327080620,Warachai,0.0
327223599,Lkhamkhuu,0.0
327231900,Watchara,0.0
327241497,Richard,0.0
327259984,Eva,0.0
327283217,Leonard,0.0
327315366,Dylan,1.0
327365883,Jane,0.0
327464281,Tom,0.0
327693578,Phan,1.0
327749390,⁨James A.⁩,0.0
327810405,Jill,1.0
327962649,Pichaya,0.0
327969837,Somphong,0.0
327983951,Clifford,0.0
327997734,Veronica,0.0
328033223,Samdantsoodol,0.0
328074178,Thanaphong,0.0
328148566,Dustin,0.0
328283866,Somcoke,1.0
328295325,Jirunya,0.0
328320762,Richie,0.0
328399416,Matt,0.0
328405715,Knoophee,0.0
328416725,Melanie,1.0
328575149,Sarah,0.0
328641097,Daisy,0.0
328651867,Lorena,0.0
328685904,Jipatha,1.0
328698603,Mk,1.0
328740689,Annabel,0.0
328756476,Ata,1.0
328860870,Emeka,0.0
328926236,Chloe,0.0
329093913,Dayemir,0.0
329252754,Beverly,0.0
329253678,Dasha,0.0
329264333,Jan,0.0
329269874,Dana,0.0
329270769,Nestor,0.0
329295658,Nam,1.0
329357376,Genesis,0.0
329529649,Dom,0.0
329536913,Risa Hus,0.0
329563578,Hailey,0.0
329577813,Hollie,0.0
329579576,Toledo,0.0
329674258,Dignity,0.0
329711297,Mark,1.0
329810320,Awanderer,1.0
329842449,Suriya,0.0
329852102,Teri,1.0
329852624,Almir,0.0
329858758,⁨พรรัตน์⁩,0.0
329859590,Nook,0.0
329860811,Preiw,0.0
329880628,Jason,0.0
329895958,Christian,0.0
329950956,Poopae,0.0
330001303,Amir,0.0
330005531,Jason,1.0
330060685,Paprapron,0.0
330089562,Blake,0.0
330122270,Velko,0.0
330139450,Philip,0.0
330177104,Wei,0.0
330217261,Marcia,0.0
330330492,ศิรินาถ,0.0
330339210,Patricia,0.0
330349179,Mo,0.0
330407519,Martina,0.0
330455178,Sylvia,0.0
330507109,Mia,1.0
330565520,Anne,0.0
330598935,Kore,0.0
330600083,Iwan,0.0
330613396,Rachpachsorn,0.0
330678028,Cristo,0.0
330720491,Sue,1.0
330771556,Lily,0.0
330838034,Atique,0.0
330848867,Anna-Marie,0.0
330865624,Kennedy,0.0
330994940,Wiparat,0.0
331023170,Michele Silva,0.0
331039588,Marshia,0.0
331058858,Susan,0.0
331077617,Gladys,0.0
331089436,Kapinga,1.0
331100386,กิตติภพ,0.0
331125550,Dulcie,0.0
331164736,Marie,1.0
331177052,Omar,0.0
331199711,Max,0.0
331223501,Wendy,0.0
331260724,Hector,0.0
331265211,Panuwat,0.0
331270356,James,0.0
331321483,Tetteh,0.0
331321962,Bed Homes,0.0
331349347,Kool,0.0
331393924,SydneyDreams Co,1.0
331417125,Bjorn,1.0
331588844,Lakh,0.0
331640871,Lauren,0.0
331671847,Sara,1.0
331677565,Paul,1.0
331721083,Daojai,0.0
331757278,Ettah,0.0
331826196,Lillian,0.0
331851537,Quality Inn,0.0
331858083,⁨กิตติศักดิ์⁩,0.0
331897159,Nafisa,0.0
331942868,Bipana,0.0
331952317,Inan,0.0
331963885,Abdul,1.0
331980603,Ashley,0.0
331983195,Alex,0.0
332049641,Rubie,0.0
332210528,Grace,0.0
332214960,Shoshana,1.0
332225807,Udoka,0.0
332236025,Sahar,0.0
332245451,Qaiser,1.0
332257455,Irakli,0.0
332260815,Emma,0.0
332405226,Tim,0.0
332615296,Ahmed,1.0
332821857,Ronald,0.0
332918651,Ann,1.0
333006457,Sholom,0.0
333052698,Palakorn,0.0
333060561,Guy,0.0
333097256,James,0.0
333107357,Gladys,0.0
333117513,⁨Adrian3⁩,0.0
333122130,Nicci,1.0
333138728,Gabriela,0.0
333154653,Taylor,0.0
333169164,Drew,0.0
333237519,Syed,0.0
333265187,Puneh,0.0
333313589,Lian,1.0
333315763,Wanpen,0.0
333317509,Manaswin,1.0
333321702,Atchara,0.0
333359528,Frankie Staymo,0.0
333360192,James Edward,0.0
333413186,Abbey & Alcuin,0.0
333433683,Lilly,0.0
333517941,Hammed,0.0
333661134,Kraisi,0.0
333662395,Kay,0.0
333663103,Naphat,0.0
333671625,Unchan,0.0
333675133,Blu,0.0
333684904,Locke At Broken Wharf,1.0
333786962,Hayder,0.0
333834334,Riverside Rooms & Apartments,0.0
333854472,Andrea,0.0
333872598,Richa,0.0
333933601,Chance,0.0
333952054,Eyal,0.0
333981825,Alice,0.0
334022049,Willie,0.0
334026285,Liviu,0.0
334027244,Faye,0.0
334045878,Jermaine,0.0
334100766,Tim,0.0
334111744,Waleed,0.0
334212160,Wassana,0.0
334215432,LKN Grand,0.0
334235301,Monika,0.0
334238764,Ted,0.0
334242741,Darcey Krysten,0.0
334266700,Akira,0.0
334267162,Renato,1.0
334296183,Tahmina,1.0
334317181,Michal,0.0
334325539,Billy Gabriel,0.0
334336665,Tess,1.0
334387589,Elizabeth,0.0
334387601,Elaheh,0.0
334423900,Skye Dening,0.0
334466355,Monique,0.0
334648867,Adam,0.0
334653805,Rachael,0.0
334658166,David,1.0
334671938,Wahid,0.0
334683239,Seyoung,0.0
334687105,Nirav,0.0
334724029,Keys2Casa,0.0
334803597,Shwan Ahmed,0.0
334830910,Roxy,0.0
334835699,Lisa,0.0
334929096,Christiana,0.0
334955758,Oliver,1.0
335009642,Parinaz,1.0
335010406,Abdul Salam,0.0
335018053,Khomsan,1.0
335069781,Ali,0.0
335310936,Lucinda,0.0
335418039,Andreas,0.0
335475742,Anthony,1.0
335493043,Hillsy,0.0
335499096,Asad,0.0
335538750,Muzamil,0.0
335542225,Ellen,0.0
335542453,Sudheera,0.0
335554136,Nina,1.0
335584268,Caroline,0.0
335585086,Charlie,0.0
335597124,Ansar,0.0
335688306,Al And Faiza,1.0
335725268,Tristan,0.0
335779449,Sarah,0.0
335783670,Adam,0.0
335787241,Edres Gaber Shueai,0.0
335787477,Ray,0.0
335925549,Carl Johan,0.0
335931399,Malgorzata,0.0
335955176,Jen,1.0
335974530,Emma,0.0
336007823,Charlotte,0.0
336026007,⁨มาลินี⁩,0.0
336059555,Jessica,0.0
336073906,James,0.0
336286135,Sheila,0.0
336314837,Alessia,0.0
336317201,Jemima,1.0
336486972,Linda,1.0
336499338,Charlotte,0.0
336500441,Urairat,1.0
336524641,Kie,1.0
336572758,Christianah,1.0
336592553,Abi,0.0
336594825,Olutayo,0.0
336668271,Agustina - ABITA,0.0
336672830,Leon,0.0
336677456,Olutoyin,0.0
336758035,Quirin,0.0
336774670,Francine,0.0
336781641,Jessica,0.0
336821677,London Properties,0.0
336825237,Ben,0.0
336837208,Ijeoma,0.0
336945593,Sunny,1.0
336965588,Sarinrada,0.0
336998225,Rattasats,0.0
337001238,Wirayut,0.0
337002776,Zoey Lee,0.0
337003675,Supakit,0.0
337005868,Sontana,0.0
337035836,Patty,0.0
337067729,Hertford Court,0.0
337083316,Matthew,0.0
337135121,Deb,0.0
337157956,Annie,0.0
337174770,Marco Martin,1.0
337331985,Kaka,0.0
337363892,Ernest,0.0
337381623,Wint Wah,0.0
337450238,Courtney,0.0
337452148,Juliet,0.0
337517216,Sanya,1.0
337609649,Kim,1.0
337646132,Tamara,1.0
337666279,OYO The Arch,0.0
337668717,Lauren,0.0
337788325,Chonnikan,0.0
337790938,Claudine,1.0
337861938,Becky,0.0
337891516,Lyn,0.0
337934915,Mark,0.0
337948225,Samuel,0.0
337953055,John,0.0
337986194,Daniel,0.0
337995810,Lidija,0.0
338022273,View,0.0
338035600,Narika,0.0
338063135,Bill,0.0
338084045,Kingkaew,0.0
338084920,Chommanan,0.0
338088970,Sacksan,0.0
338089822,Metha,0.0
338092723,Dawprasuk,0.0
338135078,Lokesh,0.0
338146536,⁨จันจิ⁩,0.0
338195981,Caroline,0.0
338272263,Ericha,0.0
338278475,The Urbanite,0.0
338337642,Monika,1.0
338340772,Bee,0.0
338436790,Vicky,0.0
338455898,Cavendish House,0.0
338472095,Kamila,1.0
338472300,David,0.0
338472537,Austin,0.0
338485903,Marianne,1.0
338510519,Blue Star,0.0
338731292,Umair,0.0
338746637,Sema,1.0
338749630,Scholly,0.0
338754608,Emily Sherman,1.0
338767196,Mindful Stays & Co,0.0
338823897,Viv,1.0
338863696,Ryan,1.0
338905680,Luxico Group,0.0
338943673,Panisara,0.0
338952841,Jamie,1.0
338971369,Cihan,0.0
338977448,Rebeca,0.0
339076770,Courtney,1.0
339147852,Kusal,0.0
339169901,Stella,0.0
339183324,Joel,0.0
339199175,Hajra,0.0
339340565,Amber,0.0
339348646,Alanoud,0.0
339354692,Hany,0.0
339381587,Vikesh,0.0
339393123,Kirsty,1.0
339415401,Lamyae,0.0
339417335,Olivia,0.0
339454375,Surasak,0.0
339461535,Taryn,0.0
339476521,⁨认证手机用户0700⁩,0.0
339486047,Selma,0.0
339505058,Sarunya,0.0
339543920,Chantel,0.0
339551061,Atila,0.0
339567150,Carissa,0.0
339571238,Cheryl,0.0
339634805,EE Suites,0.0
339647827,Lilach,1.0
339675864,Jakub,0.0
339684170,Stephanie,0.0
339685752,Natasha,0.0
339729771,Eniola,0.0
339782081,Aram,0.0
339782706,Woraphat,0.0
339785244,Ponnida,0.0
339786037,Thanyamol,0.0
339797336,JD Properties,1.0
339811751,Olugbenga,0.0
339813025,Somporn,0.0
339896940,Noelia,0.0
339909253,Crown & Sceptre,0.0
339918619,Jamie,1.0
339994204,Oussama,0.0
339996685,Leila,0.0
339996894,Marble Arch Inn,0.0
340024107,Anna,0.0
340039067,นันธิดา,1.0
340066355,Damla,0.0
340121151,Alan,0.0
340124829,Phattha,0.0
340127258,Nipapan,0.0
340137106,Thanapak,0.0
340137182,曼谷宝宝,0.0
340145603,Yasmeen,1.0
340154903,Matthew,0.0
340158675,Jayaben Amratlal,0.0
340164462,⁨จุฑารัตน์⁩,0.0
340188343,Rachan,0.0
340216481,VIP Stays,0.0
340262074,Rafael,0.0
340273467,Farhana,0.0
340326212,Muhammad Azam,0.0
340333227,Esthy,0.0
340357383,Jonathan,0.0
340412410,Quest Macquarie Park,0.0
340490827,Antonia,0.0
340498945,Yas,0.0
340514057,Mal,0.0
340530001,Tessa,0.0
340556629,Siddharth,0.0
340626458,Sami,1.0
340638476,Pretty,0.0
340685744,Andrew,0.0
340735249,Li,1.0
340740820,Jafar,0.0
340788888,Jeevs,0.0
340802165,Marcos Oliver,0.0
340806144,Yoko Property,0.0
340819286,Ellie,1.0
340895332,Sirinya,0.0
340944525,Bermonds Locke,0.0
340982146,Asha,0.0
341079417,Jack,0.0
341180989,Johnson,0.0
341188013,Kara,0.0
341190723,Pichayanin,0.0
341205419,Hosty,0.0
341224223,Sid,1.0
341242481,Ore,0.0
341276710,Valeria,0.0
341361309,Aitthipol,0.0
341365630,Sinthawee,0.0
341387684,Yuttapong,1.0
341401302,Brett,0.0
341414407,Copo Stay,0.0
341439593,Tanya,1.0
341472080,Shinichi,0.0
341495942,Ben,0.0
341496846,Cooper,0.0
341499890,Unchalee,0.0
341524773,Tom & Cassio,1.0
341539454,Nicholas,1.0
341566883,Dolly,0.0
341582615,Anuj,0.0
341586243,Star,0.0
341614567,Zubair,0.0
341624902,Siobhan,0.0
341645177,Kay,0.0
341679183,Sarah,0.0
341682334,April,1.0
341702489,Daniela,1.0
341713971,Shinny,0.0
341762904,Salvatore,0.0
341772231,Troy,0.0
341775904,Robert,0.0
341779441,Elias,0.0
341790771,Tanveer,0.0
341812143,Nick,0.0
341829844,Katy From Decade Studios,1.0
341838774,Irina,1.0
341840978,Wendy,0.0
341895084,Candice,1.0
341898641,Nataliya,0.0
341929559,Atichat,0.0
341940760,James,0.0
341989107,Ishan,0.0
341994077,Sylvie Louise,0.0
342001360,Leisa,1.0
342041518,Jay,0.0
342043938,Jenni,0.0
342045019,กำไล,0.0
342045751,⁨มณฑาทิพย์⁩,0.0
342113311,George,0.0
342152738,Elena,0.0
342159263,Pk,0.0
342182060,Rembrandt Residences Bangkok,0.0
342183596,Mary,1.0
342298940,Maureen,0.0
342301502,Simon,1.0
342305593,Mrs Khan,0.0
342305733,Charlotte Guest House,0.0
342311740,Krit,0.0
342354558,Wilaipon,0.0
342355962,ศิรินภา,0.0
342369775,Andre,1.0
342395877,Ahmad,1.0
342474734,Pajnon,0.0
342479471,Anon,0.0
342493464,Helen,1.0
342508623,Ran,0.0
342546156,Waan,0.0
342688182,Ivars,0.0
342749114,Sara,0.0
342787354,Julie,1.0
342811212,Rika,0.0
342825100,Geno,0.0
342831542,Jatinder,0.0
342860252,Catherine,1.0
342862569,Taiwo,0.0
342885951,Narmin,0.0
342887505,Laurens,0.0
342889120,Akashia,0.0
342957687,Sunday,0.0
343004993,Moses,1.0
343007480,Lucy,1.0
343067389,Carol,1.0
343074811,Rabia,0.0
343079412,Husni,0.0
343115684,Rosemary,0.0
343126513,Mikael,0.0
343138798,Laura,1.0
343417086,Maria,0.0
343442154,Advante Homes,0.0
343452228,⁨สหพันธ์⁩,0.0
343480153,Fufu,0.0
343505155,Manisha,0.0
343505701,Plotseeker Limited LLC,1.0
343523471,P,0.0
343526431,Ekuksara,0.0
343528274,Daniel,0.0
343581587,Michael,0.0
343582348,Ibrahim,0.0
343744168,Wadee,0.0
343848018,Nabil,0.0
343873177,Pierre,1.0
343941963,Jannath,0.0
343982480,Pasuta,0.0
343988398,Faze,0.0
344139858,Alberto,0.0
344176556,Taylor,0.0
344192498,Harry,0.0
344197991,Emre,0.0
344260949,Pel,0.0
344263536,Jake,0.0
344319839,Metro Aspire Hotel,0.0
344327171,Alice Liang,0.0
344368915,Aeesha,0.0
344502852,Rhia,0.0
344574509,Niva,0.0
344685468,Ross,0.0
344686972,Barrie,0.0
344786218,Tanjum,0.0
344796959,Pulat Ltd,1.0
344798381,Andrea,0.0
344971434,Jacqueline,1.0
345093051,Waranyaporn,0.0
345168212,Digital Nomad Work,0.0
345512975,Daniel,1.0
345564474,Agnes Paulette,0.0
345727481,Waleed,0.0
345787689,Portia,0.0
345971687,Emma,0.0
346009767,Kevin,0.0
346057612,Dolphin House Serviced Apartments,0.0
346149293,Ross,0.0
346193073,Abd Aljabbar,0.0
346218508,Johannes,0.0
346231805,Emre,0.0
346438771,Chantelle,0.0
346441610,Matt,0.0
346449637,Dominique,0.0
346481367,Lucas,1.0
346511331,Jh,0.0
346512981,Debbie,0.0
346556499,Antonino,0.0
346600729,Jav,0.0
346665089,Charlie,0.0
346728812,Muhammad,0.0
346768607,Mia,0.0
346833854,Emma,0.0
346859983,Marc,1.0
346874795,⁨สุดารัตน์⁩,0.0
346890498,Leong,0.0
346902429,Stephanie,1.0
346971937,Rebecca,0.0
347034933,Asif,0.0
347200608,Chanin,0.0
347250011,Jane,0.0
347433361,Dawne,0.0
347453242,Designer To,0.0
347457023,Dar For Rent,0.0
347485235,Mark,0.0
347516901,Malcolm,0.0
347518886,Jethro,0.0
347524975,Kelsey,1.0
347608321,Calyn,0.0
347618640,Shuhebur,0.0
347662317,Stefanie And Stephen,1.0
347680904,Weronika,0.0
347680985,Pilar,0.0
347796571,Rich,1.0
347813664,Katherine,0.0
347854233,Joel,1.0
347954348,Luke,0.0
347964777,Shaqeel,0.0
347988103,Jonathan,1.0
348077493,Sharon,0.0
348131401,Soradol,1.0
348154014,Sandra,1.0
348159302,Chris,0.0
348164163,Jackie,1.0
348177676,J J,1.0
348239510,Eden Yu Sen,1.0
348276974,ชุติภา,0.0
348289835,James Home,0.0
348308949,Jeffrey,0.0
348372472,Jo,1.0
348374042,Lance,0.0
348558974,Kevin Blanco,0.0
348576879,Lynn,0.0
348613282,Ala,0.0
348619680,A,0.0
348711842,Thaya,0.0
348714734,Amelia,0.0
348725008,Jasmin,0.0
348800359,Fatima Ezzahra,0.0
348840166,Milagros,0.0
348844556,Ubayda,0.0
348892197,Avie,0.0
348896472,Paul,1.0
349032606,Mercy,0.0
349139890,Jucilane Isabel,1.0
349281466,Fran,0.0
349410832,Getawayz,0.0
349437499,Mohammad Nurul,0.0
349458512,Hannah,0.0
349541947,Joe,0.0
349589420,Julia,0.0
349599135,David,0.0
349602911,Supaporn,1.0
349776941,Pankaj,0.0
349915823,Maxx,0.0
349933079,Siriphatchara,0.0
349947828,Suzie,0.0
349978860,Ahmed,0.0
349994230,Hassan,0.0
349999329,Monicah Meme,0.0
350009433,Mateen,0.0
350022979,Lucy,0.0
350036737,Norris,1.0
350082109,Bianca,0.0
350143341,Niraj,1.0
350222367,London City Stays,1.0
350233323,Ivy Lords,0.0
350512564,Quest Bella Vista,0.0
350522021,Lauren,0.0
350615951,Kimberley,0.0
350653072,Marco's,0.0
350688297,Nik,1.0
350705057,Preena,1.0
350800307,Sam,0.0
350900052,Ian,1.0
350906754,Lindsay,0.0
350965469,Inon Itzchak,0.0
350997457,Lina,0.0
351090411,Peter,0.0
351102254,Chris,0.0
351111800,Mohammad,1.0
351198617,Anne,0.0
351323568,Anna,1.0
351323999,D,0.0
351350435,Yarah,0.0
351453019,Poppie,1.0
351455825,Ying,0.0
351456332,Chiara,0.0
351464851,Chakorn,0.0
351479760,Anna,0.0
351490204,Mark,0.0
351661027,Barbara,0.0
351783372,Cyn,1.0
351783772,Dora,0.0
351848104,Kai,0.0
351850048,Enrico,0.0
351957286,Brendan,0.0
351960336,Aron,0.0
352093822,Puwadon,0.0
352110268,Punniyamoorthy,0.0
352154557,Cherry,1.0
352173362,Olivia,0.0
352197995,Gareth,1.0
352268316,Signature Hosts,0.0
352314520,Collins,0.0
352343809,Delphine,0.0
352389373,Rosa,0.0
352668247,Vikas,0.0
352685698,Jean,0.0
352685815,Or,0.0
352702787,Andrew,0.0
352745731,Natalia,1.0
352762927,Sandra,0.0
352788950,สายสุดา,0.0
352834706,Linda,0.0
352859739,Ian Hamilton,1.0
352879182,Alina,1.0
352882171,Marco,0.0
352898523,Alice,0.0
353024251,Laura,1.0
353025084,Buckingham & Lloyds,1.0
353046713,Kalbir,0.0
353068867,⁨Apartment 999⁩,0.0
353079149,Premald,0.0
353109519,Rich Property Management,0.0
353140549,Andy,0.0
353156415,Richard,0.0
353220115,Kimmi,1.0
353237510,Shirnette,0.0
353243390,Kevin,1.0
353276559,Laura,0.0
353283398,Mia,0.0
353294757,⁨Earth-80⁩,0.0
353484820,Maria,0.0
353527386,Natchayanon,0.0
353541432,Athena,0.0
353550601,I-OP World,0.0
353580968,Tim,0.0
353596519,Supawan,0.0
353975172,Zsolt,0.0
353995555,Olivia,0.0
354004956,Milena,0.0
354113179,Michael,0.0
354134124,Jonathan,0.0
354162868,Sami,0.0
354187507,Pitiporn,0.0
354202801,Yu,0.0
354236292,Ibrahim,0.0
354250190,Chapter Kings Cross,0.0
354255715,Ed,0.0
354274490,Dennis,0.0
354406178,Julius,0.0
354431559,Paul,0.0
354453444,Tana,0.0
354467885,Peter,1.0
354532017,Dunkirk,0.0
354561299,Roger,1.0
354668725,Victoria,1.0
354847780,Kevin,0.0
354861807,Erika,1.0
354919915,Jason,0.0
354977958,Saloua,0.0
354979740,Daniel,1.0
355095179,Omar,0.0
355160482,Robyn,1.0
355341934,Sarah,0.0
355401101,Tahrima,0.0
355446042,Olly,0.0
355497611,Michael,0.0
355558538,Juwon,0.0
355568647,George,1.0
355592356,Natham,0.0
355599254,Brett,0.0
355755997,May,1.0
355864193,Hai,0.0
355875159,Jesus,0.0
355881816,Malak,0.0
355917009,Jordan,1.0
355935520,Tobias,0.0
356123100,Wann,0.0
356137091,Ivan,0.0
356260436,Cham,0.0
356283937,Xhorxhina,0.0
356311351,Katia,0.0
356327087,Timo,0.0
356418643,Marc,0.0
356454166,Jakarin,0.0
356484410,Giffy,1.0
356489779,Sean,0.0
356491119,Greg,0.0
356494082,Sehr,0.0
356497655,Guy,0.0
356562590,Isabella,0.0
356579798,Barbara,0.0
356636736,Zekria,0.0
356645980,Ammr,0.0
356714834,David,1.0
356715635,Selami,0.0
356717234,Gina,1.0
356763926,CasaMia,1.0
356788012,Yazan,0.0
356788488,S-J,0.0
356852852,Ray,1.0
356894042,Andrea,0.0
356917758,James,1.0
356921169,Anmol,0.0
356952497,Hafiz Atif,0.0
356960517,Fatemeh,0.0
356961241,Aderemi,0.0
357033469,Svl,0.0
357062477,Mr. Apt And Sidekicks,1.0
357126585,Louis,0.0
357173066,Beata,0.0
357184234,Ak,0.0
357268304,Carina,1.0
357274575,Yasamin,0.0
357313258,天天,0.0
357367986,Amanda,0.0
357386773,Hayden,0.0
357400682,Aalee,1.0
357404117,Maria,0.0
357427110,Jules,0.0
357432866,Shane,0.0
357495814,Emerald Infinity Living,1.0
357570383,Sami,0.0
357632002,Johanna,0.0
357658888,Zinmar,0.0
357659995,Robert,1.0
357692545,Georgie,0.0
357737540,Sriwan,1.0
357927731,Zdravka,0.0
357951656,George,0.0
357975744,Tom,0.0
357985680,Isadora,0.0
357986465,Jesamine,0.0
358017831,Farjina,0.0
358034467,Niki,1.0
358126673,Nana,0.0
358133158,Katerina,0.0
358146056,Tom,0.0
358196979,Swaib,1.0
358218139,Iain,1.0
358255885,Michael,0.0
358299489,Alistair,0.0
358324287,Sahar,0.0
358348478,Jacob,0.0
358352202,Joseph,0.0
358435889,Nora,0.0
358614285,Claudia Milena,0.0
358714490,Demi,0.0
358737886,Irene,0.0
358848459,Gloria,0.0
358848659,Adejimi,0.0
358901024,Marianne,0.0
358955264,Mohammad,0.0
358967623,Stephanie,1.0
358982938,Nash,1.0
359061357,Victoria,0.0
359081792,Varun,1.0
359116921,Joelle,0.0
359137345,Dee,0.0
359149820,Joost,0.0
359195916,เขมจิรา,0.0
359199241,Karol,1.0
359206230,Phoebe,0.0
359281813,Recep,0.0
359379758,James,1.0
359417565,Noel,1.0
359457955,Surekha,0.0
359550918,Elisa,0.0
359580485,Sophia,0.0
359607835,Daria,0.0
359644960,Henry,0.0
359695013,Amir,0.0
359746382,Sasan,0.0
359751422,Gabi,0.0
359763453,Ayodeji,0.0
359767038,Jenny,0.0
359874930,Jen,1.0
359894316,Asma,0.0
359914093,Myles,0.0
359918541,Rattanaporn,0.0
359992397,Anastasija,0.0
360140567,Issaree,0.0
360176295,Shaun,0.0
360240473,Reshia,0.0
360263343,Kunle,1.0
360289641,Katherine,1.0
360302736,Morleen,0.0
360312978,Sruli,0.0
360321455,Gulziya,0.0
360472243,Maqbool,0.0
360474122,Thomas,0.0
360520821,Graham,0.0
360528090,Alex,0.0
360547794,Jan,1.0
360570877,Rowan,0.0
360595274,Nader,0.0
360618179,Lydia,0.0
360656483,Kristina,1.0
360667677,Christina,0.0
360707261,Irena,0.0
360791874,Kea,1.0
360809385,Lizzy,0.0
360839047,Kings Cross Inn Hotel,0.0
360840675,Nora,0.0
360842336,Leeza,0.0
360858790,Van,0.0
360898212,Shina,0.0
360905239,Chris,0.0
360906190,Vania,0.0
360906563,Mohsen,0.0
360949904,Scott,0.0
360952002,Nathan,0.0
360979644,Steve,0.0
360982746,Melissa,0.0
360991843,Juliet,0.0
361011514,Andrew,0.0
361013155,David,0.0
361064015,Justyna,0.0
361084209,Nadia,1.0
361085104,Richard,0.0
361154532,Zahir,0.0
361270013,Clara,0.0
361270171,Mohamed,0.0
361277947,Biriz,0.0
361364482,Sessy Assion,0.0
361504614,Sam,1.0
361505492,Anna,0.0
361506935,Suphakorn,0.0
361517725,Mag,1.0
361520393,Hawra,0.0
361599890,Luc,0.0
361624829,Chetna,0.0
361767684,Marcus,1.0
361911793,Tj,0.0
361976679,David,1.0
362003045,Nayantara,0.0
362109664,Sarah,0.0
362121816,Hina,0.0
362180751,Jessica,0.0
362196867,Grace,1.0
362228882,Victoria,0.0
362334887,Camila,0.0
362349655,Rosanna,0.0
362385100,Richard,0.0
362409887,Samia,0.0
362436689,Amarilnto,0.0
362527149,Kevin,0.0
362566136,Inès,0.0
362590835,Kate,0.0
362630843,Alejandro,0.0
362646783,Edel,0.0
362711442,Milly,0.0
362744556,Salim,0.0
362792819,Hugo,0.0
362835102,Alex,0.0
362852046,Akrox,0.0
362873787,Pratchaya,1.0
362881620,Yonathan,0.0
362897584,Jay,1.0
362900585,Andres,0.0
362918669,Pass The Keys,0.0
362934113,Star,0.0
362961825,Catalina,0.0
363014024,London Luxury City Apartments,0.0
363029702,Woolbrokers,0.0
363034955,The Select Inn,0.0
363053944,Saba,0.0
363102380,Mohammed,0.0
363153034,Harry,1.0
363174222,Kasandra,0.0
363219182,Zhaobo,0.0
363232735,THA City Loft,0.0
363261648,Camilla,1.0
363289587,Robert,0.0
363292694,Noon,0.0
363296492,Cosima,0.0
363333655,Mirna,0.0
363397249,Fiona,0.0
363400466,Duan And Paul,0.0
363416404,Alexandra,0.0
363507433,Mike,0.0
363515610,Reza,0.0
363620492,Sharon,1.0
363650579,Mikail,0.0
363653936,Nocir,0.0
363867144,Luke,0.0
363904821,Mariela,1.0
363914553,Moses,0.0
363929067,Amy,1.0
363931524,Jasmine,0.0
363936849,Shiva,1.0
363948814,Rati,0.0
363952293,Mariam,0.0
363976551,Chantal,1.0
363992525,Moyo,0.0
364143785,Jessica,0.0
364157798,Zoi,0.0
364191266,María,1.0
364201685,Theo,1.0
364237727,Rosie Norton,1.0
364242323,Maneli,0.0
364307348,Shaz,1.0
364307750,Sunil,0.0
364315656,Lorenza,0.0
364343808,Shaun,0.0
364365265,Paolo,0.0
364453606,Deena Alvarez,0.0
364457236,Hanna,1.0
364460093,Jennie,0.0
364464765,Vince,0.0
364478843,Kristina,1.0
364487284,Kuldeep,0.0
364523274,Aranya,1.0
364539625,Ellie,0.0
364605840,Dolores,1.0
364620156,Lisa,0.0
364654810,Thanayut,0.0
364811224,Muhammad Nasir,0.0
364915476,John,0.0
364937262,Nerida,0.0
364981035,Joceline,1.0
365019409,Dre,0.0
365086985,Mohammad Kanooz,0.0
365106672,Monica,1.0
365213765,Warintorn,0.0
365214300,Ash,0.0
365219659,Aviva,1.0
365290484,Daniela,0.0
365291845,Al-Hamzah,0.0
365317004,Altan,0.0
365365648,Hawkesbury River,1.0
365420815,Su,0.0
365447845,Elias,0.0
365620563,Fergus,0.0
365639564,Mohammed,0.0
365699792,Teresa,0.0
365733984,Shehab,0.0
365751803,Susanna,0.0
365755852,Bill,0.0
365763582,Lee,0.0
365827297,Natalia,1.0
365847657,Emma,1.0
365948360,Hong,0.0
366019915,Luke,0.0
366049785,Terence,0.0
366070175,Jane,1.0
366084866,John,0.0
366128714,Melina,0.0
366189694,Sandra,1.0
366202788,Noah,0.0
366203298,Alberto,0.0
366234058,Wikanda,0.0
366278382,KE Apartments,0.0
366338214,Kyan,0.0
366350802,Barry,1.0
366437230,Waqas,0.0
366511134,Bronwen,0.0
366542953,Alana,1.0
366560842,Robyn,0.0
366613513,Capucine,1.0
366682331,Damien,0.0
366684001,Megan,1.0
366684515,Muhammad,0.0
366693782,Valter,0.0
366726795,Kremena,0.0
366746903,Anna,0.0
366766487,Zayeem,0.0
366770413,Latifa,0.0
366920563,Kawther,0.0
367062513,Melissa,0.0
367065077,Anup,0.0
367065605,Jackson,0.0
367126211,Paul,1.0
367190641,Sanel,0.0
367210657,Sidana,0.0
367252288,Robert,0.0
367265533,Celeste,0.0
367291891,Richard,0.0
367373219,Shaun,0.0
367530282,Diogo,0.0
367560412,Sophie May,0.0
367596176,Gideon,0.0
367606104,Chimitma,1.0
367678408,Karl,0.0
367727822,Elani Joy,0.0
367814032,Obp,0.0
367949646,Emerson,0.0
367971293,Bryan & Gus,1.0
367988122,Michael,0.0
368030167,Shelly,0.0
368037467,Breathe-Easy,0.0
368047056,Seren,0.0
368071630,Louise,0.0
368090690,Rania,1.0
368111680,Toma,0.0
368190948,Claudia,0.0
368194926,Aisha,0.0
368207715,Tochukwu,0.0
368232350,Hasan,1.0
368337709,Karl,1.0
368373736,Omar,0.0
368401045,TszCheung,1.0
368510770,Sophia,1.0
368520818,Lucas,0.0
368522735,Isaac,1.0
368530768,Carolyn,0.0
368536501,Simone,0.0
368541398,Erdal,0.0
368548538,Margaret,0.0
368587168,Mirko,0.0
368602359,Nicholas,0.0
368614975,Neil,0.0
368646484,Ray,1.0
368677139,Ingrid,0.0
368677168,Sanzo,0.0
368683315,Paul,0.0
368767736,⁨Jeeranan7824⁩,1.0
368822694,Julie,1.0
368832909,Ajay,0.0
368851706,Keri,0.0
368938747,Mehmet,0.0
368967155,James,1.0
368994556,Giovanni Alberto,0.0
368996251,Shirley,1.0
369088684,Skye,1.0
369172085,Gavin,1.0
369184922,Samuel,0.0
369197479,Baraa,0.0
369198553,Hawi,1.0
369200938,Chioma,0.0
369205788,Sana,0.0
369344923,Meredith,1.0
369370562,Mon,1.0
369396084,Ousman,1.0
369550311,Prince,0.0
369551682,Kirsten,0.0
369604547,Belle,0.0
369624884,Kevin Dawn And Team,0.0
369637879,Jonathan,1.0
369639138,Vijay,0.0
369644318,Camila,0.0
369658858,Praphatson,1.0
369664148,Jack,0.0
369673595,David,0.0
369704078,Qandeel,0.0
369792230,Francis,1.0
369817719,⁨Tirana P.⁩,1.0
369868212,Liam,0.0
369908172,Andy,0.0
369925291,Craig,0.0
369928104,Kiran,0.0
369953825,Jani,1.0
369957358,Ibrahim,0.0
370152502,Margita,0.0
370226962,Amy,1.0
370234036,ปิยะนาถ,0.0
370252305,Lisa,0.0
370312584,Alecia,0.0
370404241,Wayne,1.0
370482588,Jenni,0.0
370496812,Carl,0.0
370542672,Jonathan,0.0
370543667,Shola,0.0
370552205,Sbly,0.0
370586772,Nazir,0.0
370605895,Louisa,0.0
370611713,Szabolcs,0.0
370612253,Jacob,0.0
370681368,Katherine,1.0
370689472,Lizzie Cam And Prue,0.0
370728526,Natalia,1.0
370842831,Landmark,1.0
370880114,Hotel Shepherds Bush London,0.0
370943073,Shade,0.0
370980395,Curated Property,0.0
370994774,Poonam,0.0
371024537,Ilona,1.0
371115048,James,0.0
371123918,Nav,1.0
371197816,Benjamin,0.0
371237344,Syed,0.0
371278312,Sarah,0.0
371336449,Ruba,0.0
371338993,ไพศาล,0.0
371465326,Weilun,0.0
371465990,Isabella,0.0
371492748,Augustine,1.0
371497447,Arthur,0.0
371568083,Aleks,0.0
371644297,Manisha,0.0
371654632,Iri,0.0
371660117,Ramona,0.0
371679611,Olivia,0.0
371710257,Itana,1.0
371778904,Catherine,0.0
371822772,James,0.0
371839373,Lee,0.0
371845277,Brad,0.0
371885725,Jodie,0.0
371887376,Taleisha,0.0
371896242,Tower Suites Hotel By Blue Orchid,1.0
371904687,Hosted By Paola And Ricardo,0.0
371916595,Shima,0.0
371941219,Ms Kasandra,1.0
371964739,Magda,0.0
371996718,Pattareeya,0.0
372067307,Alex,1.0
372074992,Kade,0.0
372081522,Richard,0.0
372092136,Casa Comfort,0.0
372155052,Duncan,0.0
372235013,Busi,0.0
372261019,Phuong,0.0
372274166,Dari,0.0
372348828,Gurpreet,0.0
372446777,Tarusha Stasch,1.0
372451476,Codie,1.0
372473298,May,0.0
372482126,Hans & Karen,0.0
372486430,Hannah,1.0
372491079,J L,0.0
372612621,Pranpriya,0.0
372649636,Gema,0.0
372667076,Kristija,0.0
372706301,Akin,1.0
372750863,Julie,0.0
372813924,Dalbir,0.0
372821805,Joy,0.0
372823357,Brad,1.0
372845383,Alfredo,0.0
372878682,Fedor,0.0
372965463,Alexandra,0.0
372995461,Geena,0.0
373110729,Bird,0.0
373127670,Fabiana,0.0
373243295,Za,0.0
373252195,Jonathan,0.0
373256510,TruStay,0.0
373276034,Ali,1.0
373330490,Weathaka,0.0
373350297,Nizam,0.0
373386009,Maisie,0.0
373401591,Marli,0.0
373452657,Annabelle,1.0
373468906,Jose,0.0
373472739,Kevin,0.0
373515484,Heritier,0.0
373522395,Barbara & Adam,1.0
373580425,⁨ภูมิพัฒน์⁩,0.0
373584702,Alexandra,1.0
373598278,Julian,0.0
373678465,Daniel,0.0
373712372,Annika,0.0
373773292,Marcia,1.0
373799151,David,0.0
373817430,Con,0.0
373874048,Lewis,0.0
373939119,Teresa,0.0
373993682,Mya,1.0
373999790,Paul,1.0
374033182,Apicha,0.0
374048925,Rebecca,0.0
374088634,MadeComfy Australia,0.0
374097938,Adriano,0.0
374144461,Jonatan,0.0
374145871,Kirsty,0.0
374150251,⁨Slavea C.K.⁩,0.0
374186674,Dilan,0.0
374201947,Amanda,0.0
374203366,Jyoti,1.0
374255104,Excel Apartments,0.0
374259753,Krasimir,0.0
374270230,Richard,0.0
374292839,Croft Court,0.0
374363174,Conor,0.0
374488620,Judy,1.0
374528380,Millie,0.0
374560883,Nova Maison LTD,0.0
374643738,Timea,1.0
374652536,M,0.0
374657360,Michelle,0.0
374695454,Oladapo,0.0
374760317,H,0.0
374775343,David,0.0
374808902,Eloise,0.0
374815460,Jessie,0.0
374825738,Conor,0.0
374847252,Xiaoyan,0.0
374891931,Nica,0.0
374988267,Ittichot,0.0
374988404,Belgravia,0.0
375018172,Liam,0.0
375054030,Manager,1.0
375057506,Marco,1.0
375108687,Sule,0.0
375120383,Reesa,0.0
375210035,Aisha,0.0
375226002,Mink Patherine,0.0
375241276,Yukio,0.0
375331167,Pedro Henrique,0.0
375364621,Anne-Louise,1.0
375390108,Liya,0.0
375392162,Sofia,0.0
375413867,Nathan,0.0
375450236,Alex,0.0
375494594,Nicholas,0.0
375574114,Sona,0.0
375771943,Nicole,0.0
375813916,Joshua,0.0
375838496,Frances,0.0
375898643,Simone,0.0
375938841,Mariam,0.0
375977577,Ronnie,0.0
376009396,Nobuko,0.0
376012808,Farzana,1.0
376046775,Christie,0.0
376055183,Vafa,0.0
376102851,Saffia,0.0
376124906,⁨Yaovadee (Short Name As Ms Yao)⁩,0.0
376131656,Huike-Home,0.0
376149689,Ian,0.0
376263695,Ebi,0.0
376277013,Kings Square Apartments,0.0
376303152,Lisa,0.0
376334319,Kate,0.0
376343532,Iolanda Petronela,1.0
376365885,Torquil,0.0
376378762,Vikki,0.0
376464449,Toby,0.0
376466105,Andrei,0.0
376533498,Steven,0.0
376564244,Heather,1.0
376568303,Richard,0.0
376603026,Sterlin Properties,0.0
376663108,Short Term Accommodation,0.0
376734944,Dave,0.0
376737833,Marina,0.0
376796877,Carissa,0.0
376841303,Lloyd,0.0
376860357,Lola,1.0
376882006,Cecelia,0.0
376909128,Sakshi,0.0
376946131,Short Term Accommodaton Management,0.0
376959148,Claire,1.0
376962670,Kamani,1.0
377004589,Adam,1.0
377071410,Tiffany,1.0
377095354,Davi,1.0
377128880,Jamie,0.0
377143133,Usman,0.0
377183099,Mushthaq,0.0
377246225,Florence,0.0
377280078,Tina,1.0
377356640,Marie-Pass The Keys,1.0
377363183,George,0.0
377373574,Mia,0.0
377388545,Fadoua,0.0
377454695,Fernanda,0.0
377582494,Douglas,0.0
377593833,Dill,0.0
377595102,Ocho Stays,1.0
377711702,Narathorn,0.0
377730974,Guy,0.0
377732492,Sam,0.0
377767434,Karla,0.0
377774631,Ioannis,0.0
377783859,Lisa,0.0
377953760,Jody,0.0
377965689,Mohamed,0.0
377993410,Fiona,1.0
377993617,Nikolaz,0.0
378064013,Sharea,0.0
378120328,Rufus,1.0
378157792,Charley,0.0
378180502,Panitchaya,0.0
378227674,Pauline,1.0
378284205,Simon,1.0
378328880,Raihan,0.0
378346926,Natalia,0.0
378395537,Emil,0.0
378435279,Margarita,1.0
378444015,Brandon,1.0
378456949,Yash,0.0
378497305,Vedant,0.0
378532598,Supondtip,0.0
378624594,Dillawar,0.0
378658252,Nicole,0.0
378679025,Sheyi,0.0
378684347,Cara,0.0
378776826,Berrak,1.0
378781351,Steven,0.0
378795143,Josephine,0.0
378941477,Andrew,1.0
378950791,Helen,0.0
379031990,Amanda,0.0
379238113,Ben,0.0
379253481,Beatrice,0.0
379431955,Tony,0.0
379464565,Konstanty,0.0
379523823,Nina,1.0
379529139,Shaukat,0.0
379558333,Ignacio,0.0
379776076,Dinesh,0.0
379799180,Cara,0.0
379951697,Jay,0.0
379957217,Luisa Gobbo,0.0
379959178,Maneerat,0.0
379965069,Moritz,0.0
379997542,Dipo,0.0
380019999,Kiu,0.0
380069781,City Plaza Nana,1.0
380076109,Chawanya,0.0
380076989,Huseyin,0.0
380077093,Cuneyt,0.0
380117510,The Wallrock Collection,0.0
380250115,Thitima,1.0
380253786,Julie,0.0
380303655,Bella,0.0
380353372,Temi,0.0
380439322,Weston,0.0
380490348,Molly,1.0
380558439,Abir,0.0
380657937,Jamal,0.0
380675430,Edward,0.0
380732346,Clockwork Hotels,1.0
380732350,Sydney Retreat,1.0
380825075,João,0.0
380830124,Abiodun,0.0
380881965,Stephanie,1.0
380905674,Laura,0.0
380926549,Jiyan,1.0
380955604,Kate,0.0
380970278,Muaaz,0.0
381113446,Dana,1.0
381126248,Nico,0.0
381350038,Ailin,0.0
381363896,David Anthony,0.0
381373270,Jo,1.0
381393416,Polly Zhong,0.0
381403799,Catriona,0.0
381491670,Adrian,1.0
381539539,Manish,0.0
381593350,Farah,1.0
381657500,Jennifer,0.0
381658949,William,0.0
381659089,Jordan,0.0
381953519,William,0.0
381999108,Litza,0.0
382021644,Pauline,0.0
382026865,James,1.0
382057049,Sam,0.0
382101496,David,0.0
382124057,Chanteese,1.0
382158655,Matin,0.0
382159991,Dagmara,0.0
382193488,Rob,0.0
382286110,Nicholas,0.0
382320583,Giorgio,0.0
382322950,John,0.0
382345758,Magi,0.0
382352634,Bruna,0.0
382384057,Christine,0.0
382394006,Lauren,0.0
382416289,Pratik,0.0
382497443,Ayodele,0.0
382502831,Darrin & Paula,0.0
382543087,Ulla,0.0
382578657,Prassanth,1.0
382628914,Maifa,0.0
382640084,Michael,0.0
382649266,Nawaporn,0.0
382660758,Michael,0.0
382756753,Chenelle,0.0
382803547,Kenneth,0.0
382861753,Kenneth,1.0
382903152,Mitch,1.0
382932940,Abigail,1.0
383008395,Sarah,0.0
383128315,Syed,1.0
383133050,Vitor,1.0
383161326,Mujadid,0.0
383216304,Fry,1.0
383234577,Cornell Homes LTD,0.0
383235024,Carlos,1.0
383260964,Simmone,0.0
383356447,Amporn,1.0
383371205,Ria,0.0
383372983,Yamy,0.0
383511744,Lauryn,0.0
383581537,Jack,0.0
383601015,Ervig,0.0
383787499,Lia,1.0
383816231,Amin,0.0
383877852,Clive,0.0
383895949,Charlene,0.0
383911184,Grace,0.0
383918131,Sead,0.0
383947720,Madison,0.0
383986830,Sahel,1.0
383992834,Raymond,0.0
384039818,Debra,0.0
384074258,Ian,1.0
384088248,Kyra,0.0
384135377,Ki Heon,0.0
384138841,Lety,0.0
384140750,Mollie,0.0
384358104,Kien Phat,0.0
384373131,Santi,1.0
384379909,Gabriela,0.0
384423895,Penny,1.0
384481215,Neil,0.0
384509530,Jula,1.0
384548887,Kavita,0.0
384588269,Kate,0.0
384778490,Anna,0.0
384859701,Sasha,0.0
384863891,Lili,0.0
384881637,Jo,1.0
384924350,Jaden,1.0
385011319,Charles,0.0
385019402,Anna,0.0
385043743,India,0.0
385049381,Belinda Jane,0.0
385049520,Swapna,0.0
385084106,Ayodeji,0.0
385337840,Tyson Lee,0.0
385346008,Calvin,0.0
385389448,Alexandra,0.0
385411393,Johan,1.0
385486375,G&J Estates,0.0
385488246,Sadiq,0.0
385537165,Michael,1.0
385593118,Rachael,0.0
385683384,Amy,0.0
385694484,Sirote,1.0
385694535,Alex,1.0
385700270,Davis,1.0
385700478,Amer,0.0
385771818,Thafimul,0.0
385782742,Asher,0.0
385794957,Honza And Claudine,0.0
385909758,Lorenna,0.0
385961552,Connor,0.0
385997743,Abdul,0.0
385999845,Rachael,0.0
386003799,Kornnika,0.0
386083033,Mary Ann,1.0
386112666,Will,0.0
386119563,Centel,0.0
386128270,Zeynep,0.0
386205269,Sonram,0.0
386438908,Lisa,1.0
386440520,Narelle,1.0
386453488,Julie,0.0
386514421,Global Medic,0.0
386626320,Tom,0.0
386747615,Anna,0.0
386751930,Ben,0.0
386754078,David,0.0
386819945,Dilok,0.0
386905447,Rachel,0.0
386932887,Manly Waves,0.0
386986040,Chapter,0.0
387007831,Axo,0.0
387078489,Thandie,1.0
387283377,Joseph,0.0
387305716,Kayode,0.0
387473883,Narumol,0.0
387503881,Francisco,0.0
387516018,Ataulla,0.0
387516020,Hamzah,0.0
387594754,Beata,0.0
387613747,Emre,1.0
387643499,Femi,0.0
387681081,Arif,0.0
387683559,Gervais,0.0
387687065,Kamal,0.0
387692474,Michelle,1.0
387720106,Lisa,0.0
387752274,Benjamin,0.0
387792300,Natalie,0.0
387833383,Meridian,0.0
387886623,Asier,0.0
387897267,Sammy,0.0
387927257,Adrian,0.0
388032944,Rihab,0.0
388102087,Nicole,0.0
388246811,Martin & Beth,1.0
388264895,Amelia,1.0
388367075,Jennifer,0.0
388371554,George,0.0
388377635,Helena,0.0
388389080,Jenny,0.0
388526393,Rohema,1.0
388616821,Puna,0.0
388711247,Nafisah,0.0
388725987,Ola,1.0
388774095,Smith,0.0
388804466,Natasha,0.0
388923226,Jason,1.0
388931054,Andrea,1.0
388932103,The Urban Retreat Apartments,1.0
388997637,Ola,0.0
389056894,Jingjing,0.0
389087028,Anna,1.0
389174131,Emma,0.0
389192553,John,1.0
389206219,ESha,0.0
389315603,Jessica,1.0
389384385,Amina,0.0
389426324,Eve,0.0
389457032,Olivia,0.0
389489280,Ramona,1.0
389553941,Cameron,0.0
389590446,Simon,1.0
389601913,Hollie,0.0
389794411,Inas,0.0
389829384,Ethan,0.0
389879619,Kent,1.0
389887484,Sandra,1.0
389910022,Anna,0.0
389956668,Lisa,0.0
390024969,Vinay,1.0
390039234,Sean,1.0
390092974,Lee,0.0
390131208,Hanseung,1.0
390189268,James,0.0
390230195,Maria,0.0
390233992,Ben,1.0
390369738,Ciara,0.0
390461781,Giulia,0.0
390510890,Hamza Soobhan,0.0
390513540,Iain,1.0
390593071,Sangita,1.0
390749182,Louise,1.0
390780500,Andrea,0.0
390815570,Shahad,0.0
390874295,Lea,0.0
390879039,Blue Gold,0.0
391005283,Daniel,0.0
391015416,Matthew,0.0
391069620,Villa Jahn,0.0
391116164,Laura Carolina,0.0
391120224,Murat,0.0
391124223,Kieran,0.0
391192337,Demetra,0.0
391202854,Aaron,0.0
391235657,Fahad,0.0
391352628,Robert,1.0
391370691,Christiane,0.0
391383065,Svetlana,0.0
391415361,Mitch,0.0
391442164,Tara,1.0
391484305,Livia,0.0
391513195,Jade,0.0
391533924,Jeev,0.0
391556776,Soban,1.0
391566801,Uzair,0.0
391629495,Jaies,0.0
391630339,Kate,0.0
391689263,Emma,1.0
391692972,Eden,0.0
391706552,Charmaine,0.0
391709831,Nicky,0.0
391713088,Jessica,0.0
391718169,Gentian,1.0
391736065,Hiromi,0.0
391736401,Robyn,1.0
391738765,Royal,0.0
391749044,Khaosan Art Hotel,0.0
391777602,Mauro,1.0
391795262,Amgad,0.0
391804331,Zeeshan,0.0
391835027,Room,0.0
391848863,Jonathan,0.0
391875623,Madonna,0.0
391985404,Lorina,0.0
391996272,Behzad,0.0
392008983,Kiarne,0.0
392009291,Anthony,0.0
392014115,Renzo,0.0
392071201,Phil Martel,1.0
392076201,Daniello,0.0
392081896,Lucy,0.0
392263774,Junaid Ali,0.0
392295682,Endo,0.0
392335242,Edress,0.0
392402694,Leslie,0.0
392416629,Elizabeth,0.0
392456580,Michael,0.0
392462153,Anna,0.0
392481874,Lucia,0.0
392504911,Blessed Treatments,0.0
392528820,Flourish Apartments,0.0
392547892,Ghadah,0.0
392615185,Kristy,1.0
392722503,Natalie,1.0
392778125,Peter,0.0
392780798,Brenda,1.0
392798452,Afshaan,0.0
392888483,Saad,0.0
392894652,Dzi,0.0
392902653,Pacharapon,0.0
392908452,Roezetta,1.0
392940036,Valery,0.0
392945187,Versaille,0.0
392947179,Julie,0.0
392951594,Emma&Harnick,0.0
393001266,Naomi,0.0
393006946,Christopher Thomas,0.0
393063977,Studio F Sukhumvit,0.0
393145538,Alper,0.0
393180495,Stephan,1.0
393230513,Hikaru,0.0
393235631,Marian,0.0
393236510,Ashe,0.0
393253783,Reza,0.0
393273145,Veronica,0.0
393507610,BDA Property,0.0
393536867,Rakhi,0.0
393557231,Mohammed,0.0
393595389,Ali,1.0
393643868,Harry,0.0
393651179,Parniea,1.0
393656573,Wellington Hotel,0.0
393694783,Nicola,0.0
393736636,Catriona,0.0
393778674,Nathan,1.0
393794159,Karl,0.0
393809022,Christie,0.0
393879357,Claire,0.0
393906963,Mahmoud,0.0
393913503,Kingsgrove Hotel,0.0
393956675,Chris,1.0
393963868,Kenza,0.0
393990420,Julie,0.0
394010619,Marisa,0.0
394141682,Joanna,0.0
394201091,Madelynne,0.0
394249685,Jacqueline,0.0
394275315,B,1.0
394282577,Muriene,1.0
394318296,Anna,0.0
394361570,Anna,0.0
394365798,Lena,1.0
394373322,Vinod,0.0
394408637,Laura,0.0
394413925,Anas,0.0
394435695,Chris,0.0
394481966,Jennifer,0.0
394493085,Christophe Ntula,0.0
394501627,Tatiana,0.0
394505347,Linda,1.0
394546929,Sachin,0.0
394553633,Haylton,0.0
394600365,Joseph,0.0
394652258,Nick,0.0
394758555,Robyn,0.0
394785557,Sid,0.0
394841244,Lucretia,0.0
394891226,Ho Ying,0.0
394930085,Amelia,0.0
394980780,Masha,0.0
394990671,Bikram,0.0
394991644,Tina,0.0
395065895,Yvette,1.0
395068201,Hoang,0.0
395085352,Kay,0.0
395110500,Cora Jane,0.0
395150107,Dimitar,0.0
395204877,Yemi,0.0
395232753,Nino,0.0
395282969,Sahil,0.0
395304707,Antonio,0.0
395455309,Caroline,0.0
395469644,Ngoc,1.0
395490332,John,1.0
395503368,Maxim,0.0
395579364,Claudia,0.0
395581587,Emma,0.0
395595884,Your.Rentals,0.0
395643139,Cody,0.0
395724163,Ilias,1.0
395752083,Tommaso,0.0
395767349,Guest Service ByMansley,0.0
395777141,James,0.0
395929883,Hannah Louise,0.0
395969945,Toluwase,0.0
395979435,Alex,0.0
396039597,Chiara,0.0
396044354,Mimi,0.0
396052998,Maria,0.0
396054737,Daniela,0.0
396177825,Beha,0.0
396203318,Sophia,0.0
396211204,Moni,0.0
396298510,Nora,0.0
396300847,Jessica,1.0
396309496,Winchester,0.0
396432721,Nuttawadee,0.0
396438130,John,1.0
396445181,Stefanos,0.0
396479281,Modupe,0.0
396592423,Aum,0.0
396612215,Sidi,0.0
396723701,Katie,0.0
396744839,Helena,0.0
396803472,James,1.0
396821779,Linda,0.0
397033547,Matt,0.0
397121525,Rose,0.0
397136129,Jacqui,1.0
397164579,Zohal,0.0
397180823,Holly,1.0
397213276,Pass The Keys,0.0
397215169,Yair,0.0
397266523,Rachel,0.0
397283384,James,0.0
397434281,Zeki,1.0
397483954,Waseeat,0.0
397487455,Carlos,1.0
397564439,Byron,0.0
397618728,Tasha,0.0
397619582,Benedetta,0.0
397670461,Quasim,0.0
397688344,Sam,0.0
397710337,Sonia,0.0
397722973,Charles,0.0
397776544,Frankey,0.0
397800585,Leydi,0.0
397885410,Ben,1.0
397934619,Rosa,1.0
397960215,Giuliano,1.0
398027850,Leo,0.0
398129740,Chi,0.0
398142105,Juan,0.0
398162611,Flipside,0.0
398201407,Jammie,1.0
398221344,Vivian,1.0
398240183,Alan,0.0
398249635,Rebecca,1.0
398265562,Lauren,0.0
398356362,Shraddha,0.0
398464717,Eleonore,0.0
398472291,Doug,1.0
398567407,Sarah,0.0
398591385,Back Home Bangkok,0.0
398705667,Manoj,1.0
398786680,Daisy,0.0
398792725,Paul Martin,0.0
398857748,Nikunj,0.0
398876153,Sangdaow,0.0
398880553,Marco,0.0
399025063,Wealth Church Homes,1.0
399047235,Corinne,0.0
399051716,Malgosia,1.0
399075636,Jamie,1.0
399111969,Sung,0.0
399173133,Ploy,0.0
399185857,Efe,0.0
399234827,Irina,1.0
399307359,Noon,1.0
399332136,Simone,0.0
399354679,Darnelle,0.0
399384274,Sarah,0.0
399404656,Baki,0.0
399458345,Alex,0.0
399544830,Ivan,0.0
399575879,Orlando,1.0
399621007,Osagie,0.0
399623072,Amos Arowosegbe,0.0
399676842,Claud,0.0
399696306,Rio,0.0
399753309,Pich,0.0
399777882,Habeebat Olabisi,0.0
399778723,Tope,0.0
399824728,Dalia,0.0
399940710,Aris,0.0
399946754,Suzanna,1.0
399954201,Bonnie J,1.0
399970753,Daisy,1.0
399974253,Ellie,0.0
400110573,Jennifer,0.0
400125692,Nicolas,0.0
400193309,Idakirinegim,0.0
400218760,Chayma,0.0
400234222,Kumail,1.0
400284971,Arlo Living,0.0
400296863,Mark,0.0
400315996,Josh,0.0
400327769,Kam,0.0
400331504,Lidia,0.0
400334856,Maureen,0.0
400444453,Jane Pass The Keys,1.0
400461866,Lewis,0.0
400466657,Anna Maria,0.0
400526884,Rated Apartments,0.0
400562570,Charlotte,0.0
400649403,Tatiana,0.0
400667902,Prasannajeet,0.0
400671551,Renata,0.0
400674634,Kasey,1.0
400823542,Salty,1.0
400845787,Izabela,0.0
400905888,Mishal,0.0
400919810,Darya,0.0
400974565,Scott,0.0
401026471,Mohammed,0.0
401029047,Flavio,0.0
401041170,Katie,0.0
401062732,Katie,0.0
401082391,Buddy,0.0
401106510,Andrea,0.0
401117017,Apollo,1.0
401145099,Peter,0.0
401259633,Jane,0.0
401494571,Roshan,1.0
401503357,Keven,0.0
401572903,Sinno,0.0
401647373,Debbie,0.0
401702496,K W Studios,1.0
401706377,Maliya,1.0
401711158,Arti,0.0
401720922,Claudia,0.0
401796165,Ellie,1.0
401805713,Annie,0.0
401873433,Arlene,0.0
401921853,Hande,0.0
401933149,Steven,0.0
402009793,Sarah,1.0
402012456,Coleman,0.0
402030488,Gen,0.0
402064687,Helen,0.0
402082205,Ho Dong,0.0
402098519,Hajer,0.0
402169798,Ted,0.0
402178996,Jennifer,0.0
402191311,GuestReady,0.0
402212795,Amin,0.0
402218222,Puspa,0.0
402254043,Sanzee,0.0
402267688,Christopher,0.0
402318216,Ana Maria,0.0
402339453,Trevor,0.0
402362686,Shamim,0.0
402374563,Finlay,0.0
402410692,Jennifer,0.0
402631801,Vincent Binh,0.0
402687136,Camila,1.0
402742695,Sammy,0.0
402795558,Pearl,1.0
402827656,Soni,0.0
402847356,Annabelle,1.0
402886571,Rama,0.0
402930675,Jeffrey,0.0
402997110,Mae,0.0
403010183,Fast Management,0.0
403066395,Swaranjit,0.0
403175190,Manmohan,0.0
403193411,Josh,0.0
403214966,Jade,0.0
403301204,Paul,0.0
403310234,Benedetta,0.0
403317027,Bertrand,0.0
403320694,Lisa,0.0
403333832,Naushad,0.0
403391722,Adrian,1.0
403467966,Yamna,1.0
403471751,Hannah,0.0
403509869,Andras,1.0
403575660,Eman,0.0
403592642,Sucheera,0.0
403597208,Jamil,0.0
403602564,Rosalie,1.0
403621678,Kamila,0.0
403647401,Simon,0.0
403689630,Jan,0.0
403693727,Melanie,1.0
403710303,Camila,0.0
403723103,El,0.0
403788432,Jin,1.0
403957740,Ayesha,0.0
403981306,Naomi,0.0
403994376,Benazir,0.0
404035462,Dan,0.0
404111123,Leo & Livia,1.0
404130968,Tristan,1.0
404271630,Lilly,0.0
404273339,Hanna,0.0
404281426,Raja,0.0
404296998,Milena,0.0
404321849,Lucky,0.0
404331072,Jasmin,0.0
404392913,Viktor,0.0
404452345,Val,1.0
404454494,Kylie,1.0
404466425,Doma Homes,0.0
404470079,Georgia,0.0
404661572,Stephanie,1.0
404726786,T,0.0
404753607,Salman,0.0
404771280,Deanna,0.0
404813194,Shaun,0.0
404830017,Candia,0.0
404836708,Mohammed,0.0
404909914,Nathaniel,0.0
405005988,Megan,1.0
405023142,Sarah,0.0
405027860,Giuseppe,0.0
405028477,Kellen,0.0
405058964,Simon,0.0
405207138,Ella,1.0
405237599,Brian,0.0
405241822,Adenike,0.0
405253301,Chioma,0.0
405280300,Barbora,0.0
405309990,Victoria,0.0
405311126,Mel,0.0
405334313,Emma,0.0
405350689,Nena,1.0
405370191,Ginnie,0.0
405377730,Methinee,1.0
405410221,Jorge,1.0
405411864,James,0.0
405438806,Alex,1.0
405472907,Karolyn,0.0
405535353,Dominic,1.0
405538954,Romany,0.0
405546646,Emmanuel,0.0
405651774,Natasha,0.0
405661079,Fais,0.0
405699447,FaZ,0.0
405748313,Stephen,0.0
405752448,T,0.0
405756156,Antonina,0.0
405776254,Dalton,0.0
405780247,Raphael,0.0
405865044,Katie And Mark,1.0
405919337,Lulu,0.0
405939263,Deana,0.0
405943519,Charlene,1.0
405955760,Lewis,1.0
405992708,Melody,0.0
405996624,Steph,0.0
405998928,Emanuele,1.0
406068823,Paul,0.0
406122690,Luca,0.0
406162942,San,0.0
406213810,Gifty,0.0
406247681,Syeda,0.0
406316704,Faryal,0.0
406344359,Alessandra,0.0
406376172,⁨Eson2⁩,0.0
406403381,Gg,1.0
406411049,James,1.0
406429425,Timi,0.0
406492962,Haruenat,0.0
406504864,Gavin,0.0
406518726,Mohammed-Hanif,0.0
406524410,Roland House,0.0
406552740,Remell,1.0
406579893,Griffin,0.0
406586102,Mitesh,0.0
406615900,Nora,0.0
406667723,David,0.0
406746227,Adán,1.0
406908998,Alana,0.0
406970175,Kharina,0.0
406971939,Marco,1.0
406981974,Ayesha,0.0
407057870,Sara & Adi,1.0
407082167,Sharon,0.0
407131460,Badruz,0.0
407201897,Jenny,1.0
407243041,Timothy,0.0
407316231,Vikrant Singh,0.0
407328025,Success,0.0
407392360,Oliver,0.0
407394612,Thacha,1.0
407422784,Labhras,1.0
407474055,Dylan,1.0
407483188,Saheed,0.0
407499012,Weerawech,0.0
407526287,John,0.0
407629334,Ahad,0.0
407636597,Samia,0.0
407700943,Adegoke,0.0
407799448,Shawn,1.0
407814028,Shoresh,0.0
407833219,Limitless Living With Brenda,0.0
407862283,Ngute Daniel,0.0
407980308,Ibraheem,0.0
407989245,Nilgun,0.0
408076417,Taiki,1.0
408260209,Judi,1.0
408287132,Chatdao,0.0
408337958,Uzo,1.0
408353648,Ryan,0.0
408362966,Stephen,0.0
408413168,Curated Property,1.0
408515981,Juan,0.0
408591037,Samira,0.0
408607811,Lydia,1.0
408689484,Wiki,0.0
408697868,Mina,0.0
408727277,Lauren,1.0
408789893,Sarah,0.0
408877666,Cubo Apartments,0.0
408939944,Ade,0.0
408964276,Ali Salih,0.0
409049541,GuestReady,0.0
409056992,Sam,0.0
409079492,Henri,0.0
409091969,Doga,0.0
409163018,Julio,1.0
409182320,Edmond,0.0
409196248,Ning,0.0
409238377,Pannipa,0.0
409275373,Nick,0.0
409348959,Mussab,1.0
409357897,Lloyd,0.0
409395959,J,0.0
409400211,Simon,0.0
409467969,Nathan,0.0
409518314,Liam,0.0
409532153,Regina,0.0
409577804,Air Stays,0.0
409620691,Picha,1.0
409632440,Rió,1.0
409663757,Jaime,0.0
409747525,David,0.0
409764760,Marc,0.0
409773864,Yianoulla,0.0
409787029,Robin And Amy,1.0
409808417,Malo,0.0
409818761,Martin,0.0
409864589,Tas,1.0
409936486,Nethi,0.0
409949876,Kate,1.0
409999802,Guillaume,0.0
410046040,Yagiz,0.0
410127127,Yossi,1.0
410234716,The Little Red Door,0.0
410296783,Kris,0.0
410326341,Adnan,0.0
410328752,Daniel,1.0
410337920,Humam,0.0
410375152,Wendy,1.0
410380364,Silva,0.0
410417089,Ildiko,0.0
410589643,Dagna,1.0
410598809,Ismaiel,1.0
410703024,Eiad,1.0
410776498,Eva,1.0
410789445,Aslam,0.0
410794585,Danny,0.0
410853850,Ashley,0.0
410867255,Azure Realty Ltd,0.0
410896272,Nina,1.0
410992292,Joshua Arthur,0.0
411003825,William,0.0
411051225,Alexandra,1.0
411119885,David,0.0
411136758,Daniel,0.0
411251115,Pannipa,0.0
411294347,Arif,0.0
411328615,Pasha,0.0
411433039,At Properties 4 You Limited,1.0
411452860,Nestcovery,1.0
411453649,Ceren,1.0
411483749,Rebecca,1.0
411498648,R,0.0
411571992,Tanitha,0.0
411608196,San,1.0
411657164,Sushil,0.0
411672976,George,0.0
411712249,Tessa,0.0
411756853,Faisal,0.0
411763056,Nana,0.0
411771291,Leo And Ria,1.0
411778380,Jagjit,1.0
411839006,Stéphanie,0.0
411880605,Mohammed Nishan,0.0
411992862,Geovanna Julissa,0.0
412102681,Patsy,1.0
412123329,Aaron,0.0
412225392,Anya,0.0
412265050,Okey,0.0
412274729,Hasan,0.0
412307072,Tammy,1.0
412386648,Simon,0.0
412413125,Sanctuary,0.0
412442649,Pj,0.0
412469244,Rong,0.0
412476819,Ruzzy,0.0
412521305,Arthur,0.0
412554950,Imran,0.0
412646145,Edinaldo,0.0
412648488,Dragana,1.0
412783780,Jim,0.0
412899725,Harshitha,0.0
412943027,Mircea,1.0
412982263,Sanjiv,0.0
412983465,Gabriella,0.0
412987364,Joan,0.0
413026192,Sylwia,0.0
413090515,Tanya,0.0
413138319,John,0.0
413155087,Nabil,1.0
413190931,Trevor,0.0
413192300,Kevin,0.0
413293530,Hadia,0.0
413302236,Olivier,0.0
413316256,Chelsea,0.0
413499285,Ksenia,0.0
413596986,Stephan Johannes,0.0
413635793,Nicky,1.0
413657104,Winnifred,0.0
413664857,Sri,0.0
413902409,Elena,0.0
413913974,Rufus,1.0
413939479,Elsa,0.0
413965654,Bernard,1.0
414051275,Romain,0.0
414098823,Naga,0.0
414148243,Burcu,0.0
414210974,Urben,1.0
414269535,YPB Properties,0.0
414366912,Saavan,0.0
414378256,Hannah,1.0
414387552,Mete,0.0
414558956,Matthew,0.0
414563752,Christine,0.0
414609030,Zeeshan,0.0
414646989,Prach,0.0
414698338,Ekaterina,0.0
414712734,Cheng Peng Pass The Keys,0.0
414730420,Yael,0.0
414742090,Kenny,0.0
414748640,Ralphina,0.0
414769032,Moosa,0.0
414778694,Eddy,0.0
414867695,Samantha,0.0
414923533,Anthony,0.0
414928335,Rita,1.0
414990304,Samuel,0.0
414998262,Nick,0.0
415053241,Juan,0.0
415067242,Martin,0.0
415152209,Robbie,1.0
415202018,London,0.0
415238620,Cathy,1.0
415313165,Lewis,0.0
415421102,Edoardo,0.0
415489959,Shweta,0.0
415509041,Von,1.0
415517822,Odette,0.0
415598359,Doruk,0.0
415620366,Haysam,0.0
415621155,Lekan,0.0
415639903,Armonela,1.0
415649502,Roberto,0.0
415657742,Pamela,0.0
415790939,Oksana,0.0
415793188,Ben,0.0
415829926,Helica,1.0
415842476,Cigdem,0.0
415865028,Perzy Homes,1.0
415893235,Hassna,0.0
415946100,Amber,0.0
416004515,Adam,0.0
416029640,Bea,1.0
416108571,Iain,0.0
416260068,Mirza,0.0
416370379,Sammy,1.0
416406654,Brian,0.0
416409384,Siripassorn,0.0
416419689,Lorraine,1.0
416449053,Susan,1.0
416453488,Eden,0.0
416499369,Jason,0.0
416592214,Boss,0.0
416597377,Manisha,0.0
416605983,Mini,0.0
416638091,Charmaine,0.0
416666932,Shweta,0.0
416736521,Mehar,0.0
416748818,Julien Ho Ting,0.0
416758482,Bogdan,0.0
416776908,Mark,1.0
416781223,Lilian,0.0
416794169,Gabriela,1.0
416808317,Maithili,1.0
416922834,Lorna,0.0
417039595,Georgia,0.0
417053283,Kyaw,0.0
417060261,Donna,1.0
417123442,Helen,0.0
417137901,Patrick,0.0
417155256,Natalie,0.0
417169125,Jackie,1.0
417215023,Mariam,1.0
417216692,Sarah,0.0
417222732,Antony,0.0
417242959,David,0.0
417280858,John,1.0
417285603,Clarke,0.0
417308207,Ramada By Wyndham Eighty Seven,0.0
417371084,Talita,0.0
417415339,Rahim,1.0
417460404,Kristin Helene,0.0
417479489,Anas,0.0
417487744,James,0.0
417505956,Sokratis,1.0
417525278,Chelsea,0.0
417576979,Alexandra,0.0
417631897,James,1.0
417660961,Camille,0.0
417663047,Sivapat,0.0
417663297,Toby,1.0
417746816,Louise,1.0
417759481,Kiah,1.0
417777183,Jaklin,1.0
417778585,Kate,0.0
417783035,Rae,0.0
417790653,Elas,0.0
417838756,Maisha,1.0
417866896,Rabia,0.0
417933367,Nat,1.0
417994308,Hitesh,0.0
418116337,Roy,1.0
418138272,Rahim,0.0
418179792,Juliana,0.0
418220206,효식,0.0
418244127,Meera,0.0
418270816,Limehome,0.0
418325956,Kiara,0.0
418328099,Paula,0.0
418383906,Rubina,0.0
418394025,Md,0.0
418395264,Lloyd,0.0
418426365,Ali,1.0
418525020,Stewart,0.0
418529507,Bell,1.0
418554625,Alexandru,0.0
418619541,Ozkan,0.0
418626550,Joel,0.0
418713511,Alicia,0.0
418741249,Ash,1.0
418745727,Aissatou,0.0
418777884,Karolina,1.0
418788208,Mark,0.0
418794488,Thanushan,0.0
418815371,James Marc Llewellyn,0.0
418840021,Ayodele,0.0
418865227,Matthew,1.0
418867773,Sylvia,0.0
418886198,Victoria,0.0
418952897,Caleb,0.0
418955129,Angus And Courtney,1.0
419046344,Athena Hotel,0.0
419063742,Hattie,0.0
419104986,Floyd,0.0
419145717,Buckle Street Studios By Locke,0.0
419200985,Hayley,1.0
419206491,Caroline,1.0
419213864,Faysal,0.0
419218800,George,0.0
419245048,Annie,1.0
419300787,Christine,0.0
419311024,Phutanate,0.0
419344331,Benedict,0.0
419370445,Shiya,0.0
419373987,Marta,0.0
419374773,Desmorie,0.0
419452923,Shewli,0.0
419476200,Amanda,0.0
419505469,Alison,0.0
419517212,Brigitte,0.0
419565076,Dienethe,1.0
419575744,Geisley,0.0
419675899,Mo,0.0
419751086,Lorenzo,0.0
419779280,Mohammed,0.0
419780609,Ebony Door,0.0
419792778,Himani,0.0
419807526,Janice,0.0
419824778,Eric Dahai,0.0
419829080,Info,0.0
419867287,Sarah,0.0
419868164,Vincent,1.0
419897445,Farnoosh,0.0
419901758,Ali,0.0
419978910,Kirk,0.0
419984188,Olanrewaju,0.0
420045987,Mary,0.0
420143394,Tash,1.0
420241059,Jess,0.0
420247449,Ralph,0.0
420272141,Falah Ghaleb Khalaf,0.0
420355773,Monsoor,0.0
420384261,Rahat,0.0
420387963,Georgina,0.0
420487729,Djoann,0.0
420489415,Dimitar,0.0
420495445,Pearl,0.0
420507961,Roger,0.0
420521767,Lex,1.0
420593592,Dee,0.0
420657821,Dhruv,0.0
420681537,Tatjana,0.0
420684423,Jem,1.0
420747260,Marina,0.0
420920967,Jennifer,0.0
420925085,Nopparut,0.0
420941242,Rajeev,0.0
421018578,Zhangming,0.0
421067512,Cove Landmark Pinnacle,1.0
421074723,Drift & Dwell,0.0
421075332,Liam,0.0
421082614,Gregory London,0.0
421109487,Anne,1.0
421115863,Yaseen,0.0
421208499,Kevin,0.0
421217763,Tag,0.0
421229029,Salinket,0.0
421240893,Lika,0.0
421245848,Antonio,0.0
421273969,Arslan Burak,0.0
421288906,Laurence,0.0
421319138,Emmanuel,0.0
421379751,London Dream Vacation,0.0
421393884,William,0.0
421418119,M Baptista,0.0
421422892,Cindy,0.0
421429746,Ayesha,0.0
421567457,Spencer,1.0
421567622,Mohammed,0.0
421570489,Jan,0.0
421575285,Chioma,1.0
421584941,Chukwuemeka,0.0
421586136,Safaa,1.0
421643955,Nathanit,1.0
421669042,Alessia,1.0
421669504,Olaitan,0.0
421693156,Chris,1.0
421707142,Adelaide,0.0
421721552,Kristiana,0.0
421816260,Richard,0.0
421846240,Stress-Free Stays,0.0
421855226,Goutham,0.0
421951964,Chayapapha,0.0
421984848,Tanapat,1.0
421998981,Benjamin James,1.0
422118009,Antonia,0.0
422138754,Kofoworola,0.0
422156433,Apúlia Apt,0.0
422257573,Abhishek,0.0
422268509,Forest Studios,0.0
422269646,Stanley,1.0
422278643,Mirella,0.0
422292831,Yinquan,0.0
422313788,Marguerita,1.0
422317347,Phil,0.0
422319996,Dillon,0.0
422460711,Aneta,0.0
422523816,Damian,0.0
422538407,Daniel,0.0
422547704,Edward,0.0
422562174,Ayisat,0.0
422602056,Stefano,0.0
422606323,Rocio,0.0
422623110,Zoe,0.0
422645824,Estefane,0.0
422653283,Renato,0.0
422656640,Pass The Keys,0.0
422737189,Lisa,1.0
422775657,Md,0.0
422783652,Raffaele,0.0
422813511,KX Stays,0.0
422816073,Michelle,0.0
422838834,Paula,0.0
422881923,Rui,0.0
422942191,Mackie,0.0
422955167,Ali,0.0
422956098,Joseph,0.0
422960394,Ifeanyi,0.0
423011241,Toj,0.0
423039406,Charmel,0.0
423106932,Arjun,0.0
423112071,Sophie,0.0
423120813,Samuel,1.0
423147299,Basit,0.0
423250226,Như Ý,0.0
423271209,Tameka,0.0
423287055,Colin,1.0
423314754,Babatunde,0.0
423330122,Rosalba,0.0
423409143,James,0.0
423438646,Melitsa,1.0
423455698,Neil,0.0
423457208,Mimi,0.0
423469343,Patrick,0.0
423475816,Yuki,0.0
423514238,Victoria,1.0
423531997,ศศิธร,0.0
423535633,Pass The Keys Nadine,0.0
423538391,Stefano,1.0
423584972,ANO Stay,1.0
423627502,Jessie,1.0
423637682,Azize,1.0
423658612,Susan,1.0
423688882,George,0.0
423705522,Abbey,0.0
423749124,Syed Wajahat,0.0
423752774,Stanilus,0.0
423766486,Casey,0.0
423782267,BambooStay,1.0
423808626,Jane,0.0
423858029,Cindy,0.0
423948156,Patiparn,0.0
423986631,Emerald,0.0
424091386,Nattamon,0.0
424101111,Room2 Chiswick,0.0
424119482,Georgina,0.0
424151469,Lisa,0.0
424158051,Glen,0.0
424195213,Pass The Keys,0.0
424227220,Emma,1.0
424233343,Rosa,1.0
424245728,Asheka,0.0
424250254,Iolanda,0.0
424281891,Mellissa,1.0
424281953,Saruta,1.0
424292112,Harry,0.0
424342250,Khalid,0.0
424411481,McRay And Sekai,0.0
424415704,Kwame,0.0
424437027,Andrew,0.0
424447632,Shereen,1.0
424473605,Rudina,1.0
424480013,Nick,0.0
424600051,George,0.0
424619389,Lisa,1.0
424629021,Kittivud,0.0
424662100,She - Her,0.0
424677142,Angela,1.0
424746965,Harry,1.0
424774239,Lizzie,0.0
424779371,Rowena,1.0
424806697,Arjun,0.0
424822682,Shievon,0.0
424831210,Leila,0.0
424852243,Conrad,1.0
424936520,Baan Pirawit,0.0
424958487,Walter,0.0
424972371,Paula,1.0
424977303,Hee,0.0
424997522,Kim,0.0
425011015,Shiraz,0.0
425038656,Desmond,1.0
425062572,Muhammad,0.0
425070337,John,0.0
425070402,Neighbourhood Reservations,1.0
425136088,Pass The Keys,0.0
425284085,Charlie,0.0
425287722,Judy,0.0
425295029,Paul,0.0
425297741,Anja,0.0
425301001,Sahima,0.0
425362075,Laura,0.0
425392500,Dandan,0.0
425424711,David,1.0
425426912,Anastasia,0.0
425431918,Oliver,0.0
425444476,Emmanuel,0.0
425494280,Jian,1.0
425508923,Chris,0.0
425531512,Dan,0.0
425548581,Tina,0.0
425565710,Marcia,1.0
425641895,Marissa,0.0
425719396,Vishu,1.0
425726567,William,0.0
425773745,Salah,0.0
425774146,Bryan,0.0
425832008,Daniel,0.0
425844339,Ricky,0.0
425897274,Panwadee,0.0
425912644,Tati,0.0
425917796,Omodolapo,0.0
425984147,Ola,0.0
425991260,Dominic,0.0
426082932,Elenka,0.0
426141489,Victoria,1.0
426151606,Charlotte,0.0
426159103,Pratik,0.0
426180084,Surf,0.0
426183480,Elena,0.0
426220088,Anastasia,0.0
426282519,Cindy,0.0
426283881,Pichariyapun,1.0
426293578,Nattakan,0.0
426308799,Dana,0.0
426317615,Cisem,0.0
426322528,Marco,0.0
426440856,Pritesh,0.0
426441188,Aexandre,0.0
426446493,Sasha,0.0
426469209,Juan,1.0
426476033,Odunayo,0.0
426519963,Mike,0.0
426577358,Mackenzie,0.0
426586952,Djabrane,0.0
426730717,Francis,1.0
426777313,Simon,0.0
426864708,Aida,0.0
426867883,Pimpattra,0.0
426870940,Anya,0.0
426903399,Thomas,1.0
426915858,Danuda,1.0
426923454,Alex,0.0
426997767,Kanika,1.0
427001376,Tamara,0.0
427005972,Bo,0.0
427011670,Emma&Roger,0.0
427016798,Ashlee,1.0
427107226,Hofin Stays,0.0
427109096,Melissa,1.0
427120726,Aurika Holiday Homes,0.0
427181912,Krassimira,0.0
427195056,Luxlet Apartments,1.0
427232878,Angeliki,0.0
427254071,Oliver,0.0
427254694,Warren,0.0
427256330,Victor,0.0
427360511,Gaurav,0.0
427372525,Kelly,0.0
427384928,Ita,0.0
427440899,Lucy,0.0
427466829,Alex,0.0
427495005,Eduardo,0.0
427500483,Sam,1.0
427501895,Roya,0.0
427512970,Mandeep Singh,0.0
427603029,Jidapa,1.0
427624676,LeHang Asipa Pty Ltd,0.0
427728729,Miroslav,1.0
427749210,Stay Plus,1.0
427760176,Ramoan,0.0
427881267,Ankit,0.0
427886980,Sarah Landman,1.0
427907839,Michael,0.0
427923811,Richard,0.0
427937094,Paola,0.0
427955659,Carolina,0.0
427961932,Ruth,0.0
427977046,Marius,0.0
428001285,Jess,0.0
428049003,Chunyan,0.0
428060996,GuestReady,1.0
428061742,Senthooran,0.0
428072521,Gabriele,1.0
428089988,Syed,0.0
428093018,Hadi,0.0
428100907,Romilly,1.0
428152844,Ermelinda,0.0
428207279,⁨Supanut W.⁩,0.0
428212765,GuestReady,1.0
428239199,Monsuru,0.0
428315242,Intre,0.0
428337004,Neil,1.0
428361786,Cosy Hives,0.0
428435184,Akeremale,0.0
428438588,Chad,0.0
428511556,Daniel,1.0
428607026,Hong,0.0
428634517,Amin,0.0
428634999,Hannah,0.0
428699740,Kimani,0.0
428700122,Helena,0.0
428732434,Neil,1.0
428742715,My Father's House,0.0
428778060,Alice,0.0
428782828,Andra,1.0
428788785,Bernie,0.0
428789742,Kingsley,0.0
428819716,Rosti,1.0
428850810,Pajaree,1.0
428889700,Shobha,1.0
428904523,Natty,1.0
428905682,Marina,0.0
428957354,Lola,0.0
428964725,Michael,0.0
429065136,Marta,0.0
429095010,Jirawut,1.0
429135642,Nura,0.0
429139117,Portico Residences,0.0
429201324,MDandPS,0.0
429228494,Monica,1.0
429255424,Andrea,0.0
429357982,Jill,0.0
429447674,Anthony,0.0
429460695,Lisa,0.0
429533725,Eric,1.0
429559094,Maria,0.0
429586497,Samuil,1.0
429621230,Mackwin,0.0
429625400,Daniele,0.0
429637178,Venn,1.0
429659191,Laila,0.0
429749087,Tien Dung,0.0
429786745,Denise,0.0
429814954,Teck,0.0
429852297,Friends & 21 House BKK,0.0
429872870,Nic,0.0
429873704,Amy,1.0
429930396,Bekir Ugur,1.0
429949193,Dharmesh,0.0
429960155,Niradh,1.0
429973208,Matthew,1.0
429975752,Kypros,0.0
429981497,Jenni,0.0
430030147,Oskar,0.0
430040132,Suresh,0.0
430042272,Mary,0.0
430045168,Monica,0.0
430057167,Thirukumaran,0.0
430092709,Sergei,0.0
430100108,Lis,0.0
430166769,Kai,0.0
430186232,Sidney,0.0
430220166,⁨Happy62⁩,0.0
430250367,Lina,0.0
430278308,Martin,0.0
430387401,Pornchai,0.0
430395887,Heeton Concept Hotel Kensington,0.0
430400212,Vanessa,0.0
430401001,Alex,1.0
430409736,Ana,0.0
430445270,Judith,0.0
430492069,Stephane,0.0
430519105,Idris,0.0
430560797,Mumtaz,1.0
430588445,Alvaro,0.0
430597955,Neil,1.0
430616509,Christopher,1.0
430641159,Oladele,0.0
430690473,Christoffer,0.0
430696663,Kaysha,0.0
430750765,Ade,0.0
430780200,Molly,0.0
430794335,Charles,0.0
430814347,Karen Stephani,0.0
430859513,Sarah,0.0
430861139,Andrea,0.0
430881572,Susie,1.0
430891331,SathidP,0.0
430937541,Nikita,1.0
430941352,Santino,0.0
430992184,Muhammad,0.0
430998396,Nicole,0.0
431052188,Oakwood Hotel & Residence Bangkok,0.0
431055970,Eni,1.0
431067201,Okuns,0.0
431070263,Jenni,0.0
431219673,Susan,0.0
431239752,Prashanta,0.0
431251018,Fabien,1.0
431257681,Helga,0.0
431269523,Sergio,0.0
431282890,Rodney,1.0
431313997,Omar,0.0
431318230,Kate,0.0
431360778,Lesley,1.0
431364998,Wirongrong From Airport One Station,0.0
431370181,Abdul,0.0
431387731,Christopher,0.0
431390370,Kj,0.0
431394574,Amarachi,0.0
431410543,Rewat,0.0
431419207,Edison,0.0
431439825,Neeti,0.0
431500631,Helen,0.0
431511955,Coogee,0.0
431540930,⁨15 Basil Street⁩,0.0
431542239,Shivesh,0.0
431590052,Frances,1.0
431656023,Abs,0.0
431660335,Ashley,1.0
431663243,Janine,0.0
431748316,Bolatito,0.0
431803337,Emma,1.0
431808082,⁨4 Seasons Prestige Properties⁩,1.0
431876687,Jonathan,0.0
431890415,Joanna,0.0
431895251,Duy Duong,0.0
431908925,Sean,1.0
431927331,S,0.0
431989081,Paula,0.0
432002138,Sancha,1.0
432007559,Alexis,0.0
432110304,Pawarin,0.0
432119880,Kerriann,1.0
432131855,John,0.0
432143870,Jenny,1.0
432208947,Abdullah,0.0
432268990,Serra,1.0
432296894,Hilary,0.0
432328357,William,1.0
432350413,Adetoun,0.0
432381171,Robab,0.0
432420887,Paweena,0.0
432426176,Tom,0.0
432458667,Persia,0.0
432522649,Oscar,0.0
432558526,Raj,0.0
432604610,Kate,0.0
432611746,Sibel,0.0
432651058,Sunnie,0.0
432718107,Juliana,0.0
432813056,Thais,0.0
432850549,Sanjida,0.0
432861666,ภัทรกมล,0.0
432892486,Mayu,0.0
432902000,Amjad,0.0
432912179,Ifedayo,0.0
432974059,Esther,0.0
432983998,Pim,1.0
432993526,Daniel,0.0
432997272,Abdalrahman M A,0.0
433064631,Cremorne Point,1.0
433138260,Samara,0.0
433189437,Oscar,0.0
433197266,Tina,1.0
433203897,Jessie,0.0
433304653,Charles,0.0
433348712,Jessica,0.0
433367986,Leon,0.0
433397673,Jorge,0.0
433410692,Mihaela,0.0
433473815,Understanding,0.0
433481000,Bodrul,0.0
433519908,Natchpapha,1.0
433574773,Cameron,0.0
433618677,Muhammad,0.0
433665228,Ian,0.0
433717531,Nest Works Living,0.0
433803250,Laura,0.0
433824200,Mehar,0.0
433837623,Mahbub,0.0
433880928,Manvi,0.0
433881951,Valerie,1.0
433916570,John,0.0
433979054,Rajpal,1.0
434011490,Alex,0.0
434046249,Som,1.0
434051504,Betzabeth,0.0
434069349,Julien,1.0
434108314,Maddalena,0.0
434119252,Yeshe,0.0
434128175,Clive,0.0
434128826,Hsih Shing,0.0
434134771,Isabella,0.0
434137148,Charlie,0.0
434158113,Sandra,0.0
434168399,Krittika,0.0
434206454,Chandramouly,1.0
434218847,Your Apartment,0.0
434237063,Phattharapon,0.0
434244098,Giulia Maria,0.0
434334991,Sharon,0.0
434353418,Dele,0.0
434395247,Nattakitta,0.0
434497249,GuestReady,0.0
434508144,Dri,0.0
434635271,Jill,1.0
434644397,Florian,1.0
434703117,Suwannee,0.0
434713131,Anotip,0.0
434731968,Avi,0.0
434755534,Jerry,1.0
434792224,Rachel,0.0
434812429,R,0.0
434816307,Wendy,0.0
434864965,Sarah,0.0
434937606,Sharon,0.0
434937913,Golden Lotus,0.0
434944749,Mia,1.0
435009279,은주,1.0
435016000,Balloon,1.0
435018983,Bob W Tower Of London,0.0
435026884,Ahmed,0.0
435037956,M A,0.0
435051497,Steve,0.0
435093271,Shamon,0.0
435119070,Hetian,0.0
435184469,Mohammed,0.0
435224586,Josh,0.0
435229361,Javeed,0.0
435238082,Kornelia,0.0
435338922,Emmanuel,0.0
435342069,Denizen,1.0
435375909,Naz,0.0
435382722,Estelle,0.0
435435287,Maitria Mode Sukhumvit,0.0
435441726,V Check Inn,0.0
435462436,Elena,0.0
435479178,Rina,0.0
435558981,Shifa,0.0
435588259,Rosa,0.0
435649458,Veronika Fruzsina,0.0
435730644,Amir,0.0
435751087,Sandra,1.0
435799984,NephVentures,1.0
435812929,Umar,0.0
435813180,Naravich,0.0
435827123,William,0.0
435830683,Fraser,0.0
435949441,Donna,0.0
435972281,Leone,1.0
435975790,Sil,0.0
436018063,Tevfik,0.0
436021336,Mimi,0.0
436025300,Hamid,0.0
436093344,Liz,1.0
436101198,Uraiprapa,0.0
436112031,Barbara,0.0
436141679,Supavadee,0.0
436210152,Herman,0.0
436257685,Attayakorn,0.0
436290731,Emilly,0.0
436293489,Pooja,0.0
436311932,Harry,0.0
436433874,Aleksandra,0.0
436437697,Amanda,0.0
436461585,Tima,1.0
436507074,Nattakan,0.0
436508701,SEH Properties,0.0
436544197,Shiv,1.0
436579850,Sam,1.0
436625733,Azzam,0.0
436696759,Nathan,1.0
436731408,Gina,0.0
436732220,เจริญ,1.0
436740989,Alexandros,0.0
436791795,David,1.0
436795722,Florin,0.0
436814998,Karl-Lonnie,0.0
436823356,Jonathan,0.0
436842949,Anna,0.0
436851400,Luiz,0.0
436872918,Pemika,0.0
436889309,ASJ Accommodations,0.0
436890989,Carol,0.0
436959143,Kristyn,0.0
436965566,Jeffrey,0.0
436980006,Pariyakorn,0.0
437028840,A,0.0
437137506,Raphael,0.0
437152307,Pass The Keys,1.0
437168067,Amir,1.0
437265430,Hugo,0.0
437518864,Charlotte,0.0
437537666,Mirzuan,0.0
437598591,Diogo,0.0
437652703,Christine,0.0
437672872,Mohsin,0.0
437741928,Fernanda,1.0
437779839,Hong,0.0
437785890,⁨Jefferson (Son) & Lili (Mother)⁩,1.0
437904374,Marcus,0.0
437905337,Jeffrey,0.0
437957946,Iraj,0.0
437960682,Jonathan,0.0
437965065,Paola,0.0
437986388,Pete,0.0
437995684,Jade,0.0
438014009,Tasnim,0.0
438054136,Khachen,1.0
438062337,Paige,0.0
438134052,Bibi,0.0
438151264,Rachel,0.0
438156424,Natasha,0.0
438170022,Charles,0.0
438178209,Leonardo,1.0
438197542,Kaye,0.0
438359607,Des,0.0
438386379,Carat,0.0
438389753,Rosie,0.0
438391394,Muffadal,0.0
438400720,Lauren,0.0
438440167,Yingshun,0.0
438462503,Cem,0.0
438572744,Shahid Hussain,0.0
438640566,Michael,0.0
438715232,Onyekachukwu,0.0
438814120,Yiting,0.0
438893712,Alex,1.0
438900741,Akkaradet,0.0
438912992,Sony,0.0
438954742,Gracie,0.0
438973526,Elaine,0.0
438988102,Maritza,0.0
439026077,Padit,1.0
439034043,Abhinav,0.0
439037008,Byron,0.0
439040192,Ivana,0.0
439044190,Benya,0.0
439071105,Jay Steven,0.0
439074505,Travelnest,0.0
439153831,Sam,1.0
439156774,Source Core,0.0
439184146,Ahmed,0.0
439198268,Kobie,1.0
439211346,Patryk,0.0
439356532,Roger,0.0
439359679,Elaine,1.0
439368069,Kate,0.0
439373462,Bilal,1.0
439388845,Robin,0.0
439398267,Manroop,0.0
439442327,Behnoush,0.0
439454237,Charilaos,0.0
439486063,Madusanka,0.0
439486739,Rosemary Victoria,0.0
439502091,Sam,0.0
439525834,The Apartments,0.0
439589535,Karen Juliana,0.0
439625346,Ann-Marie,0.0
439627929,Luyi,0.0
439699409,A,0.0
439725046,Benjamin,0.0
439801025,Iain,1.0
439805679,Sangee,0.0
439835534,Pattama,0.0
439858713,Nadia,0.0
439877782,Louiza,0.0
439947354,Maria,0.0
439953784,Katrina,0.0
440018183,Ugur Ali,0.0
440021584,Daniel,0.0
440032750,Shamyra,0.0
440055272,Samuel,0.0
440137156,A R Homes,0.0
440202075,Valentina,0.0
440205057,Abiola,0.0
440242240,Pauline,0.0
440244163,Lisa,0.0
440250290,Vik,0.0
440304214,Lee,0.0
440340366,Anne,1.0
440408329,Umer,1.0
440409290,Varun,1.0
440493221,Robert,1.0
440493272,Andrew,1.0
440553754,Stephen,1.0
440560352,Narendra,0.0
440561543,Jacqui,0.0
440561610,Mehdi,0.0
440564131,Hannah,0.0
440651046,Victoria,0.0
440703066,Chloé,1.0
440704175,Lucía,0.0
440804529,Pracha,0.0
440820348,Jayne,1.0
440826461,UrbanBase,0.0
440830926,Lillo,0.0
440836382,Maher,0.0
440846227,Joe,1.0
440865477,Rita,1.0
440891532,Danielle,0.0
440897103,Zaineb,1.0
440949034,Steev,0.0
441032730,Sasha,0.0
441061368,Chinonso,0.0
441089641,Jazmine La'Belle,0.0
441115148,Mei-Ling,0.0
441141696,Sam,0.0
441164993,Yoseline,0.0
441167146,Grace,0.0
441235209,Elan,1.0
441286634,Zelpha,1.0
441345709,Patrick,1.0
441361896,Yifan,1.0
441468253,Stephen,0.0
441468631,Chloe,0.0
441475881,Eva,0.0
441497152,Alexander,0.0
441509487,Andrea,0.0
441561604,Ibrahim,0.0
441568364,Thanatorn,1.0
441574048,Eva,0.0
441709672,Philippe,1.0
441850472,Derya,0.0
441853496,Ricky,0.0
441908715,Waleed,0.0
441917899,Pim,1.0
441920235,Jay,1.0
442025536,Rajeeta,0.0
442047149,O'Neil,1.0
442078904,Terry,0.0
442111950,Ken,0.0
442152535,Irina,1.0
442181510,Asli,0.0
442204458,Simore Family Guest House,1.0
442238683,Seun,0.0
442247404,Elaine,0.0
442284362,Vivi,0.0
442298512,Gary,1.0
442338797,Angela,0.0
442401493,Lizzie,0.0
442478787,Noel,1.0
442645108,Nathan,0.0
442660911,Arben,0.0
442728020,Spencer,0.0
442741993,Agnessa,0.0
442744742,David Michael,1.0
442746609,Dhirender,0.0
442783967,Kanyamat,0.0
442792694,Elaine,0.0
442824537,Mary,0.0
442865486,Jasmine,1.0
442877718,J,1.0
442897767,Lionel,0.0
442902516,Kamal B,0.0
442902638,Curated Property,0.0
442905678,Olivers Travels,0.0
442928672,Virunthep,1.0
442948500,Phil,1.0
442982876,Mk,0.0
443055131,Paschal Thomas,0.0
443086259,Tohura,1.0
443089107,Vanquis,0.0
443136562,Gentjan,0.0
443160437,Nakisha,0.0
443186960,Noel,1.0
443204518,Musleh,0.0
443204774,Dee,0.0
443205669,Muneeb,0.0
443219437,Nannie,1.0
443334516,Gee,0.0
443373007,Nish,0.0
443411687,Pass The Keys,0.0
443440163,Ibrahim,0.0
443444828,Rachel,1.0
443507231,Piia,1.0
443513514,Nihad,0.0
443513695,Femi,0.0
443517053,Karen,0.0
443518998,Fereshta,0.0
443551863,Sornram,0.0
443580020,Kwaku,0.0
443617130,Marnie,0.0
443676286,Sarah,0.0
443683048,Gerald,0.0
443770517,Daniel,0.0
443777613,Isla,0.0
443792860,Chris,0.0
443816281,Rotimi,0.0
443818984,Zach,0.0
443835330,Zee,0.0
443851600,Happy Friends,0.0
443852621,Elizabete,0.0
443879936,Jayne,0.0
443888763,Adrian,0.0
443906672,Mariam,1.0
443950251,Joy,0.0
443952723,지헌,1.0
443961854,Anna,0.0
443977872,Jordan,0.0
443981006,Pennapa,1.0
443981564,Tasmia,0.0
444005106,Olivier,0.0
444029489,Marina,0.0
444031168,Bas,0.0
444053157,Eduardo,0.0
444072428,Mostafa,0.0
444116546,Shannan,0.0
444163551,Wilson,0.0
444199148,Sandra,0.0
444218811,Ilana,1.0
444308133,Babul,0.0
444318308,GuestReady,0.0
444329463,James,0.0
444384926,Yanjin,0.0
444432465,Mehmet,0.0
444432967,Spyros,0.0
444490372,Nadia,1.0
444576798,Ana-Maria,0.0
444598642,Simon,0.0
444663044,Short Term Accommodation Management,0.0
444666696,Matt,0.0
444673944,Martyna,1.0
444679847,Swapna,1.0
444689013,Hasnain,0.0
444700613,Roxsanne,1.0
444701368,Titikan,0.0
444724763,Stephi,0.0
444726728,Rochelle,0.0
444729594,Sam,1.0
444792129,Wenhao,1.0
444796308,Sandeep,0.0
444801189,The Chapter Hotels,0.0
444844668,Mira,1.0
444924030,Danny,0.0
444950517,R,0.0
444953187,Camay-Milan,0.0
444954121,Sara,0.0
444987582,Nazley,0.0
445012615,Greg And Julie,1.0
445012639,Thomas,1.0
445013518,Tina,0.0
445032055,Daniel,0.0
445072278,Parisa,0.0
445135332,Tom,0.0
445137715,MadeComfy Queensland,0.0
445154238,Emma,1.0
445164080,Adil,0.0
445200191,Bobby,1.0
445296412,⁨ปัณณทัศน์⁩,0.0
445329356,Kitty,1.0
445340785,Danielle,0.0
445341650,Mari,0.0
445347598,Zeljana,0.0
445352638,Charlotte,0.0
445405932,Gwendoline Jacqueline,0.0
445410047,Alex,0.0
445473804,Portia,0.0
445474852,Alex,0.0
445476265,Monique,0.0
445480941,Luxury Living,0.0
445489085,Louisa,0.0
445524502,Lucy,0.0
445530896,Lacey,0.0
445536949,Sara,0.0
445564559,Mehmet,1.0
445618040,Vanessa,0.0
445639181,Albert,0.0
445642702,Mohammed,0.0
445644193,Chris,0.0
445655602,Cozzi,0.0
445791339,Mary,1.0
445794845,Anna,0.0
445817031,Anita,0.0
445866548,Maura,0.0
445921281,Sineerat,0.0
445933918,Saida,0.0
445941243,Reece,0.0
446004869,Zayn,0.0
446014955,K Home,1.0
446023277,Property Fellas Group,0.0
446035348,Mary,0.0
446061739,Aslanbek,0.0
446101747,Wandee,0.0
446132287,Zohra,0.0
446151313,Queen,0.0
446277319,Elette,0.0
446284502,Timi,0.0
446316628,Sai,1.0
446358282,Ziyaad,0.0
446421145,Dan,0.0
446465078,Adam,1.0
446482962,Kassandra,0.0
446485452,Yvonne,0.0
446549834,Sonia,1.0
446569348,Tim And Karen,1.0
446609493,Elisa,1.0
446695292,Lucy-Pass The Keys,0.0
446696518,Khaya Getaways,0.0
446703331,Jenny,0.0
446747788,Kavern,0.0
446756220,Malcolm,1.0
446759618,Charlene,0.0
446803146,Gonzalo,0.0
446806463,Ricardo,0.0
446809482,Mark,0.0
446820235,Luxury Bookings Fze,0.0
446857375,Gurpreet,0.0
446892713,Evan,1.0
446898155,Lynne,0.0
446924649,Paul,0.0
446996578,Jiaying,1.0
447029660,Jennifer,0.0
447049138,Hima,0.0
447096752,Osh,0.0
447196242,Charinee,0.0
447261371,V,0.0
447272438,Asher,0.0
447357496,Simone,0.0
447360410,Bookie,1.0
447399036,Muaad,0.0
447411970,Anuraj,0.0
447415045,S,0.0
447461132,Shane,1.0
447537060,Anurak,1.0
447541319,Lik Yau,1.0
447559341,Joseph Daniel,0.0
447626756,丝竹,1.0
447667382,Lirie,1.0
447683705,Nell,0.0
447694679,Susan,1.0
447734702,Wisdom,0.0
447761181,Angela,0.0
447818352,Krit,0.0
447835812,Dale And Luisa,0.0
447837682,Haley,0.0
447885396,Lee-Lee,0.0
447890065,Ghezal,0.0
447966380,Gary,1.0
447990934,Kanintira,0.0
448010388,Warren,0.0
448037409,Madelin Alba,0.0
448043191,Pongnarit,0.0
448060089,Magdalena,0.0
448102503,Parvez,0.0
448122172,Jordon,0.0
448165992,Daniel,0.0
448228516,Simon,1.0
448228665,Izzah,0.0
448374385,Kristina,1.0
448374696,Yagmur,0.0
448396504,Seren,1.0
448410450,Zeeshan,0.0
448419353,Akam,1.0
448420365,Shan,0.0
448442748,Imran,0.0
448547658,Yumilka,0.0
448556425,Lewis,0.0
448560897,Lenka,0.0
448575158,Sam,1.0
448620428,Alina,0.0
448650205,Sarahi,0.0
448699466,Hub888 Ltd,0.0
448726011,Rebeca,0.0
448730494,Dominic,0.0
448767922,The Host Club,1.0
448802366,Antonio,1.0
448820396,Sutthathip,0.0
448909739,Nicola,0.0
448911740,Emma,0.0
448926098,Jitendra,0.0
448931103,Keval,0.0
448955457,Giseli,0.0
448980197,Queenie,0.0
448985622,Patcharee,1.0
448994000,Marios,1.0
449012324,Jeff,1.0
449041249,Marcos,0.0
449105805,Ruby,0.0
449112564,Leopold,0.0
449132803,Hamid,1.0
449184105,Ali,0.0
449186383,Chandra,0.0
449199812,Oliver,0.0
449330625,Grant,0.0
449332722,Jonathan,1.0
449336309,Blu,0.0
449337125,Zita,0.0
449344129,Sachi,0.0
449352161,Matthew,0.0
449408632,Christen,0.0
449415378,Louise,0.0
449431222,Luca,0.0
449439534,Sara,0.0
449449057,Vasile,0.0
449480214,Manjinder,0.0
449501091,Fernando,0.0
449505510,Noor,0.0
449604935,Sasha,0.0
449628015,Akin,0.0
449647062,Erika,1.0
449650926,Gladys,0.0
449657773,Myles,0.0
449668626,Adam Hasyim,0.0
449674353,Suchawadee,0.0
449763600,Mustard Seed Property Hub,0.0
449764322,Christopher,0.0
449789639,Racheal,0.0
449800827,Deborah,0.0
449814714,Pimtawan,0.0
449817793,Joseph Darren Stephen,0.0
449821692,Debra,0.0
449950871,Sidi Elhadji,0.0
449965484,Arash,0.0
449969126,Thanyaporn,0.0
449972785,Adriano,1.0
449977894,Curated Property,1.0
450104801,Gianni,0.0
450125492,Giancarlo,0.0
450161569,Henna,0.0
450189279,Alan,1.0
450205554,Rola,0.0
450230731,The Nhorm Hotel,0.0
450311942,Whan,1.0
450323031,Seila,0.0
450345089,Charlotte,0.0
450406812,Tanya,0.0
450416880,Rajesh,1.0
450428579,Sasinat,1.0
450429060,Daniel,0.0
450446565,LL Suite,1.0
450462084,Adi,0.0
450485860,Harry,0.0
450490608,Sarah,0.0
450491560,Andrew,0.0
450502277,Placify,1.0
450528902,Amir,0.0
450574089,Jodi,0.0
450575271,Niyi,0.0
450584725,Taifeng,0.0
450587918,Julie,0.0
450599340,Julie,0.0
450600378,Madeleine,0.0
450610694,Yunus,1.0
450614170,Adam,1.0
450641453,Dalerine,1.0
450648080,Compound,0.0
450668733,Em,0.0
450712204,Nam,1.0
450719336,Proamphong,0.0
450734211,Diana,0.0
450752507,Ali,0.0
450813268,Seb,0.0
450827711,Michelle,0.0
450830162,Bradley,1.0
450848336,Maggie,0.0
450890756,Feben,0.0
450896433,Mochi,0.0
450967634,Twaine,0.0
450985109,Sarah,0.0
451009526,Rodrigo,0.0
451025214,Sunisa,0.0
451028702,Xandra,0.0
451031898,Helen,0.0
451041586,Charanjeet,0.0
451071357,Sophia,0.0
451121069,Ksenia,0.0
451156508,Roy,0.0
451181883,Fernando,1.0
451185012,Ghee Gelato House,0.0
451196901,Rosita,1.0
451213423,Abi,0.0
451225302,Cleveland Residences Chelsea,1.0
451263263,Alexander,0.0
451294792,Yannawut,0.0
451297746,Julia,1.0
451328904,Beata,0.0
451417472,Lois,0.0
451435302,Christopher,0.0
451437815,James,1.0
451452702,Jazz,0.0
451468372,Zouhra,0.0
451486522,Marylebone Premium Rentals,0.0
451489264,James,1.0
451500445,Francesca,0.0
451508314,Toyin,1.0
451545948,Klodian,0.0
451552124,Mack,0.0
451590493,Gamm,0.0
451602547,Mam GalileOasis,1.0
451606613,Pedro Henrique,0.0
451620085,Kandarap,0.0
451633920,Ed,1.0
451689958,Carole,1.0
451792908,Chelsea,0.0
451796308,Jeffrey,0.0
451847185,Lynn,1.0
451916964,GuestReady,0.0
451952246,Sarah,0.0
451953852,Sonny,0.0
451965248,Yasmen,0.0
452006441,Elizabeth,1.0
452011269,Robin Door,0.0
452042283,Victoria,1.0
452042763,Sandi,0.0
452064391,Frank,1.0
452076856,The Little Pig Sukumvit,0.0
452083096,Wael,0.0
452153792,Dan,0.0
452169297,Mike,0.0
452172359,Mahlon,1.0
452189146,Somserset Rama Nine By Ascott,0.0
452192236,Adam,0.0
452203743,GuestReady,0.0
452224784,Benjamin,0.0
452341892,Oluwatobi,0.0
452383593,Pal,1.0
452424396,N Stays,0.0
452437798,Florjan,0.0
452450965,Kevin,0.0
452485272,Yu,1.0
452568119,Karim,0.0
452623122,Kristin,0.0
452665844,Syed,0.0
452701913,Marlon,0.0
452703305,Leslie,0.0
452705319,Amy,0.0
452753663,Ola,0.0
452798449,Lydzia,0.0
452810679,GuestReady,1.0
452816386,Mahesh,1.0
452832391,CribExtra,0.0
452868667,Sara,0.0
452873969,Chris,0.0
452918987,Sai,1.0
452931721,Squirrel,0.0
452958002,Public Sydney,1.0
452976293,Ali Ahmed,0.0
452983585,Miao,0.0
453010454,Manlika,1.0
453020875,Adrian,0.0
453130670,Sahin,0.0
453151817,Claire,0.0
453155303,Cindy,0.0
453177258,Jose,1.0
453179207,Mohamad,0.0
453194111,Isatou,0.0
453202477,Ayman,0.0
453217018,Francisco,0.0
453330144,Annie,0.0
453358670,Jelena,0.0
453361444,Thomas,0.0
453439831,Ralph,0.0
453440882,Td,1.0
453481333,Olivia,0.0
453511604,Johnny,0.0
453579127,Gltcenter,0.0
453593593,Monika,0.0
453636792,Antonio,0.0
453669723,Benedikte,0.0
453719850,Mac,1.0
453722405,Sean,0.0
453733037,Dilen,0.0
453754620,Abbas,0.0
453762264,Kanya,0.0
453854265,Imogen,0.0
453860889,Nadhim,0.0
453916751,Lian,0.0
453929750,Theresa,0.0
453943078,Jane,0.0
453951727,Carmen,0.0
453978413,Satisfiedstays,1.0
453987649,Shourya,0.0
454000280,Lola,0.0
454006247,Julia,0.0
454035135,Rhian,1.0
454041582,Petar,0.0
454062400,Fernando,0.0
454072996,Sarut,1.0
454093749,Julie,0.0
454099470,Valeriya,1.0
454108240,Tipsarun,0.0
454112883,Amar-Pass The Keys,0.0
454116842,Charles,0.0
454203309,Najah,1.0
454217960,Taraya,0.0
454268558,Bogdan,0.0
454287674,Oj,0.0
454294300,Jeysha,0.0
454331320,Erkan,0.0
454386226,Elizabeth,0.0
454408256,Akim,0.0
454421429,Shanjida,0.0
454426570,Gibran,0.0
454533941,Joe,0.0
454541188,Eric,0.0
454556269,Alexis,0.0
454626788,Cristian,0.0
454654558,Vanessa,0.0
454666957,Chris,0.0
454669243,Michel Alexandre,1.0
454709556,Jorge Andy,0.0
454722456,Qielli,1.0
454726590,Theresa,1.0
454788129,Ali,0.0
454802750,Tap,1.0
454813811,Makeba,0.0
454819468,Makcit,0.0
454843665,Danny,0.0
454883992,Jora,1.0
454949305,Heinz,1.0
454966441,Franklin,0.0
454981995,Ay,0.0
454997645,Ala,0.0
455032470,Francis,0.0
455084451,Duanghathai,1.0
455091895,Vithit,0.0
455098395,Pia,0.0
455108893,Ellie,0.0
455111329,Thidaporn,1.0
455120249,Coco,0.0
455136604,Jon,0.0
455142901,Carmen,0.0
455145183,GuestReady,1.0
455161238,Christina,0.0
455176721,Fiona,1.0
455185992,Mariannne,0.0
455193699,Tomasz,0.0
455218586,Victoria,1.0
455221904,Priyanka,0.0
455276366,Marc,0.0
455280896,Ediz Huseyin,0.0
455331573,Punniya,0.0
455361731,Katie,1.0
455362320,Kristi,0.0
455436023,Joe,0.0
455440558,Kelly,1.0
455470728,Joanna,0.0
455474022,Fofin,0.0
455479536,Yusuf,0.0
455486688,Punyawee,0.0
455499522,Mika,0.0
455503354,Luisa Peart,1.0
455576651,Serene Stay,1.0
455725480,Carole,1.0
455739665,Nazrul,1.0
455798424,Sara,1.0
455822938,Victoria,0.0
455897580,Melanie,1.0
455923954,Rachan,0.0
455935866,Nicole,0.0
455972802,Caiju,1.0
455999095,Dk,0.0
456119431,Shade Living,0.0
456125378,Suttinee,0.0
456198281,Chandana,0.0
456234930,Vincent,0.0
456245579,Alex,0.0
456265968,Mine,0.0
456292465,Patrick,1.0
456296304,Silvia Pamela,0.0
456315766,Diana,1.0
456331273,WW Accommodations,0.0
456333677,Mahmudul,0.0
456346381,Advi,0.0
456406367,Allen & Iris,0.0
456407386,Puneet,1.0
456454363,George,0.0
456482724,PenthouseStays,0.0
456510356,Lin,0.0
456524047,Bb,1.0
456550337,Mursal,0.0
456579033,Tanakorn,1.0
456586805,Hanh,1.0
456613006,H And G,0.0
456621623,Tolu,0.0
456652125,Nattarin,0.0
456661352,Lana,1.0
456665761,Mary,0.0
456667614,Kseniia,0.0
456744175,Banki,0.0
456752044,⁨Marc N.⁩,1.0
456752357,Matavee,0.0
456754320,Imad,0.0
456814059,Arben,0.0
456827271,Harrison,0.0
456840912,Ray,0.0
456879890,Giulia,0.0
456881831,Magi,0.0
456916249,Sophy,0.0
456938322,Drew,1.0
456946921,Mansour,0.0
457051209,Mina,0.0
457089774,Amornrudee,1.0
457094553,Plaifa,0.0
457139131,Bernadette,0.0
457141676,Christine,1.0
457151838,Justine,0.0
457220786,Kola,0.0
457229424,Katie,0.0
457231205,Pla,1.0
457244209,Au,1.0
457244540,Inan,1.0
457247665,Julie,0.0
457288488,Simon Stewart,0.0
457329520,Shivani,0.0
457334209,Erind,0.0
457409512,Julie,0.0
457439639,Pritesh,0.0
457460024,Pearlina,0.0
457474771,M,0.0
457539701,Quansen,0.0
457553904,Jordy,1.0
457572291,Bhavin,0.0
457595985,Julie,0.0
457597235,Julie,0.0
457607824,Julie,0.0
457645397,Reema,0.0
457656886,Marc,1.0
457677183,Natchaya,0.0
457709455,Clive,0.0
457717158,Julie,0.0
457718080,Julie,0.0
457718947,Julie,0.0
457723102,Aisha,0.0
457731784,Adam,0.0
457741605,Robert,0.0
457752110,William-Pass The Keys,0.0
457755063,Saleha,0.0
457756093,Julie,0.0
457759255,Lidija,0.0
457765779,Peter,0.0
457769793,Matthew,0.0
457798819,Khalid,0.0
457810457,Les,0.0
457813721,Stephanie,0.0
457816378,Pradheep And Prathima,1.0
457819393,Md Ariful Hoq,0.0
457859971,Angelos,0.0
457862399,Violet,0.0
457863254,Perry,0.0
457911820,Akwasi,0.0
457962512,Penny,0.0
457968447,Emilia,0.0
457988596,Michael Vincent Duffy,0.0
458103237,Vitore,1.0
458147109,Matt,0.0
458157980,Parinda,0.0
458168951,Daniela,0.0
458171579,Durongrit,0.0
458190490,Mat,0.0
458194369,Peter,0.0
458195165,Peter,0.0
458231461,Julie,1.0
458234469,Mikhail,0.0
458250170,Bekkouche,0.0
458293863,Belinda,1.0
458335306,Xian,0.0
458344338,Zoey,0.0
458372611,Rym,0.0
458378759,Marlene,0.0
458402586,Ajay,0.0
458456156,Rosa Maria,0.0
458479502,Joao,0.0
458535686,Hanan,0.0
458550367,Isabelle,0.0
458631470,Tony,0.0
458715536,Somza,1.0
458744961,Jenny,1.0
458752453,Rajaratnam,0.0
458792941,Ceri,0.0
458858928,Hannah Sharman,0.0
458881128,Tommy,0.0
458889227,Be'Wispy,0.0
458959533,Ahmed,0.0
459024086,Lyn,1.0
459044794,Foysol,0.0
459066489,Ross,0.0
459125670,Pisut,0.0
459146370,"The Key, Curated By Sofie",1.0
459164129,Anton,0.0
459170246,Yonatan,0.0
459185840,Sumi,0.0
459197310,Bilal,0.0
459206496,Lukas,1.0
459212254,Meliz,0.0
459234324,Armel,0.0
459249351,Donna,0.0
459264208,Robin,0.0
459274479,Kell,0.0
459317356,Porntipa,0.0
459320585,Arichaphat,0.0
459321083,Peter,0.0
459322134,Candice,0.0
459326207,Julie,0.0
459329964,Selina,0.0
459345807,云娟,0.0
459377175,Charlotte,0.0
459404261,Efe,0.0
459410938,Aaron,0.0
459586243,Lior Gur Harush,0.0
459677753,Peter,0.0
459718821,Asya,0.0
459719286,Tania,0.0
459721987,Edward,0.0
459730865,Charity,0.0
459825435,Bulakorn,0.0
459841222,Lyn,0.0
459841518,Marcela,1.0
459899282,Jacqueline,0.0
459932708,Jack,0.0
459946501,Watchara,0.0
459947712,Magdalena,1.0
459964006,Shaila,0.0
459971800,Jack & Emma,0.0
459990748,William,0.0
460001474,Derek,0.0
460017251,Surinder,1.0
460051383,Georgia,0.0
460055447,Joe,0.0
460063265,Marline,0.0
460063520,Yahya,0.0
460120726,Yhoo,1.0
460138486,Kelsen,0.0
460143004,Fernpun,1.0
460144827,Joe,0.0
460150794,G,0.0
460187310,Pamela Aiko,0.0
460194701,Donphiphop,0.0
460200748,Kreshnik,0.0
460217583,James,1.0
460225038,Lishan,0.0
460231202,Flexstay,0.0
460241650,Dorcas,0.0
460246011,Syed Amin,0.0
460255173,Matt,1.0
460297822,Mary,0.0
460312101,Carmen,0.0
460325158,Louise,0.0
460351575,Alwin,1.0
460368774,Simeon,0.0
460449500,Emma,1.0
460492053,Sola,0.0
460538012,Michael,1.0
460553426,Harbinder,0.0
460578306,Ernest,0.0
460671755,Nevs,0.0
460677714,Shahrukh Ur R,0.0
460683111,Okeaw BNB,0.0
460770056,Burcu,0.0
460781195,Bea,0.0
460804153,Adisak,1.0
460841204,Felipe,0.0
460845999,Titaporn,1.0
460875136,James,0.0
460881044,Tommy,1.0
460895224,Kamilla,0.0
460914763,Emmanuel,0.0
460958522,Claudiu,0.0
460991516,Infinite Hotel @Sena Nikhom,1.0
460997648,Ron,0.0
460998596,Don,1.0
461002181,Anandpura,0.0
461018565,Yara,0.0
461020300,Jonathan,0.0
461044377,Lottie,0.0
461082082,Hassan,0.0
461084850,Hozaifah,0.0
461116491,Shivani,1.0
461171342,Alex,0.0
461195420,Hasan,0.0
461220601,Federica,0.0
461222004,Usha,0.0
461226448,Adewale,0.0
461296730,Chiến,0.0
461358313,Alan,1.0
461391411,Lils,0.0
461409397,Derya,0.0
461421963,William & Angie,1.0
461443308,Amie,1.0
461483540,Jenny,1.0
461493256,Kirsty,0.0
461498901,Hassan,0.0
461528320,Aanchal,0.0
461578941,Kemal,0.0
461586783,Marya,0.0
461614424,Dev,0.0
461622673,Margaret,0.0
461639008,Clodagh,0.0
461702238,Tina,0.0
461776896,John,0.0
461780826,สุนิสา,0.0
461837070,Olu,0.0
461864492,Nadine-Pass The Keys,0.0
461894990,Abayomi,1.0
461902040,Maria,0.0
461905142,Alban,0.0
461924195,Alexander,0.0
461928301,Julia,0.0
461933763,Dimitrija,0.0
461935915,Shamaine,0.0
462011865,Daniel,0.0
462017325,Yinshuai,0.0
462025930,Michelle,0.0
462084719,Tor,0.0
462084777,Portobello,0.0
462140135,Manon,0.0
462186974,Xiao,0.0
462199466,Rupert,0.0
462231253,Wiran,0.0
462239859,Afshan,0.0
462362093,Ari,0.0
462399155,Uma,0.0
462425422,Meral,1.0
462476201,Alexia,0.0
462486036,Giovanna,0.0
462495695,Ella,0.0
462516257,Bianca,1.0
462606128,Abraham,1.0
462614224,Paul,0.0
462631402,Divine,0.0
462642126,Conor,0.0
462648053,Sergio,0.0
462650822,Abbas,0.0
462661506,Chris,1.0
462662557,Feng,1.0
462699557,Vahid,1.0
462728029,Addie,0.0
462747877,Ingrid,0.0
462755965,Fabiana,0.0
462803619,Gabriela,0.0
462807531,Tina,0.0
462823076,TC Retreats,1.0
462824198,Zaigham,0.0
462838119,Josephine,0.0
462892364,Sumain,0.0
462933992,Effy,0.0
462947786,Jacopo,0.0
463005717,Londonos,0.0
463025705,Daniel,0.0
463029325,Melissa,0.0
463055843,Lesya,1.0
463078446,Hayley,0.0
463082066,Ademola,0.0
463087389,Olivia,0.0
463102114,Valerie,1.0
463108752,Pravan,0.0
463131135,Albert,0.0
463161571,Bunty,0.0
463179324,Roc,0.0
463200550,Fleur,0.0
463205710,Erona,0.0
463214842,Peter And Rupesh,0.0
463223808,Ir,0.0
463224648,Dhanvi,0.0
463231065,Sophia,0.0
463274962,Ertunc,1.0
463281454,Bola,0.0
463338227,Abigail,0.0
463360562,Tano,0.0
463390454,Mert,0.0
463433729,Luz Carolina,0.0
463442048,Andrew,0.0
463448974,Amir,0.0
463452687,Alfred,0.0
463477181,Salama,0.0
463522788,Andy,0.0
463527037,Terry,0.0
463528950,Dorota,0.0
463564451,Siramani,0.0
463568195,Aicha,0.0
463571145,Mai Charissa,0.0
463608761,Jakob,0.0
463611486,Bimbola,0.0
463646362,Suwadee,0.0
463660892,Jean,0.0
463669124,Jirapong,1.0
463677535,Henry,0.0
463678445,Soumya,0.0
463683063,Sevil,0.0
463704997,Arigo,0.0
463709255,Thanamas,1.0
463728172,Tudor,0.0
463736085,Manish,0.0
463768853,Bernadette,0.0
463771967,Ismael,1.0
463798933,Mook Theeravit,0.0
463849299,Thanwarat,1.0
463864806,Gail,0.0
463921517,Karen,0.0
463929089,Johao Alexander,0.0
463954825,Atthasit,1.0
463969647,Arthur,0.0
463981357,Chaiwat,0.0
463996960,Julie,0.0
463997267,James,0.0
463997469,Peter,1.0
463997782,Nicholas,0.0
464012266,Madeleine,0.0
464016160,Jayleen,1.0
464055188,Vay,0.0
464064591,Sam,0.0
464099704,Deenika,0.0
464122129,Steven,0.0
464149593,Anthony,1.0
464160150,Rume,0.0
464178716,Mohammed,0.0
464187427,Arvinder,0.0
464221077,Emad,0.0
464260973,Oluwadamilare,0.0
464280200,Nomadic Home,0.0
464305191,Kelly,1.0
464352377,Andrew,0.0
464377261,Ian,1.0
464388046,Rahul,0.0
464462730,Karwan,0.0
464519685,Sarin,1.0
464533787,Luna,0.0
464540118,Marcia,1.0
464576186,V Ann,0.0
464581765,Karin,1.0
464603859,Bitten,0.0
464609711,XIONG Bing,0.0
464706552,Bernardo,0.0
464709035,Genevieve,0.0
464732407,Frances,0.0
464733461,Haidr,0.0
464742941,Imran,1.0
464808475,Pisitsak,1.0
464862033,Sibel,0.0
464869788,Magda,0.0
464885339,Pass The Keys,1.0
464898029,Rose,0.0
464917420,Olivia,0.0
464921484,Fatima,0.0
465009480,Ohis,0.0
465010822,Julie,1.0
465015334,Benjamin,0.0
465054699,Vanessa,0.0
465061611,Susan,0.0
465087881,Imran,0.0
465123105,Bo,0.0
465123455,Panadda,0.0
465163598,Celia,1.0
465167177,Carolina,1.0
465183138,Julie,0.0
465211460,Napatsorn,1.0
465212233,Laura,0.0
465237690,Anisul Hoque,0.0
465287424,Jenet,0.0
465292272,Qiushuang,0.0
465331976,Ruth,0.0
465346577,Marcia Regina,1.0
465353706,Kate,0.0
465396840,Nimet,0.0
465455832,Bm,1.0
465472724,Pornanong,0.0
465486937,Kanchaporn,1.0
465518341,Ismail,0.0
465521441,Carlos,0.0
465524031,Jimmy,0.0
465537792,Emmanuel,0.0
465547957,Sham Sher,0.0
465555669,Maggie,1.0
465563055,Sucheta,0.0
465565912,Faris,1.0
465567172,St Marks Properties,0.0
465599885,Claudia,0.0
465607540,Kalim,0.0
465629476,Amelia Rose,1.0
465657914,Oliver,0.0
465668290,Joshua,0.0
465671272,Paul,0.0
465693494,Natalia,0.0
465694547,Alonga,0.0
465701599,Emml,0.0
465805665,Eben,0.0
465820312,Kate,0.0
465834166,Luisa And Luzk,0.0
465836834,George,0.0
465850087,Weiwen,0.0
465870405,Nazihah,0.0
465879775,Pauline,0.0
465898302,Oliver,0.0
465903107,Julia,0.0
465904179,Barbara,0.0
465912589,Nicole,0.0
465920714,Priscilla,0.0
465937159,Kaneez Fatima,0.0
465949349,Siriporn,0.0
466002160,⁨Kongkiat S.⁩,1.0
466057606,明泽,0.0
466062673,Maria Jose,0.0
466082089,Jabel,1.0
466150718,ธนกฤต,0.0
466178992,Alicja And Harry,0.0
466184209,Joy,0.0
466215197,Georgina,0.0
466287997,Wiphawan,1.0
466309571,Proto Property,0.0
466313929,Barry,0.0
466325188,Glenn,0.0
466334509,Kevin,0.0
466344411,Ruth,0.0
466374957,Regents Apartments,0.0
466429579,Ghali,0.0
466520358,Eugene,1.0
466521219,Colleen,0.0
466521329,Mrs Gracey,0.0
466521402,Philomina,0.0
466571534,Yun,0.0
466613123,David,0.0
466614298,Fast,0.0
466702728,Shareefa,0.0
466730174,Preeti,0.0
466732499,Louise,1.0
466756599,Santokh,0.0
466809953,Mary,0.0
466893823,Kazeem,0.0
466902842,Catherine Lami,1.0
466938339,Steve,0.0
466958513,Vansh,0.0
466963472,Fe,0.0
466970369,Angela,0.0
467045896,Colberg Hosting,0.0
467066796,Ferrara,0.0
467074548,Tsigie Tesera,0.0
467082551,Tatiana,1.0
467090899,Sultan,0.0
467139942,Sonia,0.0
467149361,Edita,1.0
467205259,Leah,0.0
467206741,Fernando,1.0
467264142,Shuayb,1.0
467276834,Nathan,0.0
467343405,Just Us,1.0
467351874,Kanok-On,0.0
467372197,Lillian,1.0
467373237,Sam,0.0
467418074,Margaret,0.0
467427386,Sinead,0.0
467473887,Matthew,0.0
467509204,Onyekwelu,0.0
467546217,Larissa,0.0
467567295,Charles,0.0
467596340,Gregory,0.0
467604629,Stephen-Pass The Keys,0.0
467618643,Daniel,0.0
467634846,Joanna Beata,0.0
467661893,Richard,0.0
467663182,Ahab,0.0
467675413,Ning,1.0
467737256,Jessica,0.0
467745778,Lisa,0.0
467774272,Albert From Lyf,0.0
467800194,Kerkkiat,0.0
467806147,Parbata,0.0
467845780,Antonio,0.0
467858214,Qasim,0.0
467867982,Rosecler,0.0
467870702,Fahema,0.0
467921785,Leon,1.0
467929859,Roberto,0.0
467934453,Andrei,0.0
467953088,Rue,0.0
467967017,Goldacre Living,0.0
467970198,Cristina,0.0
467981230,Cozy,0.0
467991762,Alessandro,0.0
468079446,Ashley,0.0
468109095,GuestReady,1.0
468118227,Jayden,0.0
468120130,Danai,1.0
468128987,Sara,1.0
468132691,Claudia Maria,0.0
468159218,Ilir,0.0
468163852,Frederic,0.0
468167125,Nicole,0.0
468188129,Ellen,0.0
468189477,Donald,0.0
468198138,Ishitva,1.0
468211349,Tess,0.0
468214013,Robert,0.0
468228442,Sophia,0.0
468284137,Hristo,0.0
468298859,Be More Homely Serviced Accommodation,0.0
468308606,Off The Bitton Track,0.0
468336430,Jonair,0.0
468348783,Youngwook,0.0
468354409,Tariq,0.0
468464332,Kartik,0.0
468475474,Bo,0.0
468496122,Prai,0.0
468514869,Landmark Quay,0.0
468520632,Paul,0.0
468533624,Nadia,0.0
468543748,Alex,0.0
468556915,Caroline,0.0
468601685,Bonnie,0.0
468728978,Daniel,0.0
468729220,Matilda,0.0
468764512,Botir,0.0
468767676,Belinda Maree,0.0
468789140,Eslam,0.0
468823705,Ola,0.0
468826996,Emeka,0.0
468838483,Hannah,1.0
468845048,Paris,0.0
468866125,Ian,0.0
468891484,Riley,1.0
468917722,Michael,1.0
468924160,Laura,1.0
468927263,Yusuf,0.0
468940269,Roost,0.0
468977199,Jonathan,0.0
469033602,Roz,0.0
469035673,Georgie,0.0
469041927,Bans,1.0
469047177,Halimah,0.0
469067382,Ma,0.0
469098983,Supisara,1.0
469111158,Homestyle Hosts,0.0
469147011,Ruby,0.0
469153554,Cherrak Estates,1.0
469203486,Ayesha Mukhtar,0.0
469299258,Nemanja,1.0
469342486,Narudee,0.0
469379184,GuestReady,0.0
469396142,Parchment,0.0
469397552,Eugin,0.0
469408799,Maria,1.0
469465068,Zhidan,1.0
469492821,Silvia,0.0
469549539,Dayana,0.0
469562964,Hilary,1.0
469570686,Bob W London Spitalfields,0.0
469576459,Trevor,0.0
469591111,Antonio,0.0
469612785,Nicole,0.0
469614313,Ally Suites,1.0
469629283,Tee,0.0
469644895,Ratchaya,0.0
469660332,Baboucarr,0.0
469690261,Mohammed Ajfar,0.0
469691364,Georgina,0.0
469746720,Kay,1.0
469783327,Marina,1.0
469785455,Alexandros,1.0
469825739,Aqua,0.0
469864971,Kensington Stay,0.0
469866833,Ainhoa,0.0
469912282,Azat,0.0
469921334,Will,1.0
469924513,Thianthan,0.0
469929404,Elena,0.0
469960771,Ahsan,0.0
469991428,Isidoros,0.0
470108999,Merisha-Meisha,0.0
470109594,Rsa,0.0
470124751,June,0.0
470133203,Felicia,0.0
470143088,Judith,0.0
470178090,Jim,1.0
470190280,Tumi,0.0
470191540,Maria,0.0
470253773,Shafina,0.0
470270981,Mohamed,0.0
470287000,JohnNature,0.0
470301629,Michael,0.0
470351000,Jeannine,0.0
470360524,Anna,0.0
470409781,David,0.0
470414407,Stephanie,0.0
470443258,Stay Wise Sydney,0.0
470472341,Tinko,0.0
470513823,Yinka,0.0
470530176,Peter,1.0
470580308,Katharine,1.0
470583697,Sukanya,0.0
470601716,Komal,1.0
470608610,Nooshin,0.0
470636667,Natasha,0.0
470720650,Bo,0.0
470724555,Natalie,0.0
470726724,Lauryn,0.0
470885657,Oanika,0.0
470904627,Benjamin,0.0
470980222,Ali,0.0
471011088,Nora,0.0
471064664,Roisin,0.0
471073517,Mohamed,0.0
471095072,Barlby Road,0.0
471117672,Regina,0.0
471176875,Gemma Marie,0.0
471197676,Napshot Home,1.0
471228104,Ana,0.0
471236306,Nikolaos,1.0
471242838,M,0.0
471263497,Lapel,0.0
471278714,Graham,1.0
471312717,Sam,0.0
471326831,Balazs,0.0
471331472,Muhammad,1.0
471364995,Jenny,0.0
471401189,Louise,1.0
471401805,Vivian,1.0
471410697,Deen,1.0
471425486,Mariana,0.0
471426902,Steve,0.0
471442823,Andrew,1.0
471443494,Angela,1.0
471445955,John,0.0
471455657,Farringdon,0.0
471492960,Vicky,0.0
471546099,Femi,0.0
471550490,Oleksandr,0.0
471612260,MJW Property Group,1.0
471614072,Laoise,0.0
471615166,Francis,0.0
471621099,Holly,0.0
471654125,Laurence Bernard,0.0
471730506,Gabby,0.0
471763352,Nattapong,0.0
471765225,Jidapa,1.0
471794841,Anita,0.0
471801590,Rasaq,0.0
471823546,GuestReady,0.0
471828501,Ahmed,0.0
471831403,Diyar,0.0
471832531,Jonathan,0.0
471854667,Daniel,0.0
471858408,Lucia,0.0
471930320,Catia,0.0
471933804,Karli,1.0
471980164,Jenny Kim,1.0
471981451,Marie,1.0
471991053,K Z,0.0
471992978,Anne,1.0
471994205,มินทร์ธิรา,0.0
472051416,Guilherme,0.0
472092846,Islam,0.0
472135129,Emily,0.0
472152468,M,0.0
472171917,Lydia,0.0
472181600,Olivia,0.0
472199150,Jean,0.0
472214539,Gail,0.0
472234134,Michael,0.0
472327368,Imran,0.0
472334547,Francois,0.0
472362630,Pinky,0.0
472375339,Adam,1.0
472397259,Mihaela,0.0
472401501,Panintra,0.0
472542077,Jinzujee,0.0
472629393,T,1.0
472673777,Kenan Munur,0.0
472681131,Natt,0.0
472699229,Miriam,0.0
472717849,Fally,0.0
472720247,Barbara,0.0
472725420,Chuwei,0.0
472761052,Justyna,1.0
472779149,Ogo,1.0
472788918,Avi,1.0
472803508,Haihong,0.0
472822188,Gaurav,0.0
472837650,Riz,0.0
472858152,Amrita,0.0
472858250,Nwike,0.0
472858374,Christopher,0.0
472863204,Rahima,0.0
472923480,Niroginey,0.0
472928637,GuestReady,0.0
472979777,Aidan,0.0
473046894,Joseph,0.0
473048336,Yenny,0.0
473062795,Anna,0.0
473090853,Nona,0.0
473093962,Denisa,0.0
473127878,Melika,0.0
473178595,Shortstaycation,0.0
473186527,Hadaya Homes,0.0
473213499,Veerin,0.0
473232774,Ahmed,0.0
473259447,Princess,0.0
473278002,Shariya,0.0
473288791,Katarina,0.0
473290477,Jibran,0.0
473307551,Diego,0.0
473325492,Ivanka,0.0
473326131,Matthew,0.0
473417699,⁨นันทนีย์⁩,0.0
473424748,Blessing,0.0
473438164,Viktoriya,0.0
473454250,Morri,1.0
473457201,Tabet,0.0
473581821,John,1.0
473600800,Ibi,0.0
473615566,Patrycja,0.0
473618407,Thomas,0.0
473656250,Ahmet,0.0
473675389,Cveta,0.0
473704477,Umar,0.0
473727304,Tanvir,0.0
473795897,Private Boutique Apartments London,0.0
473817293,Pa Alasan,0.0
473908853,Milin,0.0
473933729,Aus,0.0
473936779,Khaosan Social,1.0
473942830,Nina,0.0
473944136,Nayely,1.0
473944728,Barbora,0.0
473956353,Devereux Residences,1.0
473983827,Maher,0.0
474027491,Roxanne,0.0
474075759,Pippa,0.0
474089302,Ben,0.0
474103218,Ellen,1.0
474103899,SC Park Hotel,0.0
474126459,Andrew,0.0
474130591,Ishfaaq,0.0
474141399,Beverly,1.0
474206372,Emmanuel,0.0
474218057,Raujit,0.0
474223229,Geraldine,1.0
474260020,RedDoorz,0.0
474265388,Avaani,0.0
474296695,Shirley Johanna,0.0
474298393,Ashar,0.0
474304957,Imperial Stay Services,0.0
474308905,Abdul Jalil,0.0
474344794,Chikku,0.0
474388702,Maxwell,0.0
474408608,LIVNEST Apartments,0.0
474424992,Xian,0.0
474434658,Short Term Accommodation Management,1.0
474461784,Nilza,1.0
474465229,Darren,1.0
474493463,Hannah,0.0
474505375,Caicedoc,0.0
474535130,Sui Jun,0.0
474579881,Tim Place Sukhumvit BTS,0.0
474609492,Crystal,0.0
474627902,Ivan,1.0
474653442,Bun,0.0
474694100,Gee,1.0
474698149,Hadi,1.0
474756788,Jordan,0.0
474776292,Kavita,1.0
474778531,Rich,1.0
474812078,Muhammet,0.0
474819800,Niamh,0.0
474847540,Roman,0.0
474861803,John,1.0
474877225,A,0.0
474909072,Ulas,1.0
474955539,Pony Rose,0.0
474969904,René,0.0
474996125,Olu,0.0
475001630,Gloria,0.0
475009248,Sadie,0.0
475026293,Lex,0.0
475028881,Rb,1.0
475030397,Ashlea,0.0
475033658,سحر,0.0
475041830,Usman,0.0
475049768,Piyathida,0.0
475059232,Iris,0.0
475083639,Jean,0.0
475120922,Elicia,0.0
475162672,Shy,0.0
475162932,Kaya,0.0
475168479,Gavin,0.0
475253180,Pawan,0.0
475253457,Keith,1.0
475265964,Kun,0.0
475276673,อัจฉรา,0.0
475279399,Kanin,0.0
475295912,Joao,0.0
475298532,Christopher,0.0
475330821,Ron,1.0
475333724,Ifeanyi,0.0
475341444,Aslam,0.0
475414468,Habib,0.0
475427537,Yusaku,0.0
475476543,Nhi,0.0
475487536,Fergus,0.0
475588524,Michelle,1.0
475606023,Klevis,1.0
475618770,Erjon,0.0
475620568,Yasmine Park,1.0
475643974,Nastaran,0.0
475644028,Veena,0.0
475651659,Baljinder,0.0
475693808,Punthill Norwest,0.0
475721302,Thaya Hotel,0.0
475784592,Vivian,0.0
475815955,Alisha,0.0
475823045,Natalia,1.0
475847521,Mohammad Habibur,0.0
475909212,Francisca,0.0
475986088,Jessica,0.0
475999886,Khin,0.0
476025604,Rupa,0.0
476056942,Srikavya,0.0
476059794,Ali,0.0
476068894,Kayla,0.0
476094583,Leo,0.0
476100624,Jesse,0.0
476122700,Reda,0.0
476145469,Sebastian,0.0
476157531,Tachin,1.0
476190155,Harry,0.0
476192683,Myrofora,0.0
476195339,Katrina,0.0
476240943,Robert,0.0
476244910,Sam,0.0
476246377,W,0.0
476305907,Cloe,0.0
476320982,Laura,0.0
476328760,Jin,1.0
476337788,Dean,0.0
476355707,Rita,0.0
476368873,Mariela,0.0
476370890,Wuma,0.0
476411854,Jessie,0.0
476490422,Ankit Rasik,0.0
476497507,Ezra,0.0
476501006,Maison Christo Property,0.0
476503118,Silvia,0.0
476510013,Vangelis,1.0
476528338,Alejandro,0.0
476528817,Jackie,1.0
476539034,Vidhi,0.0
476540595,Joanne,0.0
476563435,Amandeep,0.0
476577291,Aldo,0.0
476624189,Maesinee,0.0
476636529,S,0.0
476637353,Aun's Package Ltd,0.0
476661234,Romain,0.0
476667422,Viktoriia,0.0
476758129,Dr.鄭,0.0
476785635,Mac,0.0
476794342,Zuhair,0.0
476797136,Shannon,1.0
476811093,Lokesh,0.0
476836097,Sandra,0.0
476903860,Spencer,0.0
476910699,No Pet,0.0
476919740,Roy,1.0
476937999,Alba,0.0
476940531,Monica,0.0
476957500,Adam,1.0
476968485,Rita,0.0
477013682,蔡,1.0
477039687,Chubby,0.0
477092673,Odeta,1.0
477092860,Discovery,0.0
477127504,Mohammed,0.0
477163542,David,0.0
477183798,Siharaj,1.0
477187787,Hani,0.0
477198139,Chayuth,0.0
477208197,Maral,1.0
477263737,Mirella,0.0
477280564,Candy,0.0
477285765,Katherine,1.0
477346349,Eric,0.0
477356777,John,0.0
477377752,Borina,0.0
477389176,Anna,0.0
477405802,Muhammad Shahrukh,0.0
477420356,Jake,1.0
477431837,Shama,0.0
477486361,Rachel,0.0
477496446,Nillaya,1.0
477497744,Vichak,1.0
477499342,Julia,1.0
477500969,Farid,0.0
477512615,Jonathan,0.0
477513255,Machimontorn,0.0
477613035,Andrew,0.0
477652912,Keith,0.0
477660951,Kavin,1.0
477667880,Al,0.0
477669108,Kanokwan,0.0
477683079,Ryan,0.0
477722468,Maberic,0.0
477773609,Julie,0.0
477797726,Evan,0.0
477802502,Alea,0.0
477809254,Cocoon-Inn,0.0
477814690,Julie,0.0
477820514,Julie,0.0
477821759,Julie,0.0
477886417,Mohamed,0.0
477911517,⁨T.T.⁩,1.0
477914681,Omer,0.0
477936294,Yovish,0.0
477938158,Kanyaporn,1.0
477998668,Ilona,0.0
478020799,Collins,0.0
478036247,Amanda,0.0
478056513,Jazz,0.0
478064848,K,0.0
478089727,Janet,0.0
478092606,Andrea,1.0
478104117,Neli,1.0
478108454,Natakun,1.0
478119652,Umair,0.0
478196230,Mint,1.0
478200921,Glenn,0.0
478213381,HomeStyle-Stay,0.0
478213500,Luke,1.0
478225662,Sharon,0.0
478225958,Saran,0.0
478248865,Christine,0.0
478269237,Randolph,0.0
478272472,Malgorzata,0.0
478294049,Maria,0.0
478344358,Ben,0.0
478365610,Emmanuel,0.0
478366739,Kev,1.0
478370223,Martin,0.0
478375517,Antonio,0.0
478386457,Seif,0.0
478405409,Mohit,0.0
478412629,Evan,0.0
478417248,Dunya,1.0
478435487,Manuzah,1.0
478492775,Stephanie,1.0
478515541,Thomas,0.0
478519763,Paula,1.0
478532202,Kitiruk,0.0
478563649,GuestReady,0.0
478638291,Kevin,1.0
478661523,Benjamin,0.0
478663580,Flamingo Apartments,0.0
478664452,Marifat,0.0
478681656,David,0.0
478697472,Pass The Keys,0.0
478734716,Guray,0.0
478744700,Kathryn,0.0
478790558,Gerry,0.0
478794601,David,1.0
478794702,Kyriacos,1.0
478810593,Rassarin,1.0
478838342,Oyedele,0.0
478846704,W Bangkok,0.0
478860470,Pati,1.0
478904674,Joana,0.0
478927663,Dominik,0.0
478932685,Aga,1.0
478962138,San Thaker,0.0
478966023,Ashley,0.0
478968225,Dave,0.0
478976389,Sam,0.0
479009936,Swati,1.0
479014481,Linlin,1.0
479020590,Julia,0.0
479028972,Shaukatullah,0.0
479031759,Vicky,0.0
479035146,Samantha,1.0
479040523,Sarah,0.0
479074505,Niya,0.0
479080529,Zoheb,0.0
479081941,Junn,1.0
479111547,O,0.0
479113276,Ashraful,0.0
479124578,Yvonne,0.0
479127694,Hostra,0.0
479132236,Maria,1.0
479158303,Plano,0.0
479174423,Jules,0.0
479176961,Prisana,0.0
479195239,Chaim,0.0
479229773,Scovia,0.0
479252154,Jasmin-Pass The Keys,0.0
479261132,Saru,0.0
479277099,Pascal,1.0
479282904,Albert,0.0
479310065,The Old Ship,0.0
479314385,Teeradech,0.0
479330158,James,1.0
479333627,Agnieszka,0.0
479339443,Chesterfield,0.0
479351272,Corinne,0.0
479394375,Christine,0.0
479454419,Umair,0.0
479462407,Hadja,0.0
479473071,Alfred,0.0
479495702,Bamidele,0.0
479510913,Thuy,1.0
479535561,Kian,1.0
479582746,Sarawut,1.0
479606878,Rupert,0.0
479640508,Yoyo,1.0
479658122,Dunni,0.0
479676638,Bogdan,0.0
479819838,Hasan,0.0
479860474,Claudia,0.0
479861424,Andrew,1.0
479923270,Sobia,0.0
479935722,Jacobus,0.0
479936365,Azuka,1.0
479949879,Quintin,1.0
479972363,Evelyn,1.0
479983255,Stella,1.0
479996873,Klaudia,0.0
479999185,Paulo,0.0
480000629,Babz,0.0
480125614,Valeria,1.0
480146239,Chayanee,0.0
480185123,Tomas,1.0
480199261,Umair,0.0
480205886,Mohamed Amine,0.0
480234279,Ratch,0.0
480252676,Larissa-Sasha,0.0
480281620,Lihua,0.0
480290915,Irene,0.0
480306895,Binit,1.0
480351346,Anita,0.0
480379507,Yanisa,0.0
480392621,Boonnak,0.0
480428194,Mahima,0.0
480459199,Sol,0.0
480467008,Thomas,0.0
480488194,Ehsan,0.0
480497204,Zahid,0.0
480534455,Vicky,0.0
480553959,Hongxuan,0.0
480563231,Jibin,0.0
480565250,Chidapa,0.0
480570888,Alessana,0.0
480575437,Kate,0.0
480603125,Sanjit,0.0
480642387,Jose Silvio,1.0
480681362,Graham,0.0
480744621,Dwight,0.0
480752102,Roseline,0.0
480787405,Suthawan,0.0
480795353,Fabio,0.0
480797079,Woranon,1.0
480799977,David,0.0
480810751,Yi Hsin,0.0
480811404,Lian,0.0
480811922,E&L Stays,0.0
480846138,Riri,0.0
480846254,Bart | MoreThanStays,0.0
480878874,Monalisa,1.0
480888562,Jessie,0.0
480916397,Carlos Alberto,0.0
480927324,Alex,0.0
480927520,Dang Ping,1.0
480930530,Clinton,0.0
480941291,Sarah,1.0
480944712,Parea Living,0.0
480966858,Christine,0.0
480988330,Maleika,0.0
480992784,Richard,0.0
481017019,James,0.0
481053952,Sajid,1.0
481073190,Oz,0.0
481083915,Murad,0.0
481092502,Wendy,0.0
481103094,Eurico,0.0
481104923,Steven,0.0
481114607,Thanaporn,0.0
481129258,Olanrewaju,0.0
481141567,Daisy,0.0
481146680,Moreno,0.0
481214032,⁨Kahn Narin (Arete Property)⁩,0.0
481217681,Olalere Wahab,0.0
481225671,Tassanee,0.0
481230688,Sagar,0.0
481243054,Nungnuch,0.0
481264758,Suda,1.0
481286913,Marshal,0.0
481298346,Kayssandra,0.0
481301818,Sophie,0.0
481310348,Quan,0.0
481358542,Yongqing,1.0
481362487,Ezra,1.0
481367523,Johnson,0.0
481375623,Gabriela,0.0
481397345,Symone Reid,0.0
481423202,Carolina,0.0
481454460,Mir Saifullah,0.0
481472215,Kishan,0.0
481491018,Daria,0.0
481492221,Philipp,1.0
481492793,Alexander,0.0
481501707,Gio,1.0
481504999,Neil,0.0
481510829,Cathy,0.0
481516005,Mooi,1.0
481516244,Somsri,0.0
481524968,Thutchawat,0.0
481575347,Adriana,0.0
481598927,Thanyarach,1.0
481614647,Sally,1.0
481635366,Syed,1.0
481670229,Jinghong,1.0
481717488,Jobaer,0.0
481735263,Gail,1.0
481737418,Kulradtha,0.0
481745060,Winthorpe,0.0
481747641,Pasakorn,1.0
481765957,Tom,0.0
481783986,Kay,0.0
481819917,Joshgan,1.0
481858208,Hamish,0.0
481864536,Atc Residence,0.0
481865680,Chaiwat,1.0
481873202,Kctraveltourasia,0.0
481883136,Sher,0.0
481889883,Sandra,0.0
481900666,Annabella,0.0
481911733,Rachel,0.0
481945529,Ezra,0.0
481966228,James,1.0
482003035,Bruce,1.0
482009789,⁨วศินี⁩,0.0
482011973,The Loft Resort Bangkok,0.0
482029696,Walid,1.0
482033037,Tansel,0.0
482049727,Sawasdee,0.0
482074863,Stefania,0.0
482080096,LDN Boutique Stays,0.0
482104865,Femzy Aka Baale,0.0
482105022,Ricky,1.0
482171215,Caroline,0.0
482174143,Sam,0.0
482174146,Abdul,0.0
482182466,Brendon,0.0
482253186,Julia,0.0
482259345,Edem,0.0
482298784,Kabeer,0.0
482317117,Namdrel,1.0
482338173,Hannah,0.0
482373915,Julia,0.0
482403166,Christopher,0.0
482403709,Airhost Agency,0.0
482446440,Regent,0.0
482449714,Carl,0.0
482451739,Purin,1.0
482454490,Silas,0.0
482474858,Sylvia Pass The Keys,1.0
482482921,Alistair,0.0
482520248,James,0.0
482534566,Abdul,1.0
482545476,Cameron,0.0
482574013,Reservation,0.0
482586478,Shwan Ibrahim,1.0
482600926,Cleveland Residences Farringdon,1.0
482621849,Vivian,1.0
482637120,Rish,0.0
482645444,Jamie,1.0
482662934,Rick,0.0
482683546,Rafaa,0.0
482717674,Tee,0.0
482738782,Mubarik,1.0
482783604,Mohammed,0.0
482805108,Andy,0.0
482815071,David,0.0
482864161,Boyd,1.0
482866955,Dominic,0.0
482872741,Kanokon,0.0
482877944,Roy,0.0
482922554,Astha,0.0
482934837,Eva,1.0
482968582,Niesh And Rob,1.0
482975826,Robert,0.0
482981554,Michaela,0.0
482983670,Stephanie,0.0
482988621,Marc,0.0
483018428,Laurence,0.0
483029696,Juan Carlos,0.0
483031423,Oksana,0.0
483035482,Sam @ Rockman Residences,0.0
483056952,Linda,0.0
483067523,Nathan,0.0
483119696,The Locals,0.0
483129982,Bkk,0.0
483137877,Shelan,0.0
483160111,Adele,0.0
483162229,Ken,0.0
483180282,Olivia,0.0
483180616,Diana,0.0
483181493,Abbi,0.0
483216562,Ibrahim,0.0
483220086,Emili,0.0
483233941,Amanta Hotel And Residence,0.0
483255537,Poh,0.0
483266321,Hii,1.0
483278333,Bektas,1.0
483291740,Muhammad,0.0
483301118,Dominique,0.0
483311187,Natee,1.0
483332329,Ulascan,0.0
483355076,Kuramoh,0.0
483382639,Laurie,1.0
483403114,Freweini,1.0
483403333,Emil,0.0
483421163,Neal,0.0
483464232,Charlotte,0.0
483476803,Nicole,1.0
483491375,Kanjana,0.0
483502982,Oladunni,0.0
483504986,Mery,1.0
483527115,พงศธร,0.0
483532667,Sahil,0.0
483534618,Noriko,0.0
483547793,Maeve Kingshomeaccommodation.Co.Uk,0.0
483594412,Brad,0.0
483663228,Donald,0.0
483670969,Diana,0.0
483671768,Oumayma,0.0
483744489,Nzf Staycation,0.0
483760639,Supattra,0.0
483772460,Brendan,0.0
483813772,Subin,0.0
483825737,Michelle,1.0
483860976,Robert,1.0
483861278,Ryan,0.0
483878874,Rebecca,0.0
483920507,Phil,0.0
483937555,Hannah,0.0
483987387,Lorraine,1.0
483993679,Vivian,0.0
484007325,Bernardo,0.0
484007875,Luis Ivan,0.0
484058048,Kantapak,0.0
484073376,Benjamin,0.0
484074952,Amrish,0.0
484081476,Daniel,0.0
484086298,Tina,0.0
484164888,Samuel,0.0
484192238,Thanapat,1.0
484194134,行走在曼谷,0.0
484217989,Siam Shelter,0.0
484230235,Harry,1.0
484242042,Joseph,0.0
484242586,Jasmine,1.0
484260645,Iskil,0.0
484315835,David And Ros,1.0
484335138,Andrew Amoateng,0.0
484352146,Keing,1.0
484366220,Jevon,0.0
484410783,Keya,0.0
484449343,Tannissorn,0.0
484473459,AirCabin,0.0
484477136,Malee,0.0
484495803,Chaudhury,0.0
484540895,Patcharaporn,0.0
484561543,Jason,0.0
484602436,Pichamon,0.0
484603831,Caroline,1.0
484610229,Lillian,0.0
484656753,Sunny,0.0
484658314,Alan,1.0
484674062,Parichat,0.0
484676827,Mimi,1.0
484702372,David,0.0
484705426,Lucy,1.0
484718743,Simon,1.0
484729007,Edward,0.0
484729084,Paul,0.0
484777837,Mark,0.0
484788809,Sophia,1.0
484802746,Alice,0.0
484828811,Maissa Myriam,0.0
484849293,Mookie,0.0
484851295,Sirisuda,1.0
484851746,Ana,0.0
484858504,Nichlas,0.0
484882594,Melisa,1.0
484883337,Max,0.0
484884163,Soracha,1.0
484893741,Jay,1.0
484908637,Alex,0.0
484914909,Femi,0.0
484985245,⁨La Petite Salil Thonglor 1⁩,0.0
484985900,Salil Eight,0.0
484989400,Petcharat,1.0
484995816,Poonsukplace,0.0
485001486,Yurong,0.0
485011617,Lulu And Dan,1.0
485024080,Abde,0.0
485046847,Pro Wealth Management,0.0
485067588,Sevana,0.0
485084756,Krystal,0.0
485147891,Vicky,0.0
485194219,Bob,0.0
485218254,Usha,0.0
485231105,Mëdy,0.0
485246485,Anita,1.0
485277753,Betzy,0.0
485313876,Luana,0.0
485314570,Laura,1.0
485401802,Nadia,0.0
485406351,Jumoke,0.0
485413319,YangWang,0.0
485440159,Unique,1.0
485451314,Bruce,0.0
485492574,Tak,0.0
485524256,Thanatcha,0.0
485526097,Kevin,0.0
485536928,Lucas,0.0
485552846,Natallie Sanches,0.0
485559444,Nicolas,0.0
485565490,Max,0.0
485584794,Roberto,0.0
485590723,Nosa,0.0
485601951,Chloe,1.0
485604004,Janelle,0.0
485627020,Buchi,0.0
485637460,Huyen Trang,1.0
485639828,B,0.0
485642226,Jett,0.0
485649345,Balesh,0.0
485649555,Andrew,0.0
485658917,Bimal,0.0
485677564,Andrew,1.0
485692828,Don,0.0
485693406,Mehdi,1.0
485742624,Khayat,0.0
485744283,Monte,1.0
485749772,John Paul,0.0
485767977,Shadz,0.0
485773182,Bella B,0.0
485779283,Janice,0.0
485783014,Phunnaras,0.0
485791423,Azi,0.0
485794124,Seniz,0.0
485861386,Iggy,0.0
485865059,Chitiphat,0.0
485866018,Kwanta,1.0
485866596,Ple,1.0
485874916,Mpa,0.0
485882992,Punyawee,0.0
485887755,Maro,0.0
485907285,Darren,0.0
485940096,Maria,1.0
485959115,Donisa,0.0
485977648,Vivian,1.0
486011206,Tuyen,0.0
486028528,Naghmeh,0.0
486039589,Allegro Stays,1.0
486043607,Wendy,0.0
486046980,Rinlita,0.0
486054205,Sirangsan,1.0
486083040,Alex,1.0
486147243,รักษา,0.0
486153685,Floriana,0.0
486161166,Ebony,0.0
486174360,Derrick,0.0
486182520,Annabelle,1.0
486205863,Panduangjai,0.0
486236495,Ryan,0.0
486268295,Kashif,0.0
486270582,⁨์ีNualphen⁩,0.0
486308536,Svetlin,0.0
486312894,Stacey,1.0
486324607,Deni,1.0
486359673,Marie Colette,0.0
486385142,Vishakha,0.0
486401736,HangYun,0.0
486417257,Pornwadee,1.0
486440136,Nazma,1.0
486443336,Joshua,1.0
486490327,Rodrigo,0.0
486540832,Laura,1.0
486561328,Kerk Yaw,0.0
486566894,AboutAway,0.0
486582721,Nam,1.0
486595672,Choon,0.0
486598513,Leonardo,0.0
486605808,Amir,0.0
486689588,Kevin,0.0
486689591,Graeme,1.0
486700375,Jordan,0.0
486701187,Sarapee,1.0
486711523,Nancy,0.0
486713726,Uk,0.0
486730857,Julie,0.0
486747218,Nick,1.0
486779839,Marius,0.0
486872349,Alexa - Pass The Keys,0.0
486890912,Sandra,0.0
486894745,Phoenix,0.0
486913307,Shanice,0.0
486923605,Shanice,0.0
486935910,Grace,0.0
486940961,Eimee,0.0
486958779,World Ocean Estate,0.0
486979222,Rob,1.0
486989043,Jason,0.0
487001632,Francesca Maria,0.0
487002935,Ava,0.0
487008829,Karen Ann,0.0
487011722,Peash,0.0
487071346,Jade,0.0
487106547,Diana,0.0
487113269,Naphat,0.0
487117227,Meizi,0.0
487122020,Sharon,1.0
487127323,Jeanette,0.0
487135348,Juli & Nic,0.0
487150736,Leonora,0.0
487154694,Amir,0.0
487199741,John,0.0
487206099,Chloe,0.0
487206988,David,0.0
487212355,Ali,0.0
487222391,Grant,1.0
487229111,Lauren,0.0
487232850,Stephanie,0.0
487297984,Lois,0.0
487299226,Babatunde,0.0
487334831,Bstay Accommodation,1.0
487335488,Athicha,0.0
487355126,Olushola,1.0
487380955,Savi,0.0
487400299,Trends Ideas Design Build,0.0
487400418,Jenny,0.0
487417593,Veena,0.0
487459802,AC Property,1.0
487501167,TJ Homes,0.0
487511440,Caroline,0.0
487511756,Farah,0.0
487513969,Jiranun,1.0
487515045,Nick,0.0
487542226,Titepong,0.0
487611084,สรีรา,0.0
487618699,Tomiya,0.0
487649362,Kehinde,0.0
487653612,Clarice,0.0
487656135,Fabio,1.0
487663400,Mi Short Stay,0.0
487677937,Julien,0.0
487694024,Biljana,0.0
487696937,Oscar,0.0
487710889,Sray,0.0
487716707,Clara,0.0
487724693,Trevor John,0.0
487745503,Zahra,0.0
487752863,Alicia,1.0
487755533,Buason,0.0
487767824,Noi,1.0
487774128,Robert,0.0
487782126,Stella,0.0
487786532,Viren,0.0
487796030,Natasha,0.0
487799992,Tim,0.0
487818176,Scott,0.0
487819892,Lewis,0.0
487829271,Suaida,1.0
487847076,Diamond Property Corp,0.0
487848221,Wladimir,1.0
487907591,Veronica,0.0
487928347,Compounding Property Group Management,0.0
487933430,Joyce,0.0
487972166,Pass The Keys,1.0
487990200,Karolina,1.0
487997476,Alexandra,0.0
488001408,Catherine,0.0
488072246,Ziyang,0.0
488083263,Rowan,0.0
488109444,Eli,0.0
488126866,Salman,0.0
488137685,Sumaia,0.0
488184317,Sunny,0.0
488195907,Azmy,0.0
488207080,Sayed,1.0
488213223,Georgia,0.0
488236965,Giovanni,0.0
488285137,Aki,0.0
488296171,M Baptista,0.0
488300555,Xian,0.0
488305959,Steven,0.0
488318430,Grace,0.0
488339651,Kevser,1.0
488369539,Nathoppon,1.0
488428292,Alisa,0.0
488434024,Piotr,0.0
488465853,Stephanie,0.0
488517983,Sandy,1.0
488556113,Nadia,0.0
488573694,Liquid Capital,1.0
488575514,Mike,0.0
488638434,Yassine,0.0
488655039,Beloveth,1.0
488658483,Zafar,0.0
488667766,Didi,0.0
488706428,Omar,0.0
488709459,Sukran,0.0
488723206,Elizabeth,0.0
488732530,Gabriel,0.0
488745620,Rob,0.0
488747210,Raju,0.0
488778654,Goli,0.0
488793361,Janine,1.0
488818866,Thanet,0.0
488823136,Chang,0.0
488831167,Josselin,0.0
488833606,Abby,0.0
488843080,Anna,1.0
488853080,Moka,0.0
488871205,Ammar,0.0
488881750,Ratthanan,1.0
488886250,Ano & Aiw,1.0
488891919,Ana B,0.0
488895869,Rahul,0.0
488896128,Kash,0.0
488922829,Pp,0.0
488938951,Thi,1.0
488977488,Steve,1.0
488985575,Alice,0.0
489019339,Mohammed,0.0
489056001,Thomas,0.0
489056851,Tanudech,0.0
489057617,Robert,0.0
489066708,Liu,0.0
489091373,Peter,0.0
489102998,Ella,0.0
489120455,Tunay,1.0
489122877,Andy,0.0
489156651,Jason,0.0
489170014,Daniel,0.0
489179138,Haji,0.0
489179787,ELena,1.0
489223620,Maria,0.0
489283641,Anastazia,0.0
489285327,Xian,0.0
489290750,Matthias,0.0
489304428,Alena,1.0
489321267,Hila,0.0
489324743,Amy,0.0
489330981,Betty Yous,0.0
489336411,Imran,0.0
489346734,Tim,1.0
489382369,Nicole,0.0
489404570,Cynthia,1.0
489411481,Jintana,0.0
489444908,Vicky,1.0
489464201,Ismet,0.0
489469897,Wongsakorn,0.0
489491900,Eline,1.0
489506668,Agostinho,0.0
489509186,Joanne,0.0
489515027,Dinesh,0.0
489532900,Wilasanee,0.0
489537525,P,0.0
489556586,Ricky,0.0
489576057,Victoria,0.0
489576233,Laura,0.0
489583756,Kerry,0.0
489626083,Bliss Boutique,0.0
489629328,Pearls Properties,0.0
489636101,Antonio,0.0
489647268,Ave,0.0
489654919,Angelique,0.0
489664390,Victoria,1.0
489677081,Pimolnut,1.0
489680509,Rowena,1.0
489691355,Juan,1.0
489693503,Berta,0.0
489715195,Sidonie,1.0
489719786,Paphorn ภาพร,0.0
489757779,Omtal,0.0
489783696,Han,1.0
489804194,Supinya,0.0
489831372,Harriet,1.0
489832338,Jonny,0.0
489844925,Mina,0.0
489856251,Amy,0.0
489884379,Isabella,0.0
489887661,Pilar,0.0
489897441,Greg,0.0
489938209,Gleice,0.0
489944656,Wesley,1.0
489946333,Abdul,0.0
489990076,Anthony,0.0
490019479,Helen,1.0
490044299,Yusuf Berkin,0.0
490049297,Sunny,0.0
490060637,Arslan,0.0
490072858,Tunde,0.0
490100344,Sylvia,0.0
490104210,Empires Property,0.0
490110088,Odette,0.0
490137202,Mariele,1.0
490156808,Faiz,0.0
490158492,Ahlam,0.0
490202900,Umer,0.0
490206772,Kamila,0.0
490208028,Suttikiat,0.0
490219314,Ali,1.0
490233950,Debbie,0.0
490286427,Jenny,0.0
490297843,Amanda,1.0
490298100,Marco,0.0
490306140,Ya Jun,0.0
490351233,Nino,1.0
490371998,Rob,1.0
490380148,Terry,0.0
490381089,Eugenia,0.0
490415209,Obermayer,0.0
490439489,Wipawan,0.0
490446903,Burcu,1.0
490458444,Amine,1.0
490473032,Susan,0.0
490473790,Sherry,0.0
490527873,Rony-Joe,1.0
490529704,Raviwan,1.0
490530185,Panidhi,1.0
490554032,Pass The Keys,0.0
490574487,Typer,0.0
490580179,Cindy & Shaun,0.0
490583712,Rasool,1.0
490614223,Hayley,0.0
490625385,Jordanne,0.0
490674701,Monika,1.0
490733261,Gioia,0.0
490743727,Naseraldeen,0.0
490770242,David,0.0
490772187,Phatchara,1.0
490780576,Adamu,0.0
490783631,Laura,0.0
490801989,Teresa Dinan,0.0
490826230,Mary,0.0
490835953,Manny,0.0
490836856,John,0.0
490878201,Sang,0.0
490951407,Andrea,0.0
491002772,Dipali,1.0
491005093,Stephen And Pauline,1.0
491007592,Jaafar,0.0
491014634,Clifort,0.0
491050478,Bobby,0.0
491061443,Munaris,0.0
491067049,Suphattra,0.0
491069595,James,0.0
491070482,Donia,0.0
491103543,Lisa,1.0
491112706,Dendanu,0.0
491124588,Ben,0.0
491136272,Mariana,1.0
491152872,Xiaochen,0.0
491167526,Philip,0.0
491176519,Muhsen,0.0
491199063,James,0.0
491220733,Taya,1.0
491227582,Claire,0.0
491240987,Pichan,0.0
491247985,Natchanon,0.0
491253278,David,1.0
491258264,เจตริน,1.0
491265916,Quamdeen,0.0
491267199,Nickolas,0.0
491286068,Claire,0.0
491286090,Ahmad,0.0
491310597,Lynda,0.0
491333847,Leila,0.0
491343262,David,0.0
491369548,Yair,1.0
491376783,Noppanan,1.0
491378755,Warrakanya,0.0
491401542,Letzi,0.0
491401651,Diana,0.0
491402100,Saul,0.0
491436321,Ada Leo,0.0
491447718,Tomasz,0.0
491457919,Brad,1.0
491481230,Ask Estates,1.0
491496420,Malaika,0.0
491512383,Oblivium,0.0
491521454,Hannah,0.0
491522748,Camilla,1.0
491526222,Amorn,0.0
491538155,⁨ริสาลักษณ์⁩,0.0
491547659,Oya,0.0
491623710,Mike,1.0
491624121,Belle,1.0
491626944,Volodymyr,0.0
491627671,Chao Yi,0.0
491635200,Victoria,1.0
491637995,Laxshan,0.0
491639502,Casa Mamô,1.0
491686852,Coco,0.0
491761879,Phakkhanit,1.0
491793391,Rawya,0.0
491811107,Liang,0.0
491814778,Avi,0.0
491817300,Maria,1.0
491831864,May,0.0
491880744,Ben,0.0
491920853,Lanchakorn,0.0
491969497,⁨ภัทร​พงษ์​พันธ์​⁩,0.0
491971272,Jm,1.0
491985675,Helen,0.0
492007847,Antony,1.0
492013885,Sreejesh,0.0
492039369,Anna,0.0
492053851,Deeraj,0.0
492088766,Sophie Harris,1.0
492099738,Meribel,0.0
492100662,Mark-Pass The Keys,0.0
492104052,Ben,0.0
492116431,Chatratda,1.0
492135326,Ning,1.0
492137394,Marcus,0.0
492190630,Adnan,0.0
492198010,Marta Nora,0.0
492208189,Bee House,1.0
492227930,Suhana,0.0
492229499,Bob W London Paddington,1.0
492250449,Uri,0.0
492273748,Korawin,0.0
492317418,Nuttawat,0.0
492331705,Alen,0.0
492331965,Amabile,0.0
492333769,Danilo,0.0
492334485,Leandro,0.0
492357422,Maggie,0.0
492370265,Rachel,1.0
492372517,Lily,0.0
492373943,Zak,0.0
492447559,Asif,0.0
492449322,Halle,0.0
492457158,Sushant,0.0
492463555,Hon Yuen,0.0
492464419,Vigh,0.0
492465329,Nacharot,0.0
492471558,Dan,0.0
492487530,Gautam,1.0
492511159,Charles,0.0
492513040,Kristian,1.0
492519214,Naseem,0.0
492531808,Ahmed,0.0
492534503,Roy,0.0
492541096,Steven,1.0
492553451,Mukta,0.0
492589900,Jen,0.0
492614538,Stalyn,0.0
492638872,Jerry,0.0
492656662,Narissara,0.0
492668291,Mike,0.0
492677717,Paloma,0.0
492687469,Imtiaz,0.0
492695811,Thamolwan,0.0
492712524,Islam,0.0
492761190,Carl,0.0
492846112,Alevtina,0.0
492855804,TS Residence,0.0
492879955,Kamte,0.0
492886736,Devon,0.0
492926390,Ann,1.0
492963551,Molly,0.0
492966846,Lisa,0.0
492993750,Maher,0.0
493031268,Thanathorn,0.0
493040070,Legacies Estate,0.0
493047076,Nithiporn,0.0
493118275,Forfam At Ekkamai,0.0
493139990,Aimy,0.0
493171616,Burcak,0.0
493208974,Michael William,1.0
493214868,Shirley,0.0
493242426,Pammi,0.0
493253086,Plern Stay Hua Lamphong,0.0
493279822,Ines,0.0
493280375,Maiara,0.0
493280660,Emily,0.0
493281319,Bui,0.0
493285960,S,0.0
493324087,Rutrada,1.0
493381466,Gary,0.0
493394938,Chipego Gift,0.0
493401637,Irene,0.0
493412920,Alice,0.0
493420704,Christian,0.0
493422157,Carina,0.0
493448358,행복한여행,1.0
493454465,Lamine,0.0
493464022,Jeremie,0.0
493465586,Nayeem,0.0
493473793,Chayakorn,0.0
493493499,Maria,0.0
493539924,Rosy,0.0
493542055,Toye,0.0
493578744,Suwen,1.0
493582683,Patpon,1.0
493594674,Campbell,0.0
493665441,Samantha,0.0
493677340,Alex,0.0
493691943,George,0.0
493694034,Alejandra,0.0
493753303,Zenus,0.0
493817070,Jonathan,0.0
493823744,Linda,0.0
493824751,Micahel,0.0
493827575,Jacq,0.0
493836264,Muhammad,0.0
493847760,Hartford Enterprise LTD,0.0
493848137,Muhiddin,0.0
493853967,Rosanne Marieke,0.0
493866964,Elenore,0.0
493876247,Kanticha,0.0
493890758,Michael,1.0
493892356,Sophie,1.0
493986236,Linesin,0.0
494011617,Chelsea,0.0
494019990,Ann Marie,1.0
494028084,Zenithnldn,0.0
494028248,Alex,0.0
494028394,Gabriel,0.0
494028513,Guilherme,0.0
494028637,Zenithwldn,0.0
494029981,Chan,0.0
494038447,Ziyaad,0.0
494057055,Priscila,0.0
494058445,Noureddine,0.0
494058503,Dr.TP,0.0
494071007,Bruno,0.0
494108662,Aryaan,0.0
494130623,Zoe,0.0
494148682,Rob,0.0
494161682,Obi,0.0
494164080,MiN,0.0
494192531,Xiang,1.0
494193294,Nitcha,1.0
494211769,Chanayoot,0.0
494230160,Ratchada,0.0
494233788,Clinton,0.0
494241054,Fabio,0.0
494248112,Emiliano & Claudio,1.0
494256171,Brayn,0.0
494266619,Chularat,1.0
494267729,Diana,0.0
494267968,Luiza Yoanna,0.0
494280772,Julien,0.0
494290512,Park,1.0
494326339,Alireza,0.0
494357135,Jenny,1.0
494398545,Julia,0.0
494412848,Phattanan,0.0
494416949,Stanislav,1.0
494417301,Auditi,0.0
494426526,Gretel,0.0
494449762,Raul,0.0
494482680,Talhah,0.0
494482947,Staci,0.0
494507247,Amanda,0.0
494534654,Neda,0.0
494536589,Omene,0.0
494537421,Abul,0.0
494551653,Yifeng,1.0
494555215,Benjie,0.0
494555869,Hertsuk,0.0
494559649,Camilo,0.0
494561413,Mohamed,0.0
494566554,Ji Stays,0.0
494577440,Patnaree,1.0
494600060,Hugh,0.0
494610475,Joan,0.0
494611436,Woomi,0.0
494619016,Goodplace,0.0
494667536,Jeronimo,0.0
494670845,Noya,0.0
494744908,Sudan,0.0
494779482,Caffeio,1.0
494782954,Aura Stays,0.0
494843394,Naim,1.0
494868739,Momen,0.0
494907318,Ellen,1.0
494951773,Big,0.0
495002696,Yasemin,1.0
495028248,Sandra,0.0
495040302,Hali,0.0
495077011,Jakdej,0.0
495078282,Erwin,0.0
495078560,Kleyder,0.0
495078725,Hasra,0.0
495078914,Cristhyan,0.0
495080183,Paolo,0.0
495104337,二噜,0.0
495138496,Karen,0.0
495139466,Coconut House,1.0
495176031,Khaya,0.0
495177015,Ingrid,0.0
495189069,Lara,0.0
495203700,Ned,0.0
495209619,Eleanor,0.0
495226779,Matthew,0.0
495284161,Susie,1.0
495344006,Chalee,0.0
495368749,Orlanoo,0.0
495369223,Emerald Property Group,0.0
495377962,Humphrey,0.0
495426044,Angelo,0.0
495491903,Klement,0.0
495504443,Nate,1.0
495528254,Rayhan,1.0
495549646,Léon,0.0
495565511,Sue,0.0
495585386,Bon,0.0
495605955,Frank,0.0
495627859,Apple,0.0
495653913,Ploy,1.0
495657344,Mai,1.0
495670062,Liz,0.0
495695427,Quinn Home,0.0
495711195,Flora,0.0
495713838,Opulencé,0.0
495728268,Minaz,1.0
495790676,Henry,0.0
495810604,Erica,0.0
495813958,Zodiac,0.0
495818272,All Night,0.0
495823509,Kelfat,0.0
495836635,Mohib,0.0
495838832,Napassakorn,0.0
495883077,Peteris,1.0
495883954,Riccardo,0.0
495906661,Francis,0.0
495957493,Tina,0.0
495977998,Hussein,0.0
495982890,Kevin,0.0
495991368,Ivana,1.0
495991911,Siriphan,0.0
496011929,Bumblebee,1.0
496017642,Homie Livings,0.0
496062003,Mia,0.0
496064161,Ashleigh,0.0
496065982,Xxx,0.0
496112487,Marta,0.0
496148170,Julie,0.0
496172636,Chris,0.0
496183093,Armando,1.0
496212158,Madeline,0.0
496234913,Sergio,0.0
496247582,Mel,0.0
496261344,Eugénie,0.0
496276194,Ben,0.0
496292378,Indrit,0.0
496312946,Miranda,0.0
496315445,Norberto,0.0
496317040,Taha,0.0
496317900,Belinda,0.0
496318392,Yehya,0.0
496321514,Emanuelly,0.0
496324405,Cleiton,0.0
496356377,Cleo,1.0
496385984,Pavi,1.0
496395757,Martin,1.0
496402478,Masamba,0.0
496410507,Pete And Kaew,0.0
496424978,Adam,0.0
496472857,Roshan,0.0
496478213,Denzel,0.0
496490934,Damian,0.0
496505930,Dawn,0.0
496516677,Jhearn,0.0
496544842,Tk,1.0
496620502,Aditya,0.0
496620739,Ihsan,0.0
496629607,Tint Tint Khine,0.0
496665704,Abegail,0.0
496685647,Kanchana,0.0
496701150,Ghoat,0.0
496748086,Sam,0.0
496779964,Roxana,0.0
496823405,Craig,0.0
496840836,Keyla,0.0
496851519,Jakub,0.0
496894211,Eva,0.0
496909209,Missapartment,1.0
496923978,Peter,0.0
496932437,Deena,0.0
496949081,Hamza,0.0
497042144,Emma,0.0
497051083,Nattheera,0.0
497085822,Hafida,0.0
497141891,Vanessa,0.0
497143428,Gema,0.0
497146637,Adebukola,0.0
497183849,Jovan,1.0
497247405,Aneeka Kristiane,1.0
497284958,Bizhan,0.0
497307446,Ruth Boah,1.0
497347647,Bianca,0.0
497426605,Scott,0.0
497438304,Yee,1.0
497441767,Darran,0.0
497497158,Alex,1.0
497514886,Lita,0.0
497538604,GuestReady,1.0
497585531,Gurkha Stay,1.0
497592255,Audrey,1.0
497620242,Hana,0.0
497630803,Matt,1.0
497673339,Ai,0.0
497678022,Reservations,0.0
497724192,Alice,0.0
497728003,Tessa,0.0
497826453,Leonardo,0.0
497867700,Brookland Stays,0.0
497867791,Nadia,0.0
497902730,Paul,0.0
497960289,Hassan,0.0
497976511,Camilla,0.0
498007717,Hassen,0.0
498015738,Hervé,1.0
498034995,Milena,0.0
498047538,Chapter White City,0.0
498058556,Laura,0.0
498065559,Rajita,0.0
498070718,Mitch,0.0
498145957,Joy,0.0
498157598,Lena,0.0
498181456,Jason,1.0
498184363,Yo,0.0
498194638,Pass The Keys,1.0
498208051,Su,0.0
498213649,Avni,0.0
498223850,Leo,0.0
498226263,Leoni,0.0
498227827,Mani,0.0
498228747,Aussanee,0.0
498237996,Julie,0.0
498256435,Sandra,0.0
498262222,Richard,0.0
498310277,Luis,1.0
498340756,Benjamas,0.0
498344522,Victoria,0.0
498357282,Mehmet,0.0
498370341,Vivian,0.0
498381586,Jean Noel,0.0
498391709,Patrick Leolein,0.0
498453821,Zara,0.0
498519034,Sheila,0.0
498565636,Nick,0.0
498567362,Suzanne,0.0
498612767,Matteo,0.0
498618530,Gabriel,0.0
498619653,Abdelhak,0.0
498620326,Loi,0.0
498620432,Daniel,0.0
498620883,Jose,0.0
498621879,N.Raihanah,0.0
498623334,Gabriel,0.0
498623916,Abdul-Majeed,0.0
498624493,Daniele,0.0
498625107,Jasper,0.0
498629859,Mohamed,0.0
498630219,Ana,0.0
498631708,Melih,0.0
498634046,Leo,0.0
498634663,Anthony,0.0
498634904,Jaqueline,0.0
498645939,Janko,0.0
498646218,Paulina,0.0
498646727,Marian,0.0
498646951,Loith,0.0
498652679,Thip,1.0
498662457,Biswanath,0.0
498663962,Eryk,0.0
498668068,Paul,1.0
498692464,Patchara,1.0
498718691,Irene,0.0
498719601,John,0.0
498725115,Amalia,0.0
498832346,Abbas,0.0
498872187,Alina,0.0
498875760,Naima,0.0
498981535,Easeserve,0.0
498993492,Nitchaya,1.0
498996585,Dillon,0.0
499015857,Thongtape,0.0
499015928,Pearwah,1.0
499015979,Pasquale,0.0
499031414,Gongkrit,0.0
499038245,Ola,0.0
499063643,Reiss,0.0
499089783,Dev,1.0
499142375,Kankanit,0.0
499149738,Charlie,0.0
499152547,Alexander,0.0
499153273,Flávia,0.0
499156626,Osama,0.0
499256780,Sarah,1.0
499271785,Tabassum,0.0
499285851,Nikola,0.0
499291841,Byron,0.0
499295883,Pedro,0.0
499296402,Anson Hotel,0.0
499297525,Amporn,0.0
499307111,Gemma,0.0
499330700,GuestReady,0.0
499343274,Anita,0.0
499417101,Henri,0.0
499442849,Debbie,0.0
499456252,Cholmark,0.0
499535303,Sultan,0.0
499591494,Carolyn,0.0
499634343,Cristy,0.0
499663636,Rubaid,0.0
499669144,Annabel,0.0
499669670,Saeed,0.0
499689065,Mehmet,0.0
499794622,Das,0.0
499796459,Kiera,1.0
499810972,Stephanie,0.0
499815786,⁨ณัฐภรณ์⁩,0.0
499830344,Minister Irene,0.0
499839180,Oz,0.0
499840066,Zubair,0.0
499892194,Monika,0.0
499934928,Nutcha,1.0
499942275,Cathy,1.0
499944902,Izabela,1.0
500100618,Rafael,0.0
500117320,Kristina And Sarifah,0.0
500117819,Ivan,0.0
500120582,Larry,0.0
500131784,Chiltern Street Apartments,1.0
500137928,Simon,0.0
500217470,Eqramulhak,0.0
500232882,Hany,1.0
500242315,Unwind Management,0.0
500249867,Acacia Homes,0.0
500252402,Chloe,0.0
500254653,⁨ผกาสินี⁩,1.0
500276864,Simona,1.0
500301641,Mika Ab,0.0
500312499,Warren,0.0
500317593,Litsa,0.0
500344093,Azize,0.0
500345542,Homies Ratchada Hometel,1.0
500371796,Rowena Liangru,0.0
500418194,Poh Ling,0.0
500424022,Fabio,0.0
500431198,Farmony,0.0
500458701,Marzieh,0.0
500461468,Tom,0.0
500503050,Aleenna,0.0
500536817,Kat,1.0
500631865,Charles,0.0
500637453,Abi,1.0
500653320,Juliana,0.0
500657283,Sonia,0.0
500684110,Panom,0.0
500696672,Mond,1.0
500703733,Dirk,1.0
500708088,Mohammed,0.0
500730365,Yulia,0.0
500734785,Jordan,0.0
500784244,Kate,0.0
500785506,Ad,1.0
500795223,Kevin,0.0
500808473,Ekaterina,0.0
500814521,Xin,1.0
500841746,Adam,0.0
500876575,Cliff,0.0
500877320,In The Mood For Life @Bangkok,0.0
500894920,Bohdan,0.0
500904445,Adam Zaib,1.0
500920930,GuestReady,0.0
500927525,Muhammad Azhar U,0.0
500958280,Haewon,0.0
500967733,Nicquan,0.0
500968260,Saleem,0.0
500971386,Emad,0.0
501001866,Mohamad,1.0
501005408,Samuel,0.0
501032849,Mac,1.0
501090128,Saheed,0.0
501126311,Mamusu Theresa,0.0
501138444,Sanjay,1.0
501175776,Jeanette,0.0
501190104,Csaba,0.0
501194885,Maged,0.0
501254233,Kamilah,0.0
501257589,Syed Shahzor,0.0
501283537,Syed,0.0
501283707,Maria From Ascott Thonglor,1.0
501286411,Tee,0.0
501299518,พัชรดนัย,0.0
501300439,Chutima,0.0
501321902,Avari Apartments,0.0
501341473,Tushane,0.0
501378023,Louisa,1.0
501396020,Shrikant,0.0
501423097,Maureen,1.0
501444075,Anna,0.0
501489936,Anastasia,0.0
501501077,Ping,1.0
501508071,Shahnaz,0.0
501532057,Ziyad,0.0
501602512,⁨ยิ่งลักษณ์⁩,0.0
501607076,Beenest,1.0
501617315,Sylvia,0.0
501640413,Anthony,0.0
501656468,Lee,0.0
501686002,Tesfu,0.0
501740652,Bonny,1.0
501743849,E.K,0.0
501755309,Bo,0.0
501797169,Braxton,0.0
501800171,Sursilp,0.0
501813928,Alice,0.0
501856019,Ruth,1.0
501867363,Lucy,0.0
501915640,Adam Pawel,0.0
501920630,LeFoyer,0.0
501923344,Faaiza,1.0
501976504,Nabil,0.0
501985242,Ch. Prud,0.0
501999398,Chibuzor,0.0
502013258,Bella,0.0
502019796,JGI Property,1.0
502056149,Khaled,1.0
502074093,Janis,0.0
502085592,Mark,0.0
502093572,Placespace,1.0
502118018,Kwame,0.0
502124776,Patricia,0.0
502192373,Matthew,0.0
502195315,Sasan,1.0
502233723,Sunny,0.0
502252126,Andy And Hayley,0.0
502327382,Eduardo,0.0
502335886,Phillip,0.0
502347838,Kuhn A,0.0
502348694,Sitta,0.0
502361441,Thanya,1.0
502371718,Sanjam,0.0
502387041,Usa,0.0
502404334,Sally,0.0
502413062,Maian,0.0
502440905,Shah,0.0
502459255,Sandro,0.0
502486161,Charlie,0.0
502516146,Leo,1.0
502542572,Michael,0.0
502571872,Pass The Keys,0.0
502582657,Eunice,0.0
502585472,Kieran,0.0
502635736,Elena,1.0
502695666,Raj,0.0
502695876,Paul And Paula,0.0
502699579,Elysia,0.0
502717075,Albert,1.0
502717718,Chris,1.0
502782868,Martin,1.0
502823400,City Holdings,0.0
502833601,นายบัญชา,0.0
502848538,Nadine,0.0
502852900,Paige,0.0
502896325,Poppy,0.0
502948508,Root,0.0
502956332,James,0.0
502959855,Sony,1.0
502961619,Prin,0.0
502965877,Mohand Mohyeeldin A,0.0
502971176,Matthew,1.0
502976462,William,0.0
503004228,Deven,0.0
503023117,GuestReady,0.0
503037118,Nicos,1.0
503054473,Shihan,0.0
503067286,Adi,0.0
503072775,Muzamil,0.0
503072947,Yoko,1.0
503100006,Steve,0.0
503100997,Yoleni,0.0
503133898,Zhou,0.0
503182465,Jyanne,0.0
503191965,Ceren,0.0
503274153,Aroma Property Stays,0.0
503331047,John,0.0
503338865,Adrian,1.0
503346535,Marbell,1.0
503348973,Doma Homes,0.0
503387040,Andreia,0.0
503423501,Aylin,0.0
503453999,Lucas,0.0
503476941,Distorn,0.0
503487466,Michelle,1.0
503488127,Ozzy,0.0
503492734,Esther,1.0
503497135,Mari,1.0
503501164,Kate,0.0
503503290,Charles,0.0
503504378,MyLondonHop,1.0
503510201,Richman,1.0
503512745,Onis,0.0
503515797,Yassin,0.0
503520069,Lin Lin,0.0
503537463,Sandra,0.0
503541619,Sean,0.0
503645565,Ibn,0.0
503647888,Saadia,0.0
503656394,Oghenetega,0.0
503721102,Eve,0.0
503738267,Hang,1.0
503768471,Thanat,0.0
503777918,Ed,0.0
503786022,Preme,0.0
503896157,Wan,0.0
503907829,Sasithon,0.0
503928815,Oraya,0.0
503979269,Wuttaya,0.0
504011186,Courtney,0.0
504020354,Florence,0.0
504034773,Alvin,1.0
504049565,Jessie,1.0
504083248,Jassica,0.0
504092494,Lucky,1.0
504106654,Roberta,1.0
504125531,Silvia,0.0
504167082,Meeta,0.0
504185905,Diana,0.0
504187026,Terry,1.0
504203721,Remon,0.0
504208923,Keish,0.0
504249333,Chotanan,0.0
504273135,Camilo,0.0
504273522,Pacharanut,0.0
504311587,Stefan,0.0
504397002,Abbey,0.0
504399370,Silvio,0.0
504408777,Chai,1.0
504422371,Mara,1.0
504423531,Pradeep,0.0
504426128,Lilian,0.0
504448121,Kai,1.0
504468678,Jack,0.0
504469645,Pass The Keys,1.0
504515894,Mohammed,0.0
504523856,Shakil,0.0
504552732,Pimsorn,0.0
504569240,House,0.0
504571181,Adeagbo,0.0
504579591,⁨P.K.⁩,1.0
504588995,Achraf,0.0
504597478,Agnes,0.0
504626419,Stanley,1.0
504638582,Salah,0.0
504649670,Le,0.0
504710869,Harry,0.0
504714488,Bob W London Tower Hill - Studios,1.0
504720696,Matthew,0.0
504732658,Karen,1.0
504739975,Boy,1.0
504740100,Dara,0.0
504746368,GuestReady,0.0
504760074,Parvez,0.0
504794268,Athit,1.0
504845651,David,1.0
504850169,Amber,0.0
504876241,Passapol,1.0
504952729,Tadsaran,0.0
504958166,Kelley,0.0
504972499,Ailish,0.0
505003181,Chaithanya,0.0
505007487,Mojahar,0.0
505058426,Aileen,1.0
505072554,Naree,1.0
505087409,London-Stay.Co.Uk,1.0
505165112,Aphrodite,1.0
505166526,Gift Sirinun,1.0
505170074,Alex,0.0
505205509,Andi,1.0
505207327,Tim Pass The Keys,0.0
505231979,Ali,0.0
505235383,Neil,0.0
505255105,Muhammad,0.0
505266436,Idai,0.0
505272961,Sol,1.0
505305829,Prime Real Estate Int Ltd,0.0
505327073,Sean,1.0
505409723,Guirong,0.0
505417550,Manjula,0.0
505425445,Jay,0.0
505426388,Vito,0.0
505429031,Raul,0.0
505443379,Scarlett,0.0
505497704,Jose Julian,0.0
505541900,Heva Heaven,0.0
505548955,Wit,0.0
505578090,Holly,1.0
505629264,Julie,0.0
505640382,Tomasz,0.0
505642528,Alison,0.0
505652004,Chloe,0.0
505655780,Zachary Nicholas,1.0
505729103,Kate,1.0
505747265,Zahid,0.0
505771383,Tom,0.0
505817675,Andy,1.0
505820021,Yogesh,0.0
505865759,Jay,0.0
505916696,MTW Homes,0.0
505946830,Adil,0.0
505950925,Nawarat,0.0
505973636,Li Li,1.0
506009538,Urban Stay,0.0
506024798,Anongwadeee,0.0
506040169,Helen,0.0
506041844,Wb,0.0
506055805,Fadi,0.0
506060889,Andreea,1.0
506066439,Olympia,0.0
506079479,Rebecca,0.0
506082582,Harriet,0.0
506103349,Lily,0.0
506139509,Jonathan,0.0
506159738,Foanne,0.0
506161720,Maitri,0.0
506194757,Jate,0.0
506207626,Synsiri,0.0
506215640,Jasmine,0.0
506217499,Solidea,0.0
506238879,Safi,0.0
506280188,Vaida,0.0
506280386,Audrey,1.0
506296776,Goutham Sastri,0.0
506307654,Darya,0.0
506316156,M,0.0
506333952,Sarper,0.0
506350641,Mark,1.0
506352422,Lily,0.0
506367337,Ahmad,1.0
506370923,The 9 Residence Hotel,0.0
506375618,James,0.0
506390448,Daniela,0.0
506412583,Thapanee,1.0
506435543,Vera,1.0
506529807,Palm View,1.0
506541515,Cleveland Residences Paddington,0.0
506559310,Yeong Yih,1.0
506562958,Bilal,0.0
506581610,Sonya,0.0
506610991,Dean,0.0
506646022,Myrtle,1.0
506674039,Arlowe Baxter,0.0
506676751,Claudia,1.0
506682667,Lisa,0.0
506686297,Alicia,0.0
506692521,Marie-France,0.0
506693221,Eric Olsen,0.0
506697436,Vicki,0.0
506736981,Kathleen,0.0
506763040,Farouq,0.0
506778439,H.M,0.0
506787013,Marianna,0.0
506822982,Chutima,0.0
506825174,Mark,1.0
506825280,Arisa,1.0
506834281,Marzena,0.0
506845371,Sylvia,0.0
506849533,Ashmathu,0.0
506894471,Mourad,0.0
506904912,Sanyu,1.0
506919076,Babs,0.0
506937465,Robyn,0.0
506973363,Calia,0.0
506984016,Houssein,0.0
506995641,Julia,1.0
507007961,Salee,0.0
507016700,Ray,0.0
507038994,Rachele,0.0
507040170,Isabel,0.0
507094332,Emma,0.0
507097876,Rose,0.0
507101756,Rungtiwa,0.0
507102069,Alex,1.0
507120934,Juan,0.0
507141804,The Baron Marc Francis,0.0
507164424,Tee,0.0
507207485,Ahmed,0.0
507209260,Artie,0.0
507244908,Gems,1.0
507258950,Ana,0.0
507261838,Nattawin,0.0
507264500,Ollie,0.0
507265073,Rebecca,0.0
507265095,Phorntipa,1.0
507268117,Xian,0.0
507268177,Nitipon,0.0
507292842,Sam,0.0
507295288,Priscilla,1.0
507306048,Vishal,0.0
507348461,Winta,0.0
507352961,Joe,0.0
507355224,Trisha,1.0
507373583,Ellesse Suites,0.0
507413094,Sofei,0.0
507430762,City,0.0
507431817,Flow Living,1.0
507449465,Sean,1.0
507455643,Josh,1.0
507459491,Alex,0.0
507468962,Saira,0.0
507508194,Roseline,1.0
507519343,Enes,0.0
507523226,Aline,0.0
507536067,Abbas,0.0
507537845,Wantoon,1.0
507551834,Andrew,1.0
507577202,Warangkana,0.0
507618273,Katharine,1.0
507635077,Mujahid,0.0
507712801,Ju,1.0
507722974,Flagship,0.0
507723125,Joanna,1.0
507729581,Payaq,0.0
507737727,Andy And Lucy,0.0
507748792,Nuttapong,1.0
507789820,Ivan,1.0
507812279,Lee,0.0
507825236,Sally,0.0
507832291,Ehsan,1.0
507833281,San,0.0
507873834,Sant,1.0
507875531,Alessandro,0.0
507884914,Henry,0.0
507884934,Lara,0.0
507886508,Monique,0.0
507913126,Yufei,0.0
507941095,Ahmad,0.0
507957685,Elza,0.0
507963614,Hafiz,0.0
507968105,Gavin,0.0
507980899,Ana,1.0
507988135,Zahra,0.0
507999867,Serein Collection,1.0
508000188,Damiano,0.0
508012264,Hanna,0.0
508024514,Saba,0.0
508025572,Rieva,0.0
508026401,Airy,0.0
508078144,Lan,0.0
508108663,Mert Ali,0.0
508125992,Huda,0.0
508144864,Michael,0.0
508155111,Kaz,1.0
508164890,Kwasi,1.0
508167288,Ange,0.0
508181453,Frederic,0.0
508202593,Mustafa,0.0
508217009,Nattamon,0.0
508264996,London Stay,0.0
508297147,Indy,1.0
508330211,Joy,0.0
508331451,Brayan,0.0
508341914,Taharqa,1.0
508348937,村上,0.0
508350747,Estelle,0.0
508363576,Ivan,1.0
508370867,Krasimira,1.0
508393593,James,1.0
508418613,Adam Luxury Studios,1.0
508420928,Zoe,1.0
508452577,Santiago,0.0
508454312,Emilija,0.0
508455380,Theeradet,1.0
508456368,Aloe,0.0
508479048,Darren,1.0
508485397,Cc,0.0
508492244,Josie,0.0
508522737,London Lodge Hotel,0.0
508542911,Tyrone,0.0
508571769,Donnella,1.0
508641533,Koye,0.0
508672846,Mehik,0.0
508675197,Tetiana,0.0
508684044,Kelly,0.0
508706536,Joanna,1.0
508792456,Adam,0.0
508813497,GuestReady,0.0
508841697,Anita,0.0
508842921,Ken,0.0
508844633,Pandora,0.0
508846510,Lin,0.0
508859959,Tina,0.0
508889292,Crosswater,1.0
508898923,Amzad,0.0
508923074,Potji And Co,0.0
508933620,J Place,1.0
508941956,Yanping,1.0
508946606,Mariea,0.0
508947035,Poj,0.0
508957566,Al,0.0
508993853,Carmen,0.0
509012101,Bianca,0.0
509027540,Mazhar,0.0
509042189,Daniele,1.0
509049680,Reshma,0.0
509064904,Noel,1.0
509067550,Latcha,0.0
509081075,Cherish Stays,0.0
509090241,John,0.0
509090457,Nathan,0.0
509098420,Nat,0.0
509109772,Ethem Ahmet,0.0
509120367,Jurgita,0.0
509212182,Tom,0.0
509215837,Gilon,0.0
509217130,Aivar,0.0
509252846,Marwan,0.0
509254974,Ali,0.0
509271253,Anna Teresa,1.0
509347735,Alexandru,0.0
509354998,Femi,0.0
509365553,Sandra,0.0
509369656,Jamie,1.0
509373676,Oyins,0.0
509378259,Alina,0.0
509379757,Claudio,0.0
509380031,JA Property Rentals,1.0
509387733,Londoners,1.0
509398039,Laure,0.0
509399782,Pamela,1.0
509401639,Thanyaluck,1.0
509417611,Lesley,1.0
509437981,Reza,1.0
509441855,Elijah,0.0
509459980,Basak,0.0
509505549,Amelia,1.0
509509945,Ziya,0.0
509512383,Kanyapak,0.0
509520970,Violeta,1.0
509535179,Ola,0.0
509554341,Philip,0.0
509558969,Pass The Keys,1.0
509561560,Sarojeenee,0.0
509575645,Malte Neuermann,0.0
509638701,Pedro,0.0
509661929,Rosa,0.0
509673840,Tony,0.0
509678884,Somerset,0.0
509683884,Nima,0.0
509685093,Thomas,0.0
509697234,Simon,0.0
509700826,Peng,1.0
509712684,Thee,0.0
509716067,Zo,1.0
509722344,Paul,0.0
509758140,Maryann,0.0
509763835,Kerrie-Ann,0.0
509794501,George,0.0
509795445,Atha,1.0
509806158,Ibtihel,0.0
509841822,Charley,0.0
509847714,Samantha,0.0
509858797,⁨Jw867⁩,0.0
509871316,Jack,0.0
509889377,Arda,1.0
509948385,Anderson,0.0
509968175,Anna,0.0
509989520,Chris,1.0
510012429,Yo-Yo,0.0
510016585,Ayum,1.0
510025098,Eamon,0.0
510052112,Vb,0.0
510070534,Gul,0.0
510072902,Yan,0.0
510116701,Scott,0.0
510143619,London,0.0
510149231,Hazel,0.0
510150103,Ahmed,0.0
510160269,Alex,0.0
510223060,Sam,0.0
510246439,Bill,0.0
510253670,Layla,0.0
510260770,Haven,0.0
510270974,Kieran,1.0
510275437,Norbert,0.0
510276971,James,0.0
510281904,Jean,1.0
510339199,Charlie,0.0
510343763,Christiane,1.0
510358412,Sarah,0.0
510371612,Jamil,0.0
510373109,Sean And Grete,1.0
510385476,Ceyhan,0.0
510405300,Jason,0.0
510408097,Bruno Enrico,1.0
510419627,Kiran,0.0
510484094,Marcin,0.0
510489061,Florina,0.0
510514107,Jonathan,0.0
510525857,Mohammed,0.0
510591084,Deborah,0.0
510596691,Paul,1.0
510601130,Kartikeya,0.0
510624670,Nicole,0.0
510627141,Papatsara,1.0
510646565,Princes Square,0.0
510653441,Ani,1.0
510694235,Lola,0.0
510737771,Ted,0.0
510743522,Naria,0.0
510751826,Majid,0.0
510753381,⁨ณัฐสินี⁩,0.0
510763082,Nik,0.0
510797493,Andrew,0.0
510806175,Bathai,1.0
510836942,Elen,0.0
510855950,Andrea,0.0
510879194,Nasiratu,0.0
510890751,Angelina,1.0
510892203,⁨Apartment 20⁩,0.0
510908718,Surren,1.0
510909276,Fidelis,0.0
510921090,Mary,0.0
510946522,Avi,0.0
510957477,Dorin,0.0
511001399,Mandy Chow,0.0
511027722,Nam From Citin Eleven Hotel,0.0
511057085,Oscar,0.0
511064929,Hostmaker,1.0
511085972,Nadia,0.0
511093905,Saiful,0.0
511109219,Pakin,0.0
511140584,Robert,0.0
511180585,Amir,0.0
511201287,Krishan,0.0
511227459,Ingrid,0.0
511238119,Mahesh,0.0
511269759,Hamilton,0.0
511310118,Ittiphong,0.0
511382900,Thananya,0.0
511426937,James,0.0
511427339,Flo,0.0
511436332,Tasleem,0.0
511456950,Tania,0.0
511467132,Liza,0.0
511490116,Niyat,0.0
511493028,Jane,0.0
511525343,Mathieu,0.0
511531404,Momina,0.0
511537244,Richard,0.0
511573215,Kate,0.0
511640056,尚,0.0
511653828,Balak,0.0
511689959,Cc,0.0
511700934,Amanda,1.0
511701558,Xian,1.0
511719711,Amina,0.0
511765597,Mustafa,0.0
511809184,Chris,0.0
511836800,Christopher,0.0
511851913,Philip,0.0
511859364,Reuben,0.0
511929043,Neha,0.0
511931686,Rizwan,1.0
511935065,Tina,1.0
511970654,Gary,0.0
511982207,Faith Adejoke,0.0
511989679,Arup,1.0
512052777,Brads,0.0
512096105,Angela,0.0
512100074,Rudraksh,0.0
512103531,Mark,0.0
512132844,Maddie,0.0
512138719,Laura,0.0
512144901,Hong,1.0
512179674,Vivienne,1.0
512270334,David,0.0
512274458,Homayoun Ardestani,0.0
512298198,Gio,1.0
512302440,Esha Rishi,0.0
512323655,Abena,0.0
512346638,Robi,1.0
512367481,Oliver,0.0
512376512,Henley Living,0.0
512404566,Kim,1.0
512429325,Nevid,0.0
512442208,Joelson,1.0
512455013,Steven,1.0
512478529,Zameer,0.0
512500094,Rhoda,0.0
512544298,Thuy,0.0
512558670,Baan Arthit,0.0
512570689,Janet,1.0
512572828,GuestReady,0.0
512582566,Sophie,0.0
512583430,Lucas,0.0
512591532,Robina,1.0
512595337,Paul,0.0
512595552,Allan,0.0
512596961,Chanikarn,0.0
512605978,Afua,0.0
512609444,Aran,0.0
512610567,Frankie,0.0
512617006,Tchl,0.0
512617943,Angie,0.0
512636371,Sri,0.0
512644858,Kathy,0.0
512645028,Prime Properties,1.0
512655819,Jelizaveta,0.0
512733166,Napida,0.0
512751141,Arjun,0.0
512806283,Darren,0.0
512862532,Greg,0.0
512916544,Michael,0.0
512920880,Mr Magic,0.0
512922565,Oluseyi,1.0
512925229,Mia,0.0
512927026,Nicolas,0.0
512938450,Valeria,0.0
512945426,Sobaan,0.0
512947593,Anita,0.0
512988483,Mattia,0.0
513001491,Gloria,1.0
513025767,Maria,1.0
513031294,Tanya,0.0
513066999,Kristel,1.0
513067912,Samuel,1.0
513082127,Ani,0.0
513100535,Tom,0.0
513145520,Lavinia,0.0
513178168,Greg,0.0
513194272,Pp,1.0
513218374,Ugochukwu,0.0
513220416,Away Bangkok Riverside Kene,0.0
513222649,Soraya,1.0
513225658,Duangjit,0.0
513245678,Ember Locke,0.0
513249234,Issam,0.0
513281832,Lukman,0.0
513293058,Carlos Didier,0.0
513306354,Kemila,1.0
513311849,Yaz Hafidh,0.0
513312035,Memuna,0.0
513316112,Sheena,0.0
513331302,Ola,0.0
513347986,Brown's,0.0
513367801,Mitesh,0.0
513375450,Laleh,0.0
513381545,Ryan,1.0
513384647,Adnan,0.0
513391903,Cami,0.0
513394539,Daniele,0.0
513458629,Mouhcine,0.0
513462549,Manor,0.0
513474526,Angiee,0.0
513481249,Kadir,0.0
513507016,Oliver,0.0
513508413,Judy,0.0
513517924,Peerasuk,0.0
513526510,Amar,0.0
513529437,Pamadee,1.0
513554468,Suhit,0.0
513573243,Trex,1.0
513589529,Yun,0.0
513624747,Sajjad,0.0
513627924,Theodoros Homer,0.0
513640070,Max,0.0
513649121,Billie,0.0
513674032,Ata,0.0
513677465,Reina,0.0
513690685,Pimpaka,0.0
513705157,Damola,0.0
513731027,Aloe And Nick,0.0
513758932,Nadia,0.0
513768004,Wajee,0.0
513800259,Hilal,0.0
513813111,Renata,0.0
513831242,Carolina,0.0
513876034,S,0.0
513883063,จิตตฤณ,0.0
513898608,Judit Elena Østern,0.0
513929561,Ufuk,0.0
513945497,Thansita,0.0
513964874,Jennifer,1.0
513988239,Neda Media,0.0
514019769,Rose Napassorn,1.0
514023198,Chutipong,1.0
514043326,Dao Hua,0.0
514047383,Alexandre,0.0
514077343,Raazia,0.0
514107165,Grace,0.0
514159146,Akin,0.0
514166330,Amie,1.0
514166735,Tin Trung,0.0
514200777,John,0.0
514209949,Diana,0.0
514234035,Joe,0.0
514236147,Michael,1.0
514253582,FRIEND NEST Homestay Bangkok,1.0
514285478,Maria,0.0
514308159,Veronica,0.0
514313431,Ismail,1.0
514364299,Kim,0.0
514364868,Philip,0.0
514377717,Mo Bangkok,0.0
514387756,Yo Property,0.0
514395842,George,0.0
514411603,Sky,0.0
514548306,Federico,1.0
514549381,Immy,0.0
514615789,Nancy,1.0
514644112,Helena,1.0
514664947,Tomas,0.0
514670382,Philippa,0.0
514672366,Uking,0.0
514675606,Rachael,0.0
514687093,Jen,0.0
514709751,Cleib Alex,1.0
514715806,Anthony,0.0
514729075,Mingxi,0.0
514749786,Jessica,0.0
514754273,Urme,0.0
514768530,龙,0.0
514768665,Ella,0.0
514770166,Nancy,0.0
514796908,Cho,0.0
514807722,谢姑娘villa Hotel,1.0
514811937,Ethan,1.0
514812720,Prin,0.0
514843271,Victoria,1.0
514844975,杰文,0.0
514894140,Patricia,0.0
514911889,Fiona,0.0
514918627,Kenneth,0.0
514922129,Lalita,0.0
514932583,Daisy,1.0
514946982,Zhengyang,0.0
515004376,Rachel D,0.0
515011815,Siya,0.0
515064021,Mas,0.0
515082624,Tee,0.0
515087585,Ahmad,0.0
515147715,Citin Pratunam,0.0
515151144,Sharlene,1.0
515154116,Chanya,0.0
515204086,Jean-Luc,0.0
515208831,Alexander,0.0
515247133,Paulo,0.0
515254604,Shakoor,0.0
515281526,Orawan,1.0
515285676,⁨อภัสนันท์⁩,1.0
515298453,Phimpakarn,0.0
515302243,Leslie,0.0
515319690,Victoria,0.0
515323935,⁨Multilink Corporation Ltd.⁩,0.0
515354032,Diego,0.0
515358878,Jane,0.0
515362913,Arshadhafeez,0.0
515439611,SleepEasy,0.0
515444828,Yingchao,0.0
515483536,Viren,1.0
515489913,Sarah,0.0
515534473,Gabriel Inacio,0.0
515586489,Louis,1.0
515661898,Katarina,0.0
515669289,Will,0.0
515673469,Mosh,0.0
515710119,Alisa,0.0
515752983,Jon,0.0
515842682,Laura,0.0
515876308,Wiroj,0.0
515878288,Maxwell,0.0
515883458,Ian,1.0
515919265,Bryant,0.0
515926363,Muhammad,0.0
515934791,Peng,0.0
515946016,Lara,0.0
515964748,Vijay,0.0
515972446,Lindi,1.0
515972611,Peter,0.0
515975284,Mark,0.0
515983459,Samdel,0.0
515991013,Bennett,0.0
515993901,Brinda,0.0
516018905,Allex,1.0
516043114,Greta,1.0
516112875,David,0.0
516114932,Deanna,1.0
516125517,Jasleen,0.0
516127672,Lv,1.0
516147718,Ad,0.0
516156931,Ali,0.0
516157084,Avishai,1.0
516164398,Victoria,0.0
516171220,Claudio,0.0
516175338,Danny,0.0
516245163,Hao,0.0
516273850,Dominic,0.0
516277686,Nexi,1.0
516288507,Bao Yen,0.0
516293016,Tony,0.0
516295726,Caroline,0.0
516297805,Jean,0.0
516309335,Kanin,0.0
516316088,⁨Grace (Chen)⁩,1.0
516333869,Carleen,0.0
516336111,Ali,0.0
516396512,Rubel,0.0
516420296,Victoria,0.0
516450408,Rujira,0.0
516456639,Wisut,1.0
516461356,Sarah,0.0
516462130,Nuria,0.0
516466749,Harvey,0.0
516469199,Su,0.0
516475588,Mo,0.0
516478003,Elvis,0.0
516497736,Priyanan,0.0
516498733,Duane,0.0
516536398,Craig,0.0
516563944,Regina,0.0
516609859,Siamak,0.0
516612784,Siriwan,0.0
516624608,Michael,0.0
516664302,Sally,0.0
516679220,Pauline,0.0
516707756,Bo,0.0
516707883,Rebby,1.0
516728410,Daniel,0.0
516765682,Kannattha,0.0
516792591,Jason,0.0
516796558,Sheida,0.0
516823152,Hilda Beatriz,0.0
516823339,Jonathan,1.0
516827440,Jing,0.0
516878430,Wei,1.0
516878650,Katia,0.0
516935257,Kai,1.0
516952246,Jessica,1.0
516957341,Kaloyan,0.0
516960638,David,0.0
516962946,Trisha,1.0
516969241,Book Direct Short Lets,1.0
516972508,Talha,0.0
516982223,Omar,0.0
516982394,Nina,1.0
516995543,Sherif,0.0
517010399,Zeina,0.0
517020437,Monica,0.0
517022422,Babs,0.0
517028330,Khilen,0.0
517034837,Nuchrudee,0.0
517100873,Betty,0.0
517111168,Ramona,1.0
517112162,June,0.0
517118053,Elias,0.0
517118925,Nina,0.0
517201439,Yesim,0.0
517238897,SuTieng,1.0
517256318,James,1.0
517276397,Reservation,0.0
517278171,Francisco Antonio,0.0
517301450,Jenna,0.0
517319246,Bennett,0.0
517345447,Anas,0.0
517425107,Kashfi,0.0
517464139,Praveen,0.0
517468298,Sophie,1.0
517514775,Ale,0.0
517519469,Jose Antonio,0.0
517533732,Ewa,0.0
517636849,Mark And Joy,1.0
517644080,Rehan,0.0
517648986,Pasit,0.0
517671742,Nelson,0.0
517675765,Vittawas,0.0
517679535,Danijela,0.0
517725033,Adekite,0.0
517753525,Abdullah,0.0
517765724,Nilesh,0.0
517767600,August 媛媛,0.0
517798960,Ashwin,1.0
517824671,Liubka,0.0
517828240,Anchalee,0.0
517837368,Kiki,0.0
517837625,Suite Inn,0.0
517843567,Milk,1.0
517851573,Jigdeep,0.0
517853962,Okere,0.0
517887323,Bhadresh,0.0
517888412,Rocco,0.0
517953768,Helen,1.0
517991360,Zoe,1.0
517994050,Elle,0.0
517995594,Abdul,1.0
517997618,Wioletta,0.0
518011262,Thu,0.0
518025894,Susan,0.0
518081444,Hanna,1.0
518096233,Cleary,1.0
518118183,⁨สุปรียานันท์⁩,0.0
518129473,Chanidapha,0.0
518136292,Paulette,0.0
518138532,Nhu,0.0
518159381,Franco,1.0
518165555,Johnson,0.0
518180072,Sunil,0.0
518193265,Espe-Pass The Keys,0.0
518219373,Ben,0.0
518237006,Caroline Sophie,0.0
518268746,Cherilynn,0.0
518286771,Karl,0.0
518294860,Zaid,0.0
518307019,⁨Peter(Zhi Yuan)⁩,1.0
518322790,亞洲樂悠居,0.0
518336382,Sethakorn,1.0
518364053,Aktar,0.0
518368243,Gerard,0.0
518416889,Asko,0.0
518421158,Armaan,0.0
518438177,Danny,0.0
518493347,Olatokunbo Adenike E,0.0
518507167,Adrian,1.0
518517010,Amie,0.0
518518835,Karen,1.0
518522534,Ghazala,0.0
518535947,Jitrapat,0.0
518538199,Teresa,1.0
518557749,Zouheyr,0.0
518572884,Plamen,0.0
518591000,Ayana,0.0
518598571,Felipe,0.0
518613969,Isaac,0.0
518621554,Ahsan,0.0
518664784,Glenda,0.0
518672432,Bhudsarapa,0.0
518682823,Prarthana,0.0
518699044,Reine,0.0
518704391,Belinda,0.0
518706090,Minnie,1.0
518712500,Emma,0.0
518714582,Lilly,0.0
518750892,Shaquille,0.0
518776191,Irfan,0.0
518783690,Chris,0.0
518784146,Shubhangi,0.0
518786409,Santex,0.0
518835781,Emily,0.0
518852854,Payson,0.0
518857018,Thomas Peter,0.0
518858937,Joseph,1.0
518872644,Pass The Keys,0.0
518882054,Matt Smith,0.0
518883920,Paula,0.0
518896978,Sagar,0.0
518900349,Aysen,0.0
518936562,Carlo Antonio Efrain,1.0
518938972,Katerina,1.0
518958991,Wahida,0.0
518960296,Karima,0.0
518968909,Mohammad,0.0
519018144,Paula,0.0
519045145,Sepideh,0.0
519049979,Wei,1.0
519051811,Ismet,0.0
519064518,Romravee,1.0
519068222,Crystal,0.0
519079276,Travis,1.0
519088202,Alex,0.0
519094760,Jade,0.0
519096764,Hong,0.0
519111276,Daniela,0.0
519146331,Ladi,0.0
519186950,Tori,0.0
519187865,Jane,0.0
519205614,Bolanle,0.0
519206108,Ben,1.0
519318518,Loreen,1.0
519340187,Vhon,0.0
519361407,Kezhen,0.0
519371282,Mo,0.0
519393451,Cynthia,1.0
519405560,Hyang,0.0
519411368,Peter,0.0
519439737,Darunee,0.0
519526685,GuestReady,0.0
519541656,Mr.Voraphot,0.0
519542556,Curtis,1.0
519543918,Theo,0.0
519548081,Giuseppe,0.0
519553853,Semih,0.0
519565506,Mandy,0.0
519572187,Sara,0.0
519575742,GuestReady,1.0
519581655,Pany,0.0
519611523,Samir,1.0
519626508,Olutoyin,1.0
519628306,Hafisa,0.0
519643922,Olga,0.0
519652938,Cohan,0.0
519670974,Kaveh,0.0
519746499,Luke,0.0
519757313,Emre,0.0
519758414,Claire,0.0
519760174,Crystal,0.0
519770838,Rhys Marc,0.0
519799454,Citynest Home,1.0
519816690,Carmen,1.0
519908636,Richard,0.0
519921154,Phoonsuk,0.0
519945528,Ava And Team,0.0
519950815,Two Sleep DMK Airport Bangkok,0.0
519952765,Jennie,1.0
519966950,Sandrine,0.0
519991532,Millie,0.0
520027398,Taiwo,0.0
520060316,Masoud,0.0
520097143,Anyarin,1.0
520104007,Rayan,0.0
520110860,Thirathep,0.0
520245431,Pik Kuen,0.0
520252274,Smita,1.0
520264115,Andrew,0.0
520272946,许多多,0.0
520279264,Perminder,0.0
520279689,Victoria Everest,0.0
520288982,Fe Paula,0.0
520298932,Max,0.0
520318516,Fahmida,0.0
520397710,Chris,0.0
520404781,Joe Chirasak,0.0
520428849,Korina,1.0
520432368,Kevin,0.0
520440214,Nameer,0.0
520445867,Joyce,0.0
520463145,John,0.0
520513667,Arda,0.0
520514957,Abdulrehman,0.0
520515524,Jamileh,0.0
520554550,Dian,1.0
520568842,Jin,0.0
520593225,Kelly,0.0
520612394,Sasin,1.0
520619239,House Of Machine,0.0
520654789,Kimmy,1.0
520677841,Emma,0.0
520730148,Kumarasamy,0.0
520748405,Abdulqadir,0.0
520755725,Simone,0.0
520782198,Mercin Antonio,0.0
520792695,Luis Felipe,0.0
520794766,Cian,0.0
520803081,Ibrahim,0.0
520808457,Andrew,1.0
520810189,Jamal,0.0
520814795,Sussex House,0.0
520815607,Eric,1.0
520822349,Attapon,0.0
520833193,Miranda,0.0
520854579,Aishat Oyindamola,0.0
520859698,Ming-Le,0.0
520871790,Noorjahan,0.0
520899228,Rhomolo,0.0
520901144,Kingsley,0.0
520904205,Louise,0.0
520922104,Omar,0.0
520923163,Murtaza,1.0
520947547,Aki,0.0
520956279,Punthill Parramatta,0.0
520976492,Phra Nakhon Poshtel,0.0
520987989,St,0.0
520991840,Paul,0.0
520992420,Ali,0.0
520999317,Vilma,0.0
521008934,Heenal,0.0
521131173,Jana,0.0
521161953,Chandrika,0.0
521183595,Haris,0.0
521184233,Cherry,1.0
521211635,Sunny,0.0
521212645,Oleksandra,0.0
521223069,Pup,0.0
521228898,Ciaran,0.0
521237866,Javed,0.0
521246213,Daly,0.0
521248802,Pornpan,0.0
521251611,Marlen And Gaetan,0.0
521266908,Arjun Shah,0.0
521271220,David,0.0
521271423,Anna Karolina,0.0
521294513,Johanna,0.0
521363495,Kamila,0.0
521364412,Siriyada,0.0
521367706,⁨365 Short Lets⁩,0.0
521370389,Nancy,0.0
521375947,Eric,0.0
521378421,Omar,0.0
521380672,Florian,0.0
521399150,Mark,1.0
521441704,Praphimphorn,0.0
521446295,Philip,0.0
521453050,Aneta Malgorzata,1.0
521515476,Lucy,1.0
521539584,Wandee,0.0
521541973,Adeniyi,0.0
521543748,Afomachukwu,0.0
521548266,Deborah,0.0
521552734,Kemal,0.0
521564651,Nikoletta,0.0
521579202,Suphanvadee,1.0
521643909,Rory,0.0
521651801,Zide,1.0
521707809,Amy,0.0
521715720,Coral,0.0
521742321,Leontine,1.0
521743701,Peggy,0.0
521776617,Ulumma,0.0
521823910,Isaac,1.0
521825595,Kaylene Maree,1.0
521828776,Samira,0.0
521865218,Arthur,0.0
521887744,Andre,0.0
521918953,Nadia,1.0
521934520,Temitope,0.0
521948328,Jiangzi,0.0
521973650,Beauty,0.0
521992166,Emma,0.0
522010143,Desmond,0.0
522024442,Aziz,0.0
522048699,Marjorie,0.0
522052625,Patthamapond,1.0
522055232,Xian,0.0
522056073,Supattra,0.0
522073512,Evan,1.0
522083832,Girijesh Nandani,0.0
522085520,Emerald Hill,0.0
522098743,Joseph,0.0
522099866,Emily,0.0
522115261,Ariadne,0.0
522173610,Gazi,0.0
522183598,Mark,1.0
522184862,Helen,1.0
522189866,Steven,0.0
522208453,Dimeji,0.0
522210207,Mario,0.0
522292269,Stefania,1.0
522302239,Sari,0.0
522326376,Susan,0.0
522348403,The Quarters,0.0
522364793,Elaine,0.0
522380643,Anita,0.0
522457936,Charin,0.0
522474205,Shahzad,1.0
522610116,Ernest,0.0
522629400,Pascale,0.0
522629933,Dotun Moses,0.0
522654084,Kamonwan,0.0
522673114,Siriporn,0.0
522681446,Patrick,0.0
522684698,Michaal,0.0
522692702,Homefy,0.0
522697782,Stephen,1.0
522729329,Shane,0.0
522774731,Gabriel,0.0
522777404,Anthony,0.0
522822404,Shirley,0.0
522826779,Thawatchai,0.0
522911610,Yasmin,0.0
522961397,Anwar,0.0
522965432,Jacob,0.0
522974147,Zizo,0.0
522999647,Sharon,0.0
523024808,Brandon,0.0
523036430,Tanvir,0.0
523066190,Anthony,0.0
523067417,Sagar,0.0
523086253,Diana,0.0
523102284,Tiffany Emma,0.0
523134407,Dario,0.0
523145369,Hulya,1.0
523184929,Yasmin,0.0
523210843,Farkhundeh,1.0
523217061,Bhoomi,0.0
523218214,Michelle,1.0
523234898,Tararat,1.0
523243243,Murat,0.0
523245650,Nitzan,1.0
523298120,Zana,1.0
523302828,Zoranye,0.0
523310333,Mariana,0.0
523326262,Nora,1.0
523341656,Reem,0.0
523366221,Philip,0.0
523413597,Acquire Estate Agents,0.0
523424227,May,1.0
523444259,Harmony Homes,0.0
523455278,Pablo,0.0
523457342,Alessandra,0.0
523484088,Anne,1.0
523501518,Shirley,1.0
523513329,Elena,0.0
523550916,Zoe,0.0
523551056,Tally,1.0
523552131,Birsen,0.0
523588907,StayWell Residences,0.0
523632423,Dennis,1.0
523643055,Pandora,0.0
523670518,Alessandra,0.0
523679108,Jobe,0.0
523700838,Carolina,0.0
523706185,Fevzi Can,0.0
523715165,Andras,1.0
523717162,Stephen,1.0
523733882,Peace,0.0
523754065,Benji And Harrison,0.0
523788767,Kim,0.0
523820194,May Tr,1.0
523822249,Sean,0.0
523834080,Anita,0.0
523843589,Sopittha,0.0
523853780,Cissy,0.0
523873405,Laura,0.0
523890301,Tatyana,0.0
523904319,Thananit,0.0
523926757,Stephen,0.0
523998356,Saleera,0.0
524019006,Brijesh,0.0
524019128,Liz,1.0
524022671,Adeil,1.0
524036091,Michelle,0.0
524039177,Scott,0.0
524048038,Khizer,0.0
524054473,Julia,0.0
524152603,Victoria,0.0
524169629,Triple S,0.0
524204251,Jane,1.0
524225588,Sukanda,0.0
524226437,Katarzyna,0.0
524261680,Edward,0.0
524277012,Matteo,1.0
524340830,Oscar,0.0
524351711,Nam,0.0
524353775,Stefan,0.0
524362195,Louise,0.0
524427339,Lisa,1.0
524452327,Marcelo,0.0
524507762,An Hong,0.0
524514659,Joyce,0.0
524514722,FBS Homes,0.0
524553306,静,0.0
524571400,Cecilia,1.0
524590602,Mohammad Rafiq,0.0
524597862,Bai Yu,0.0
524606031,Rrica Uk,1.0
524617130,Aaron,0.0
524699621,Dan,1.0
524712825,Miriam,0.0
524777027,Paul,0.0
524782179,Kantinun,1.0
524787441,Easy,0.0
524789510,Johnathan,0.0
524799131,Dallandyshe,0.0
524808391,Tony,1.0
524820625,Hannah,1.0
524844084,Riccardo,0.0
524860734,BuzzZ City,1.0
524866260,Kenny,0.0
524883580,Jamal,0.0
524884277,Zara,0.0
524897986,Amalia,0.0
524911334,Lackisha,0.0
524944410,Hasika,0.0
524965397,Melanie,0.0
524983546,Rudson,0.0
524996901,Niphon,1.0
525006832,Mitchell,0.0
525012515,Gulcin,0.0
525027488,Amm Nontira,1.0
525041128,Joe,0.0
525044402,Yas,0.0
525048742,Kc,0.0
525059562,Ellie,0.0
525099775,Mukesh,1.0
525102334,Andrea,0.0
525134821,Thamanoon,0.0
525173588,Alice,0.0
525173593,Hla Kyaw,0.0
525196666,Richmond Nat Addi,0.0
525197195,Muhammad,0.0
525200270,Martins Flavio,1.0
525205926,Cricketers Hostel,0.0
525206187,สารพล,0.0
525214943,Isaac,0.0
525230476,Noircafeandhostel,0.0
525230953,Jiabin,0.0
525238629,Flower Villa,0.0
525245643,⁨100 Stays Ltd⁩,1.0
525256637,Nicole,0.0
525259468,Ifeoma,0.0
525312089,Alice,0.0
525314579,Leonard,0.0
525323097,Mikamibua,0.0
525325161,Mark,0.0
525349737,Surachet,1.0
525390395,Catherine,0.0
525397968,Aldworth Investments,0.0
525403453,Sherene,0.0
525408840,Erkan,0.0
525416809,Fuzzshortlet Limited,0.0
525428346,GuestReady,0.0
525448044,Maximilian,0.0
525452283,Jason,1.0
525486941,Oluwalofisomi,0.0
525514880,Faizan,0.0
525536488,Rachael,1.0
525562274,Louis,0.0
525564834,Iris,0.0
525572680,THE SACHA Apart Hotel,0.0
525572783,Elton,1.0
525586674,Kira,0.0
525594793,⁨ทัศนีย์⁩,0.0
525602397,Feven,0.0
525617295,Ricardo,0.0
525632605,Ali,0.0
525635232,Filip,0.0
525635342,Trang,0.0
525648977,Richard,0.0
525718452,Dianne,0.0
525734486,Hasaa Family Home,0.0
525794062,Pass The Keys,0.0
525798298,G4M Luxe,1.0
525813825,Lesley,0.0
525814574,Magdolna,1.0
525824354,Nicola,0.0
525824451,Jess,0.0
525851661,Viwat,0.0
525917900,Graham,0.0
525933754,Aspiral BNB,1.0
525949245,Nareerat,0.0
525966508,Lucy,1.0
525993972,Nusrat,1.0
525996526,Chaiyant,0.0
526041459,Maria Esther,0.0
526042825,Patrick,0.0
526084135,Thania,0.0
526110701,Samir,0.0
526132773,Chaps Properties Uk,0.0
526140891,AirKeeper,0.0
526165629,Bradley,0.0
526185063,Alan,0.0
526195077,Chen,0.0
526213006,Ahmed,0.0
526231401,Patchara,0.0
526234236,Bobby,0.0
526242597,Erin,1.0
526261505,Penny,1.0
526266226,Ulas,1.0
526272916,Zena,0.0
526334021,Mohamed,0.0
526336038,Jody,1.0
526337446,Derrell,0.0
526347219,Rushmi,1.0
526370637,Van Tuyen,0.0
526415497,Sirinlapat,0.0
526434863,ทศพล,0.0
526454489,London,0.0
526459732,Giulia,0.0
526462758,Asher,0.0
526471256,Andrea,0.0
526494109,Nikoletta Pass The Keys,0.0
526643350,Mathios,0.0
526648612,Thanawat,1.0
526654480,Wamari,1.0
526659997,Henrietta,0.0
526674710,Terry,0.0
526678763,Paolo,0.0
526690276,Boutique,0.0
526703506,Prapaporn,0.0
526708468,Diina,0.0
526730762,Plimrose Scroope,0.0
526737427,Olivia,0.0
526754743,Kylie,0.0
526764509,Francis,0.0
526778238,Devorah,1.0
526830357,GuestReady,0.0
526830829,Prawit,0.0
526839348,Hematoa,0.0
526867438,Joan,0.0
526883898,Shivani,0.0
526885961,Pauline,0.0
526897759,Hybrid Resi,0.0
526908069,Hospro Industries,0.0
526942904,Aggarwal,0.0
526943430,Khal,0.0
527038784,Matthew Henry,0.0
527039513,Hernando,0.0
527045196,Wu,0.0
527064358,Diamond Residential,1.0
527093153,Zeynep,0.0
527095875,Tonsak,0.0
527114813,Monica,0.0
527162551,Rami,0.0
527185946,Christina,0.0
527192459,Jamila,0.0
527194850,Prim,0.0
527202509,阿平,1.0
527211325,Dav,1.0
527212701,Maria,1.0
527216155,Katerina,1.0
527246056,David,1.0
527259057,Hina,0.0
527307293,Rana,0.0
527327663,Deldar,0.0
527357185,Wilson,0.0
527382865,J,0.0
527385177,Charbel,0.0
527385871,Gabriel,1.0
527394636,Bruce,0.0
527402317,Luke,0.0
527410412,Mamur,0.0
527420206,Arman,0.0
527452507,Luigi,0.0
527466234,Fa,1.0
527539153,Sumrid,0.0
527559920,Katie,0.0
527576365,Stephen,0.0
527619664,Kanokkorn,1.0
527632006,Pracha,1.0
527642257,Stacey,0.0
527655044,Marta,0.0
527690852,Massimo At Azzurri Properties,0.0
527699279,Matthieu,0.0
527704182,Roberto,0.0
527742304,Valia Hotel,0.0
527749381,Moi,1.0
527763375,Phakchuda,0.0
527784427,Kumaran,0.0
527787720,Nannapas,1.0
527800051,Shawn,0.0
527802583,Elaine,0.0
527803947,Richard,0.0
527815341,Claudia,1.0
527822846,Dori,0.0
527826123,Cindy,0.0
527964007,GuestReady,0.0
527970043,Olugbenga,0.0
527976386,Viorella,0.0
527997542,Sasimanas,1.0
528022826,Pragati,0.0
528023585,Syrinna,0.0
528033284,Shujauddin,0.0
528138716,Barack,0.0
528138963,LocalTrip - Mason Lee,0.0
528141348,Tahmina,0.0
528145169,Andstay,1.0
528180866,James,1.0
528190414,Rosa,0.0
528233098,Ezra,0.0
528249086,Xiaohui,0.0
528250205,Nikki Raj,0.0
528320689,Sulitapak,0.0
528350785,Alexandra,0.0
528355597,Trustphong,1.0
528355982,Maria Luisa,0.0
528362500,Yellow House,0.0
528383128,Brett,0.0
528383421,Su,0.0
528389996,Robert,0.0
528422683,Theo,0.0
528428001,Reann,0.0
528519749,Mohammad,0.0
528562474,Evergreen Properties,0.0
528569652,Zhang,0.0
528579252,Peter,0.0
528584594,Rabeel-Pass The Keys,1.0
528615055,S,0.0
528642950,Sean-Pass The Keys,1.0
528668081,Faizan,0.0
528670759,Zorica,0.0
528671337,Puja,0.0
528675451,Jirayu,0.0
528701132,Walyy,0.0
528706106,Ahmad Siar,0.0
528706695,Giang,0.0
528737827,Saiphin,1.0
528747980,Nancy,0.0
528766959,Max,1.0
528781736,Eva,0.0
528806396,LocationHome,0.0
528823088,Carlos,1.0
528832631,Jane,0.0
528835171,Gulzada,0.0
528879218,Jamayla,0.0
528880905,Little Serene,1.0
528949128,Sukrit,0.0
528956583,Pitch,0.0
529027587,Oluwadare,1.0
529041851,Evie,0.0
529049262,The Little Pig,0.0
529050168,Edson,0.0
529059634,Magaletchimy,0.0
529068636,Sydney,0.0
529076874,Jade,0.0
529083682,Elevate Living Estates,0.0
529139913,Anucha,0.0
529148107,David,0.0
529174573,Dillon,1.0
529175145,Grace,1.0
529177638,Guide,0.0
529189406,Julie,0.0
529189901,Matilda,1.0
529194872,Mark,0.0
529206857,Nazila,0.0
529247253,Ricardo,0.0
529298986,Ayub,1.0
529303591,Henok,0.0
529364164,Victoria,0.0
529369242,GuestReady,0.0
529381370,Pan,1.0
529387447,Laura,0.0
529403731,Chika,1.0
529404729,Alice,0.0
529433436,Victoria,0.0
529434267,Afam,0.0
529454489,Mohamed Rifdhi,1.0
529463516,Francesco,0.0
529468977,Lin,0.0
529471124,Jenna,0.0
529504803,Jingwen,0.0
529505305,Nicki,1.0
529563136,Jeanette,0.0
529606100,Emma,1.0
529607550,Ashida,0.0
529639551,Jonathan,0.0
529646046,Mohammed,0.0
529794700,Eniko Alexandra,0.0
529828113,Yilmaz,0.0
529828134,Jeffrey,0.0
529850681,Bhapinder,0.0
529871251,Holiday Apartment,1.0
529889355,Samuel,0.0
529918187,Justin,1.0
529971200,Onanong,0.0
530018891,Phavinee,0.0
530030303,Joao Victor,0.0
530030745,Jonathan-Pass The Keys,1.0
530043316,Linda,0.0
530046271,Warapohn,0.0
530070949,Vinishka Himaya,0.0
530169868,Carole,0.0
530188818,Rosemarie,0.0
530190699,Rhiannon,0.0
530207653,Nicole,0.0
530216215,John,0.0
530222650,Alessandra,0.0
530237691,Damian,0.0
530244483,Find,0.0
530301262,EQU Home,1.0
530336821,Cassandra Maree,1.0
530386920,Rupen,0.0
530391945,GuestReady,0.0
530412789,Swing,0.0
530448969,Billmore,0.0
530511642,Devon,0.0
530519655,Elina,0.0
530559462,Jocelyn,0.0
530597694,Silvia,0.0
530620333,Pen,0.0
530621193,Luca,1.0
530632089,Turbo PMS,1.0
530636329,Emmanuel,0.0
530671287,D,0.0
530795661,Joe,0.0
530801979,Chonnakan,0.0
530802882,Cinthia,0.0
530813938,Anna,0.0
530829542,Ranjit,0.0
530833576,Sasha,0.0
530840880,Peta,0.0
530860273,Stack SA,0.0
530872050,Aimee-Mae,0.0
530880592,Rachel,0.0
530884381,Maria,0.0
530934465,Paulina,0.0
530936736,Uldione,1.0
530942998,Leyla,0.0
530944279,Ay,0.0
530998994,Sola,0.0
531016989,Jiraporn,0.0
531031685,Jamal,0.0
531033407,Naphadao,0.0
531042074,Xi,1.0
531057856,Ma,0.0
531073966,Sara,0.0
531083193,Janet,0.0
531099959,Amador-Constantin,0.0
531118181,Yazz,0.0
531129915,Özer,0.0
531169261,Ahmad,0.0
531173225,Tawanrung,1.0
531192365,Nadeem,0.0
531216835,Chatchawee,0.0
531227217,Jessie,1.0
531242216,Hannah,0.0
531246274,Mark,0.0
531250194,Chalermchon,0.0
531254236,Mark,0.0
531274771,Nam,0.0
531278046,Thejas,0.0
531364027,Ade,0.0
531420038,Zoe,0.0
531443120,Andrea,1.0
531472347,Matthew,1.0
531554211,Cash,0.0
531572254,Meric,0.0
531599983,Shanila,0.0
531614538,Usha,0.0
531704343,Chris,0.0
531718535,Yeisien,0.0
531720297,Peak,0.0
531755429,Kirill,1.0
531779234,Sean,0.0
531846476,Janet,1.0
531869092,Vanessa,0.0
531941626,Min,0.0
531957966,Preecha,0.0
531976820,Vinod,1.0
532024226,Iryna,0.0
532065701,Isla,0.0
532096480,Sara,0.0
532119636,Kevin,1.0
532139951,Petra,0.0
532150587,Sharon,0.0
532152150,BigBull,0.0
532152994,Easin,0.0
532169568,Angela Christie,0.0
532207994,Rafael,0.0
532269963,Salwa,0.0
532291697,Weijie,1.0
532334457,Suresh,0.0
532355484,Misbah,0.0
532366200,Danny Yordanov,0.0
532373224,Suanya,1.0
532383736,Kavita,0.0
532398702,Pinsuda,0.0
532408797,Lou,1.0
532473290,Sathon.Th,0.0
532523465,Luciana,0.0
532536437,Jerome,1.0
532537969,Raphael,1.0
532569665,Neil,1.0
532579174,Carla,0.0
532593027,Mattia,0.0
532597614,Kenneth,0.0
532677102,May,1.0
532698982,Libbie,1.0
532704474,ศรราม,1.0
532766009,Gabry,1.0
532775504,Zees Homes,1.0
532805440,Md Nesser,0.0
532829210,Alex,0.0
532839113,Panbhu,0.0
532863632,Elena,0.0
532866251,Janeth,0.0
532868718,Patipol,0.0
532869003,Francesca,0.0
532892617,Broomling Stays,0.0
532900143,Mario,0.0
532919223,Denys,0.0
532943470,All Your Properties,0.0
532957434,Shamil,0.0
532986116,Aaron,0.0
533006482,Urban Stays,1.0
533008677,Aticha,0.0
533020284,Kristopher,1.0
533027664,Kavitar,0.0
533033660,Toufiq,1.0
533050011,Bangkok Bliss,1.0
533072978,Alana Paola,0.0
533084049,Hannah,0.0
533154788,Adam,0.0
533180120,Ongart,0.0
533190300,Peter,0.0
533200204,Suely,0.0
533260734,Saami,0.0
533268083,Doreen,0.0
533269117,Rashel,0.0
533276786,Ilaria,0.0
533277467,Arian,0.0
533298417,Maryam,0.0
533304568,Mariya,0.0
533322521,Matt,1.0
533396578,Xiaoshan,0.0
533405720,Arabella,0.0
533419127,Matiyas,0.0
533436301,Keely,1.0
533463346,Tuyet Mai,0.0
533464014,欣芸,0.0
533477413,Emma,0.0
533511750,Jessica,0.0
533523165,Abi,0.0
533568826,April,0.0
533606947,Andrew,0.0
533618038,Athome,0.0
533620060,Mascut,0.0
533625040,Bruce,0.0
533645550,Staymo,0.0
533646225,Chintan,0.0
533662456,Chanon,0.0
533745079,Sirirak,1.0
533765504,Judne,1.0
533769320,Natalia,1.0
533788987,Kittiyaphon,0.0
533801353,Chutinan,0.0
533821051,买房找我,0.0
533860768,Luther,0.0
533878294,Li,0.0
533887432,Abdul Aziz,0.0
533927271,Anthony,0.0
534070496,Jeskey,0.0
534099297,Anastasia,1.0
534138837,Jessica,0.0
534178300,M,0.0
534220457,Danilo,0.0
534253362,Lihua,0.0
534301285,Ann,0.0
534324437,Saijuta,0.0
534330908,Snuggle Inn Serviced Accommodation,0.0
534386129,Kevin,0.0
534441808,Dean,1.0
534449753,Geoffrey,0.0
534454949,Kristen,0.0
534463450,Peter,0.0
534468161,Terry,0.0
534479333,Giuseppe,0.0
534512204,Peguy,0.0
534539300,Helen,0.0
534603709,Pimpisa,1.0
534608257,Molly,1.0
534622954,Matthew,1.0
534655391,Junad,0.0
534655795,Wahid,1.0
534714473,PropertyO,0.0
534724983,Geoffrey,1.0
534736460,Kavitha,0.0
534790687,Lauren,0.0
534791374,Home,0.0
534798846,Arnasalon,1.0
534861463,Nauman,0.0
534877396,Thaithep,0.0
534901330,Arbora,0.0
534941992,Noreen,0.0
534957277,Christie & Team,1.0
534967174,Lona,0.0
534977698,Emilia,0.0
534997565,Rachel,1.0
535022882,Masood,0.0
535056465,Willow,1.0
535091590,Sopawan,0.0
535096686,Chak,0.0
535109684,Chalotorn,0.0
535118970,Andre,0.0
535202330,Luciane,0.0
535215704,Nelson,0.0
535223153,Metee,0.0
535228754,Natthamon,1.0
535229907,Eakachai,0.0
535240891,Rose,0.0
535242511,Rawikorn,1.0
535248512,Daniel,1.0
535249373,Paula,1.0
535252924,RoomPilot,0.0
535305874,John,0.0
535354038,Elijah,0.0
535376735,Viola,1.0
535386175,Aaron,0.0
535419896,Sam,0.0
535424866,Eddie,0.0
535519447,Andrea,0.0
535581020,Lewis,0.0
535591250,Rachel,0.0
535601744,Harrison,1.0
535631464,Roberto,1.0
535638504,Tida,0.0
535650917,Maryam,0.0
535658523,Boom,1.0
535681785,Akins,1.0
535692280,Maurice,0.0
535709483,Irfan,0.0
535759834,Christine,1.0
535769021,Sam,0.0
535770594,Roni,0.0
535781027,Tito,0.0
535782069,Benjamin,0.0
535827889,Lizbeth,0.0
535848008,Sam,1.0
535872502,City Relay,0.0
535902675,Kayla,1.0
535926424,Pentul,0.0
535937804,Su,0.0
535938205,Stephen,0.0
536004757,Uche,1.0
536059350,Raja,0.0
536059953,Xiaohua,0.0
536096560,Alex,0.0
536097908,Elena,0.0
536100981,Benjamin,0.0
536106647,Fayden,0.0
536118694,Qimmy,0.0
536123900,Serpil,1.0
536129233,Essentia,0.0
536156115,Serenity Urban,1.0
536182449,Michelle,0.0
536184435,Aurelia,0.0
536206705,Qasim,0.0
536208144,Faizan,0.0
536245493,Prateep,0.0
536254043,Dhruti,0.0
536254798,Ajitha,0.0
536258323,Kantkun,1.0
536261284,Teresa,0.0
536262435,Farhan,1.0
536273103,Paul,0.0
536282987,Aaron,0.0
536312632,Kenny,1.0
536326131,Ali,0.0
536340979,Muhammad,0.0
536348664,James,1.0
536363181,Anke,0.0
536380466,Jen,0.0
536380542,Akki,0.0
536403396,Gary,0.0
536413326,Zainab,0.0
536478539,Bruce,0.0
536479957,Ralph,0.0
536481312,Arlene,0.0
536506598,Berivan,0.0
536510841,Jenelle,0.0
536560851,Nitchakarn,0.0
536562768,Su,1.0
536577501,Manida,1.0
536580560,Su,0.0
536601278,Ayobami,0.0
536605004,Umar,0.0
536618407,⁨Wasity Bros.⁩,0.0
536631715,Pass The Keys,1.0
536657615,Francoise,0.0
536668674,Serap,0.0
536693296,Raphael,0.0
536714245,Ibrahim,0.0
536734898,Michael,0.0
536743380,Jay,0.0
536765083,Agnieszka,1.0
536765291,Napaporn,0.0
536771493,Jiraporn,1.0
536771673,Tamara,0.0
536783854,Ata,0.0
536789123,Santiago,0.0
536791022,Kadanthodu LTD,1.0
536799256,Steve,1.0
536800921,Kerry,0.0
536804697,Nareerat,0.0
536812904,Jonaed,0.0
536828733,Peter,0.0
536845684,Omar,0.0
536906195,Raj,0.0
536931158,Jarina,0.0
536936712,Wowie,0.0
536973403,Petr,0.0
536986515,Andrew,1.0
537033857,Qi,0.0
537039463,Kelly,1.0
537051586,Karin,0.0
537063897,Izie,0.0
537085459,Will,1.0
537089311,Chanel,0.0
537090076,B,0.0
537090226,Jewel,0.0
537100234,Nico,1.0
537116617,Carol,0.0
537152081,Francesca,0.0
537158943,Alena,1.0
537162558,Safiyah,1.0
537165738,Kishan,0.0
537171159,Alejandra,0.0
537171956,Stephen,0.0
537198330,Golf,0.0
537207535,Nini,0.0
537219603,Zulaiqha,0.0
537223676,Ranjit,0.0
537230568,Alber,1.0
537232396,Ogechi,0.0
537235782,Laurie,0.0
537241980,Ben,0.0
537242778,Chinwe,0.0
537247823,Terry,0.0
537258688,Faraaz,0.0
537274998,Irina,0.0
537291720,Jonathan,0.0
537315013,Sairah,0.0
537322792,Tinisha,0.0
537341474,Prachaya,0.0
537341646,Dean,1.0
537365518,Harshal,0.0
537369007,Deni,0.0
537373325,Yi,0.0
537396048,Noor,0.0
537435555,Andrew Harold,0.0
537445797,Ant,0.0
537488193,Kate,1.0
537491214,Sunny,1.0
537502130,Umaporn,0.0
537517090,Cheena,0.0
537522778,Martin,1.0
537538442,Bobo Residences,0.0
537553376,Tom And Roland,0.0
537607774,Saba,0.0
537654777,Karima,0.0
537654942,Ben,0.0
537673015,Dora,0.0
537735587,Anelia,1.0
537767908,Kamran,0.0
537778274,Nana Akua,0.0
537807621,George,1.0
537821503,Sopida,0.0
537831786,Vanchai,0.0
537837545,Tan,0.0
537840816,Dane,0.0
537844880,Phoenix Luxury Stays,0.0
537861706,Charmaine,1.0
537875124,Tahmina,0.0
537877007,Mateen,0.0
538027701,GuestNest,0.0
538033992,Sanella,0.0
538046719,Recep,0.0
538055683,James,0.0
538089856,Elowen,0.0
538103588,Welcome London,1.0
538174657,Owen,0.0
538182305,Alex,1.0
538232695,Jen,0.0
538249554,Monika,1.0
538259001,Mary,1.0
538262651,Omar,0.0
538297176,Markos,0.0
538330971,Parika,1.0
538351444,Naiyana,1.0
538358346,Annabelle,0.0
538369438,Hui,1.0
538372496,Pook,0.0
538379595,Robert,0.0
538437520,Victoria,0.0
538439073,Thais,1.0
538451265,Md Asadur,0.0
538534909,Rachael,0.0
538549616,Chia Chen,0.0
538576764,Ali,0.0
538624342,Roy Michael,0.0
538642328,⁨ทิพยรัตน์⁩,0.0
538650806,Jay,0.0
538702308,Meedeedee Home,0.0
538702488,Jinny,0.0
538791721,He,1.0
538792378,Odunayo,0.0
538822011,Will,0.0
538850317,Shane,0.0
538858618,Phoenix,1.0
538877180,Eunice,0.0
538885251,Raj,0.0
538899887,Cleveland,0.0
538923339,Renee,1.0
538995216,Pass The Keys,1.0
538996674,Srikanth,0.0
539014936,Jennifer,0.0
539052160,Dorothy,0.0
539065914,Ellen,1.0
539073508,Michael,0.0
539082016,Kirsty,0.0
539118878,Pat,0.0
539134981,Premier,1.0
539151213,Beer,1.0
539158502,Chonpipat,1.0
539163225,Peta,1.0
539181474,Alan,0.0
539200056,Malaika,0.0
539209577,Denise,0.0
539221834,Robert,0.0
539241673,Tongpoon,0.0
539250353,Jordan,0.0
539255844,Daniel,0.0
539277321,Ada,0.0
539338897,Nushaira,0.0
539345908,Hana,0.0
539350166,Tony,0.0
539364812,Hubert,0.0
539365694,Sakul,1.0
539379320,MeiMei,1.0
539388070,Adnaan,0.0
539428638,Ibby,0.0
539450901,Veronica,1.0
539451323,Daniela,0.0
539500616,Kool Keys,0.0
539515948,Juan,0.0
539587249,Amin,0.0
539587996,Emine,0.0
539643671,Gold Lion,0.0
539658505,Afifa,0.0
539673792,London Stay,1.0
539722775,Carlos Enrique,0.0
539730317,Letwise Group,0.0
539760799,Daniel,0.0
539771166,Dale,1.0
539800531,Walid Y Berta,0.0
539830290,Ali,0.0
539845147,Fay,0.0
539847962,Si,0.0
539852272,Caroline,1.0
539861324,Norma,1.0
539950861,Salim,0.0
539967123,Nepton,0.0
539969948,Chandni,0.0
539971509,Mohsen,0.0
539971520,Zoe,1.0
539973377,Voragun,0.0
539997953,Or,0.0
540025083,Anthony,0.0
540051025,Mara,0.0
540058621,Marlene,0.0
540071164,Pronthip,0.0
540104328,Celestine,1.0
540104571,⁨ธันยนันท์⁩,0.0
540109501,Thanapon,0.0
540110356,Iqra,1.0
540122263,Fiona,1.0
540126365,David,0.0
540179393,Dr Joon,0.0
540182572,Gabriela,1.0
540182579,Shah,0.0
540202850,Dainius,1.0
540203146,Kledi,0.0
540219071,Quoc,0.0
540268965,Nalinee,1.0
540275438,Tom,1.0
540277751,Tanakorn,0.0
540277843,Busakorn,0.0
540282898,Eve,0.0
540287620,Samuel,0.0
540297890,Iliyan,0.0
540303147,Lucas,0.0
540314362,Raph,1.0
540353269,Ilan,0.0
540361388,Ruben,1.0
540372070,Merve Nur,0.0
540378224,Thais,1.0
540391527,Ma,0.0
540407364,Jeniffer,0.0
540455005,Joseph,0.0
540462364,Siu,0.0
540467283,Ratcharot,0.0
540467802,Maja,0.0
540475161,Touch,0.0
540582646,Darin,1.0
540595910,Chutimon,0.0
540608824,The Luxury Penthouse,1.0
540610592,Diana,1.0
540638329,Kenny,0.0
540675670,Adel,0.0
540690873,Sarosh,0.0
540721262,Chan,0.0
540725837,Steve,0.0
540752681,Bob,0.0
540809568,Charlotte,0.0
540842847,Yves,1.0
540845732,Joshua,0.0
540880828,Nisorn,1.0
540898904,Oubaida,0.0
540908058,Richard,1.0
540932349,Katherine,1.0
540970318,KPM Stays,0.0
541062016,May,0.0
541064295,Medoune,0.0
541077924,Olivier,0.0
541091505,Mimood.Es,0.0
541109541,Celal CEM,0.0
541111114,Sanah,0.0
541114197,Fahim,0.0
541122050,Meeniam,0.0
541178585,Aomduean,0.0
541184507,Zhu,0.0
541235124,Kamran,0.0
541286944,Tingyue,1.0
541317449,Jackson,0.0
541327039,Shinta,0.0
541329800,Sebastian,0.0
541330060,Shibijith,0.0
541343541,Abraham,0.0
541345521,⁨สมศักดิ์⁩,0.0
541363175,Magic Stay,0.0
541363387,GuestReady,1.0
541363416,GuestReady,0.0
541369204,Andrea,1.0
541382479,Vidosav,0.0
541394101,Alex,0.0
541405746,Asmeret,0.0
541410166,Alex,0.0
541416424,Mehdi,0.0
541478519,Steve,1.0
541481814,Kanitta,0.0
541488589,Sarah,0.0
541492168,Mariya,0.0
541492661,Esther,0.0
541497064,ศิริประภา,0.0
541502164,Wajiha,0.0
541513743,Blanchard Homes Ltd,0.0
541540795,Nasra,1.0
541545190,Harry,0.0
541565020,Rose,0.0
541591106,Julie,1.0
541591525,Frank Stays,1.0
541601753,Fifi,0.0
541608574,Zoey Lee,0.0
541637239,Alina,0.0
541647713,Jiratheap,1.0
541652483,Jemmal,0.0
541657525,Jahmal,0.0
541659399,BenA,1.0
541689390,Lara,0.0
541701966,Jess,1.0
541712498,Agathae,0.0
541788612,Nikolina,0.0
541794841,Ola,0.0
541844686,Chloe,1.0
541857451,Bernard UPPAMOST,0.0
541859045,Nana,0.0
541894754,Viet,1.0
541898579,Chanwit,0.0
541921133,Piyanat,0.0
541940406,Abdul,1.0
541940790,Methakarn,0.0
541957047,He,1.0
541957960,NMK Properties LTD,0.0
541972403,Zahir,0.0
541982617,Tahira,1.0
541998760,Dobrescu,0.0
542003732,Daniel,1.0
542009784,Simone,0.0
542010144,Gayatri,1.0
542024170,Ian Philip,1.0
542046941,Supasri,0.0
542061709,Ga,1.0
542064737,Amparo,0.0
542065501,Lorraine,0.0
542066504,Olatunji,0.0
542083344,Orevaoghene David,0.0
542089481,Sun,0.0
542093419,Valentina,0.0
542124304,Semiha,0.0
542193395,Chollada,0.0
542196219,Nattiya,0.0
542196289,Anna,1.0
542210014,Fiona,0.0
542230466,Noble,0.0
542242961,Xian,0.0
542266202,David,0.0
542281581,Elena-Pass The Keys,0.0
542282258,Sermsak,0.0
542292625,Lola,0.0
542293673,Canguro Properties,0.0
542297167,Moha,0.0
542314214,Ioanna,1.0
542318256,Jagmohan,0.0
542338764,Ketsara,1.0
542354149,Dennis,0.0
542358401,Ho Ying,0.0
542360221,Imna,0.0
542369502,Pete,1.0
542376676,Tina,1.0
542393850,Saqib,0.0
542394829,Abi,0.0
542415872,Raffaele,0.0
542453405,Kylie,1.0
542505944,Pilai,0.0
542513025,Pnp,0.0
542514082,Andras,1.0
542515712,Lonsdale House Boutique Apartments,1.0
542523600,Eliza,0.0
542558979,Simone,1.0
542561019,George,0.0
542563193,Jeremy,0.0
542577107,Afzal,0.0
542612255,Paola,0.0
542659641,GuestReady,1.0
542669815,Julie,0.0
542717916,Tatjana,0.0
542780477,Baljit,0.0
542791842,Erika,0.0
542803566,Alessio,0.0
542841256,Eliana,0.0
542877697,Stephanie,1.0
542899048,Lost In,0.0
542902817,Gina,0.0
542904457,Annie,1.0
542941033,Barrie,1.0
542960004,Coco,0.0
542977948,Wanderson,0.0
543062984,Alfred,0.0
543064207,Liberal Neutrality Service,0.0
543088056,Isabel,0.0
543091599,Harrison,0.0
543091688,Euripa,0.0
543116119,Riccardo,1.0
543121499,Hasan,0.0
543129888,Deana,0.0
543132261,Pawel,0.0
543136860,Patrick,0.0
543137471,Yang,0.0
543173951,Til,0.0
543175906,Sunita,0.0
543177022,Bogdan,0.0
543211853,Ekawit,1.0
543217194,T,0.0
543222769,Pass The Keys,1.0
543230364,DJS Properties,0.0
543241899,Adamus House,1.0
543242304,Josh,0.0
543276448,Chaw Ei,0.0
543292020,Annette,0.0
543295350,Ella,0.0
543349260,Wasinee,1.0
543380523,Ify,0.0
543396569,Afram,0.0
543400539,Anna,0.0
543407125,Julie,0.0
543408662,Korn,0.0
543409789,Julie,0.0
543415169,Julie,0.0
543416118,Julie,0.0
543471091,Helen,0.0
543509877,Kylie,0.0
543513471,Goldenhouse,0.0
543525768,Kirsty,1.0
543526662,Pimpat,1.0
543535042,Mark,0.0
543546567,Nabil,0.0
543583008,Neeraja,0.0
543620530,Kash,0.0
543646306,多多,0.0
543648997,Natthanun,0.0
543650575,Wareerat,1.0
543661045,Benz,0.0
543661190,Vilawan,1.0
543663124,Kaushik,0.0
543670146,Giovanny,0.0
543689187,Chanatip,0.0
543696404,Stuart,0.0
543715554,Nazakat,0.0
543716591,Steed,0.0
543747577,Mnveer,0.0
543755771,Anish,0.0
543772604,Kittipoom,1.0
543776394,Profitable,0.0
543780930,Crystal,0.0
543801283,Ibrahima Sidi,0.0
543804832,Dee,1.0
543811601,Ghazaleh,0.0
543847642,Rajni,0.0
543860342,Luz Marina,0.0
543916610,Eason小辰,0.0
543926065,Julie,0.0
543930333,Sana,0.0
543950929,Bilal,0.0
543960587,Phloen,1.0
543967593,Kenneth,0.0
543975375,Lakkana,0.0
544030531,Melissa,0.0
544064965,Nagat,0.0
544066581,Padcharawan,0.0
544069173,GuestReady,0.0
544073209,Daniel,0.0
544092008,Abracadabra,1.0
544100988,Edith,0.0
544126890,Akshay,1.0
544138741,Maha,0.0
544163047,Farhoon,0.0
544218299,GuestReady,0.0
544228110,Unknown,
544229332,Mornington Hotel London Hyde Park,0.0
544231742,Unknown,
544239477,Panissara,0.0
544297667,The Gungor Group,0.0
544301522,Kazeem,0.0
544307248,Adam,0.0
544314506,Curtis,1.0
544334613,斌斌,0.0
544366625,Marina,1.0
544367724,Elizabeth,1.0
544367858,Amanda,0.0
544390720,Thida,0.0
544393970,Arunee,0.0
544407693,Rachel,0.0
544423882,Charanchai,0.0
544429325,Monica,0.0
544500368,Nadia,0.0
544508959,Chan,0.0
544518635,Robert,0.0
544523503,Claudio,0.0
544524088,Pass The Keys,0.0
544551458,Cove Huntingdon,0.0
544557049,Taylor,1.0
544560135,Ck,0.0
544569727,Jenny,1.0
544569879,Leo-Kennedy,1.0
544625245,Nadish,1.0
544628961,Hendrick,0.0
544652895,Xin,1.0
544680528,Tgam,0.0
544688201,Capitel,0.0
544711093,Anna,1.0
544717904,Alexandra Sandra,0.0
544831009,Alessandro,0.0
544834249,Paola,0.0
544842340,Marina,0.0
544843738,Livra Estate,1.0
544870814,Sina,0.0
544906701,Muss,0.0
544931602,Kate,0.0
544940753,Bori Bori,0.0
544972672,อาทิตยา,0.0
544980968,Carolyn,1.0
545008189,Chicho,0.0
545013664,Abdulrahman,0.0
545023216,Ali,0.0
545034115,Jude,0.0
545048807,Temitayo,0.0
545089721,Rushan,0.0
545190421,Churee,1.0
545191023,Bobosher,1.0
545219145,Naruedol,0.0
545283276,Ethan,0.0
545305282,Neo,1.0
545339042,Ola,0.0
545366733,Ella,0.0
545379219,Wang,1.0
545397174,Jonathan Isaac,0.0
545405194,Casuarina,0.0
545420971,Vasundhara,0.0
545425279,Adriana,0.0
545457063,Shafaq,0.0
545463503,Fuzz,1.0
545464148,Meh,0.0
545542217,Joshua,0.0
545544356,Abiodun,0.0
545552462,Ilkin,0.0
545568124,Daniela,0.0
545595834,Zide,1.0
545615970,Nicolas,0.0
545627911,David,0.0
545633984,Jay,0.0
545694910,Watty,1.0
545699830,Gem Fitzrovia Hotel,0.0
545707137,Mohamed,0.0
545711434,Saifur,0.0
545715685,Kashka,0.0
545716680,Witsarut,0.0
545748059,LondonExplorer,0.0
545758415,Copthorne Tara Hotel,0.0
545758484,The Bailey’s Hotel London Kensington,0.0
545760204,Abdessamad,0.0
545768654,The Chelsea Harbour Hotel,0.0
545768731,Millennium Hotel Knightsbridge,0.0
545769222,Millennium Gloucester,0.0
545774819,Olubunmi,0.0
545799638,Kristoffer,1.0
545809724,Liam,0.0
545846455,Meron,1.0
545850898,Jason,0.0
545891554,Nikky,0.0
545892833,Vivian,0.0
545898819,Jadwin,0.0
545916555,Lorna,0.0
545922814,Robert,1.0
545945528,Laura,0.0
545980369,Michael,1.0
545992734,Leticia,0.0
545994660,Jvonking,0.0
546053630,Luciana,0.0
546058949,Rabia,0.0
546120973,SAM E Hotel,0.0
546162337,Robert,0.0
546162925,Sohail,0.0
546251467,Kwan,1.0
546256496,Julian,0.0
546258928,Suitesandvillas,0.0
546260776,Min,0.0
546265330,Comigo,0.0
546298089,Tempstay,0.0
546299893,Panida,0.0
546302121,Demi,0.0
546331364,Chernor,0.0
546349450,Anime,0.0
546400499,Tip,0.0
546404331,Nicole,0.0
546425151,Joe Joseph,0.0
546448646,Agnes,0.0
546451609,Refined Short Lets,0.0
546462122,Barry,0.0
546478860,Mahmood,0.0
546493944,Cressida,0.0
546513907,Designed Stays,0.0
546539585,Cynthia,1.0
546546884,Gia,0.0
546598842,Gem Strathmore Hotel,0.0
546599085,Unknown,
546601046,Jason,0.0
546622994,Juan,0.0
546643269,Chelsea Cloisters Serviced Apartments,0.0
546762585,Katherin,0.0
546773733,Urban,0.0
546780114,Sarah,0.0
546786341,Faiza,0.0
546796556,Raza,1.0
546797626,Claudia,0.0
546826285,Daniella,0.0
546848587,Rubaiya Medha,1.0
546851793,Nahajja,0.0
546855827,Jizhen,0.0
546860504,Adnan,0.0
546883482,Boonlor,0.0
546892766,Rema,0.0
546907711,Manh Cong,0.0
546936306,Monarch House,0.0
546945493,Anna Victoria,0.0
546958571,SR Residences,0.0
547006154,Kokkik,1.0
547007574,Bundit,0.0
547018083,Ethan,0.0
547023024,GuestReady,0.0
547054282,Anaelle,0.0
547057220,Riley,0.0
547152677,Pvr Groups Ltd,0.0
547159744,Jiradt,0.0
547171617,Winida,0.0
547185174,Claudio,0.0
547187958,Fabio,0.0
547253417,Kotryna,1.0
547266010,Kenny,0.0
547278908,Baris,0.0
547281627,Xiayi,0.0
547295771,Egle,0.0
547320984,Michael,0.0
547323667,Pornpat,0.0
547328239,Kadir,1.0
547332704,Punnanun,0.0
547346550,Ria,1.0
547417396,Alex,1.0
547436567,Ola,0.0
547469326,May,0.0
547472039,Frank,1.0
547475426,Michael,0.0
547489593,Thomas,1.0
547501955,Ela,0.0
547507212,Tristan,0.0
547517039,Jody,1.0
547542510,Homeway Properties,0.0
547557425,Mitchell,0.0
547565696,Lina,0.0
547575430,Yixuan,0.0
547597069,Elizabeth,0.0
547604191,Masterpiece Holiday Stay,0.0
547633903,Tt,0.0
547648445,Jing,0.0
547654778,Alita,0.0
547656118,Carol,0.0
547669216,Eliane,0.0
547669573,Aubrey,0.0
547680667,Anastasia,0.0
547683403,Becca,0.0
547695184,Katie,1.0
547731693,Fabian,0.0
547773127,Ihaus,1.0
547817201,Wichaya,1.0
547840072,Ivanka,1.0
547866000,Azeez,0.0
547886033,Bryan,0.0
547886269,Ashwini,1.0
547889431,Joanita,0.0
547916365,Trinh,1.0
547941482,Kanistha,1.0
547942840,Mariana,1.0
547951112,Taylor,0.0
547956790,Sutherland,0.0
547956949,Daniel,0.0
547996517,Anthony,1.0
548033506,Chibuike,0.0
548035332,Chanisda,1.0
548050619,Anna,0.0
548087597,Ali,0.0
548097706,Mila,0.0
548100494,Zack,0.0
548134757,Max,0.0
548135846,Dean,1.0
548176995,Alex,1.0
548181087,Sam,1.0
548181890,Panupong,0.0
548205695,Adebayo,0.0
548219309,Saranya,0.0
548278022,Marea,1.0
548293319,Lemuel,0.0
548315443,Liarne,1.0
548318914,Emma,0.0
548327534,Mark,0.0
548358694,Cameron,0.0
548378139,Abdul,0.0
548396767,Diff-Rent Living,0.0
548404475,Mike,1.0
548416054,Muhammad Eqramul,0.0
548418281,Martha,0.0
548426385,Devian,0.0
548434802,Christian Lester,0.0
548462227,Jason,0.0
548465633,Alexi,0.0
548483744,Tyrone,1.0
548485474,Picha,0.0
548492731,Steve,1.0
548499405,Kritsadis,0.0
548551825,Zareen,0.0
548551913,Bekele,0.0
548572583,Jaffar,0.0
548578245,Emil,1.0
548579518,Esaw,0.0
548621057,Janie Jan,1.0
548621955,Rochelle,0.0
548624575,Ryan,1.0
548634954,JLC Stayz,0.0
548645421,Canming,0.0
548651204,Pass The Keys,0.0
548658839,Charles,0.0
548665047,Globe Frank,0.0
548700871,Joseph,0.0
548703922,Billel,0.0
548751840,Muhammad,0.0
548757771,Ricky,0.0
548770220,Vorrawit,1.0
548772335,Elizabeth,0.0
548787687,Hutan,0.0
548789543,Fhyz,0.0
548804248,Augus,0.0
548812113,Luz Viviana,0.0
548814529,Panida,0.0
548818075,Xiyun,0.0
548829799,Julie,0.0
548839354,Stephanie-Pass The Keys,0.0
548875853,Sylvia,0.0
548877928,Ana Maria,0.0
548883440,Carlos,0.0
548911021,Vissanu,0.0
548919380,Free Spa And Pedicure,1.0
548928463,Rene,1.0
548932410,Julie,0.0
548939665,Constance,0.0
548943543,Jam,0.0
548944756,Pran,0.0
548946185,Danny,1.0
548948235,XiaoYan,0.0
548955303,"Enrique,Jr",0.0
548958734,Eno,0.0
548973827,Dan,0.0
548977342,Dainius,1.0
549037943,Des,0.0
549042947,Rose,1.0
549050801,Max,0.0
549109812,Kannika,1.0
549113126,Choudhary,0.0
549205814,Aom,0.0
549210842,Sutticha,0.0
549223549,Lily,0.0
549236824,Christine,0.0
549242524,Sucheera,0.0
549267398,LD Stays,0.0
549295330,NuLook Stays,1.0
549308732,Monica,0.0
549340449,Joy,0.0
549364418,Jerlyn Joy,0.0
549380417,Grand Mandarin,0.0
549399277,Melissa Sarah,0.0
549402019,Mohammad,0.0
549429968,Denim,0.0
549454033,Ana,0.0
549491812,Adeshina,0.0
549502819,Ali,1.0
549510357,Max & Ryan,1.0
549523419,Jessie,1.0
549532622,Thomas,0.0
549537782,Mo,1.0
549561685,Eóin,0.0
549577304,Taofiq,0.0
549603513,Ibado,0.0
549609500,Krystal,0.0
549636348,The Comfort Collection,1.0
549695174,The Greens,0.0
549699826,Natthaya,1.0
549700606,Lilian,1.0
549736937,Grace,0.0
549746763,Dynasty,0.0
549748624,EasyHotel London City Shoreditch,0.0
549786203,Victor,0.0
549793610,Anitha,0.0
549800893,Simone,1.0
549814854,Adrianna,1.0
549822603,Zaw,0.0
549843863,Khang Ngo,1.0
549877555,Yasemin,0.0
549878487,Katrina,1.0
549884896,Ideal Accommodation Limited Edgware,0.0
549888660,Natt,1.0
549899109,Biagio Alfonso,0.0
549945494,Jake,1.0
550010212,Jostee,0.0
550032475,Helena,0.0
550045719,Philippa,0.0
550045973,Chen,0.0
550060503,Reema-Pass The Keys,0.0
550065678,Esther,0.0
550136635,Lawrence Adedapo,0.0
550153771,Louis,0.0
550162344,Cherry,0.0
550171070,Samina,0.0
550250602,Maliha,0.0
550295273,Zsolt,1.0
550306822,Pim,0.0
550310985,Lee,0.0
550323854,Charon,0.0
550395544,Mohammad,0.0
550413703,Will,0.0
550422148,Mayaba,0.0
550439767,Zerah,1.0
550474358,Christelene,1.0
550510243,Andrea,1.0
550523936,Hooi See,0.0
550534146,Sha,0.0
550553361,Sarah,0.0
550555451,Anna,0.0
550611574,Marie,1.0
550630889,Nebojsa,0.0
550634465,Gina,0.0
550641904,Lon,0.0
550645489,Maureen-Pass The Keys,1.0
550657846,Elizabeth,0.0
550677090,Travelnest,1.0
550677268,Umar,0.0
550687188,Jo,0.0
550729367,Zhang,0.0
550741242,Pasiree,0.0
550796191,Andrew,0.0
550800784,Rimvydas,0.0
550822000,Janos,1.0
550838078,Anastasia,0.0
550839671,Aclass,0.0
550872024,Poi Yean,0.0
550913024,Sandy,1.0
550922331,Zhi,0.0
550928537,Boonsom,0.0
550930367,Ying,1.0
550933996,David,1.0
550943400,Gabriel,0.0
551032924,P.S,0.0
551036569,Proudpicha,0.0
551055930,Shina,0.0
551070678,John,0.0
551074509,Short Stories London,1.0
551089452,Audrey,1.0
551159793,Watchara,0.0
551175440,Home In Sydney,1.0
551178846,Nancepreet,0.0
551180176,Piyanuch,1.0
551199071,Patcha,0.0
551204157,Unplugged At Bangrak,1.0
551228902,Zihan,0.0
551256390,Lavelle Serviced Apartments,0.0
551263159,Iain,0.0
551289293,Owner,0.0
551293031,Cristobal,0.0
551297732,Patchaneeya,0.0
551319563,Varsha,0.0
551322629,Victoria Jane,0.0
551333983,Pawarisa,0.0
551346991,David,0.0
551352826,Luping,0.0
551361469,Punjarat,1.0
551368147,Ville Vivre,0.0
551377840,Rungtham,0.0
551406595,Izabella,1.0
551424169,Ivaylo,0.0
551426148,Kiran,1.0
551442475,Eileen,0.0
551443823,House,0.0
551480918,Sumalee,0.0
551490957,GuestReady,0.0
551495634,Victoria,0.0
551500183,Pot,1.0
551505289,Remus,0.0
551532825,Amr,0.0
551533272,GuestReady,0.0
551536267,Calum,0.0
551537255,Zeqi,0.0
551543502,John,0.0
551577904,Miss,0.0
551591306,Coumba,0.0
551615374,Mario,0.0
551622468,Chutchavit,0.0
551627339,Sarida,1.0
551638447,Stacie,1.0
551649547,Riti,0.0
551682195,Unknown,
551683468,Grange Buckingham Hotel,0.0
551684053,Unknown,
551701589,GuestReady,0.0
551729413,Veronica,0.0
551734547,Mustafa,0.0
551736032,Kekelwa,1.0
551769714,GuestReady,0.0
551778703,Di Di,0.0
551793218,Kalam,0.0
551804827,Taean,0.0
551810263,Sophie,0.0
551811684,Elvis,0.0
551820966,Jonathan,0.0
551843511,Ms A,0.0
551854932,Wichit,0.0
551902531,Nuhu,0.0
551942366,Tony,0.0
551951609,Seeker Estates LTD,0.0
551979202,Marcos,0.0
551986061,Elm Apartments,0.0
552013018,Steve,0.0
552060677,Ben,0.0
552065685,Sethiwan Park Luxury Apartment,1.0
552091407,GuestReady,0.0
552097455,Nadine,1.0
552106381,Leticia,1.0
552107566,Yevgen,0.0
552116609,Steve,0.0
552125586,Sutita,0.0
552150783,Alev,0.0
552192255,Lin,0.0
552206300,Dieu,1.0
552225942,Dominic,0.0
552228867,Riinny,1.0
552232633,Erika,0.0
552276501,Nor,0.0
552311975,Lucia,0.0
552318685,Erica,0.0
552321074,Lawrence,0.0
552352732,Stephanie,0.0
552368592,Hadwaz,0.0
552444224,Ionut,0.0
552447275,Boonrasri,0.0
552474756,Ormm,1.0
552518511,Naeem,0.0
552547824,Muneeb,0.0
552582179,Ying,0.0
552596688,Lea,1.0
552620956,Sophie,0.0
552644902,Ala,0.0
552653549,Avdeep,0.0
552690203,Sasha,0.0
552694900,Carlo,1.0
552776658,Akram,0.0
552790430,Jade,0.0
552821044,Myat,0.0
552823637,Deana,0.0
552872986,Adam,0.0
552878233,GuestReady,0.0
552879966,⁨Pederic1986⁩,0.0
552892389,Christeena,0.0
552913589,Manuel Adalid,1.0
552958627,Frances,1.0
552970501,Bernard,0.0
552987115,Kelly,1.0
553006849,Shayle,0.0
553046587,Narastay,0.0
553054377,Michael,0.0
553054741,谢姑娘Villa Hotel,1.0
553056079,Krish,0.0
553060624,安琪,0.0
553071230,Peerawee,0.0
553086589,Terry,0.0
553094464,Luxy Property Ltd,1.0
553172505,Sean,0.0
553213314,Lanre,0.0
553216754,Ave I Can Be Your Guide Too,0.0
553248985,Ling,1.0
553256282,Khaosan,0.0
553258565,Rasradee,0.0
553259807,RnR Stays,1.0
553275545,Fev,0.0
553280001,Alex,0.0
553288960,Pacharanut,0.0
553299496,Cam,0.0
553347429,Justin,1.0
553430878,Thirada,0.0
553437967,Darby,0.0
553450813,Doctor,1.0
553472507,จื่อปิน,0.0
553491820,Ti Thong Hostel,0.0
553516729,Eriselda,0.0
553521596,Ponpak,0.0
553531976,Hamit,0.0
553589072,Ann,0.0
553596605,Paruja,0.0
553725331,JayJay,0.0
553762920,Geoffrey David,1.0
553765283,Harlington Stays,0.0
553786248,Harry,0.0
553832471,Hussain Mubeen,0.0
553841458,Louis,1.0
553849928,Ancuta,0.0
553858995,Sagar,0.0
553867772,Antony,1.0
553900000,Pimmada,1.0
553927562,Bodin,1.0
553953567,Deivid,1.0
554014331,Mo,1.0
554034785,Francesca,0.0
554058533,Lucy,0.0
554073867,Kenny,1.0
554115881,Ade,0.0
554153813,Joana,0.0
554162981,Roamrest,0.0
554166600,Bella,1.0
554173671,Chris,1.0
554188114,Noshin,0.0
554192207,Ross,0.0
554288511,Amita,0.0
554289933,Ali Amir,0.0
554291011,Guy,0.0
554359214,Rich,0.0
554369105,Jidaphar,0.0
554369808,Shanna,0.0
554377720,Victoria,0.0
554380475,⁨อิสราภรณ์⁩,0.0
554386376,Domenico,0.0
554387106,Luidi,0.0
554396224,Olusola,0.0
554397869,Travelnest,0.0
554427092,Lesley-Anne,0.0
554494802,Saba,1.0
554524992,Agnes,1.0
554580528,Eddie,1.0
554598774,Onboarding,0.0
554606146,Thomas,0.0
554625114,Pongpan,1.0
554627476,Atthaphon,0.0
554628437,Ron,0.0
554659439,Koon Shan,1.0
554668901,Clark,1.0
554719232,KeyHost Solutions,0.0
554724698,Dee Mc,0.0
554727183,Sashikala,0.0
554731583,Md,0.0
554760111,Sebastian,0.0
554774264,Piraya,0.0
554808092,Mark,0.0
554869621,Woodford Hotel,0.0
554938699,Glen,0.0
554996996,Deanna,0.0
555013125,⁨1988 Homes⁩,0.0
555025447,Dolly,1.0
555090272,Attilio,0.0
555130219,Slothome,1.0
555130850,Valtencir,0.0
555155179,Alex,1.0
555174885,Gregory,0.0
555194955,Pramote,1.0
555202765,Tara,0.0
555205870,Kristel,1.0
555212738,Anna,1.0
555219821,Annie,0.0
555261058,Hany,0.0
555265491,Pornrudee,0.0
555265721,Hina,1.0
555266530,Nicholas Pass The Keys,1.0
555302428,Reji,0.0
555308385,Ray,0.0
555329114,Charlie,0.0
555348745,Adam,0.0
555350147,Krishna,1.0
555352539,Mamta,0.0
555379606,Stay Vista,1.0
555413429,Jk,1.0
555421765,Stephen,0.0
555425750,Sara,0.0
555433619,Luz A,1.0
555449541,Hydeshortstays,0.0
555461435,Phitchayanan,0.0
555467585,Giacomo Alessandro,0.0
555475582,Jade,0.0
555497411,Ketan,0.0
555507685,Travelnest,0.0
555565613,Mohammed,0.0
555566629,Julia,1.0
555573013,Chipego,0.0
555616840,Supannee,0.0
555636030,Nabeel,0.0
555663370,Lia,0.0
555695758,Zoran-Pass The Keys,0.0
555748418,Dominic,0.0
555799266,Zara,0.0
555836071,Narongsak,0.0
555861188,Charles-Pass The Keys,0.0
555865981,Silvia,0.0
555904215,Syed,0.0
555941106,Ronkee,0.0
556007383,Mameaw,0.0
556018125,Thonglor Suites Hotel,0.0
556018633,Omni Suites,0.0
556019565,Julie,0.0
556020469,Bhupendra,1.0
556029339,Tam,0.0
556030556,Oladapo,0.0
556050064,Jagoda,0.0
556134649,Louise,0.0
556197187,Peter,0.0
556199198,Zee,0.0
556224252,Tiger,0.0
556225898,Nathalie,0.0
556236184,Chanin,0.0
556282224,Alexandra,0.0
556340592,Rukaiya,0.0
556341476,Yitzchak,0.0
556371974,Prae,0.0
556373404,Victor,0.0
556378740,Jacquie,1.0
556379932,Ray,1.0
556401137,Enrico,0.0
556421694,Shraddha,0.0
556429757,Florence,0.0
556450893,Yvette,0.0
556500813,Georgia,0.0
556570817,Angie,0.0
556589699,Dariyan,0.0
556597629,Phonlapee,0.0
556602761,Mykhailo,0.0
556618040,Wick,0.0
556628305,The Guest House,0.0
556665967,Jaber,0.0
556671271,Gorsi,1.0
556675688,Luke,1.0
556676200,Dca,0.0
556679161,Pedro,0.0
556722961,Laura,1.0
556785711,Shirley,0.0
556795620,เสริมลาภ,0.0
556832023,Christopher,0.0
556836769,Divine Stays,0.0
556841440,Phinyada,0.0
556862261,Zaneta,0.0
556871407,Champ,0.0
556905091,Zak,0.0
556911770,Leila,0.0
556930546,Shireen,1.0
556944690,Samer,0.0
556979971,Tong,0.0
556988856,Devin Li,0.0
556993453,Little Vacation,0.0
556999718,GuestReady,0.0
557002048,GuestReady,0.0
557016739,Tatiana,0.0
557019159,Ingrid,0.0
557023256,Tessa,0.0
557034283,Sam,0.0
557039410,Adil,1.0
557066724,Steffan,1.0
557105325,Allan,0.0
557116617,Sibel,0.0
557132284,Jwany,0.0
557136773,Frederick,0.0
557175636,Jeffery,0.0
557184494,Zees Homes,0.0
557194810,Femi,0.0
557212933,James,0.0
557220520,Joan,0.0
557230410,Nipakorn,0.0
557240527,Samanun,0.0
557276067,Francesco,1.0
557353849,Ascella,0.0
557366913,Jennifer,0.0
557379201,Bob W London Tower Hill - Residences,0.0
557394246,Jerry,1.0
557430663,Akash,0.0
557433014,Farida,0.0
557442194,Alice,0.0
557459496,Piyush,0.0
557470130,Marcus,0.0
557510519,Khemmawan,0.0
557513692,Florence,1.0
557515512,Gulshan,0.0
557527323,Peace,0.0
557569925,Chonticha,1.0
557586833,Matt,0.0
557683315,Matheus,0.0
557687343,Thathinee,0.0
557691907,The LANE Admin,1.0
557705404,Sunny,0.0
557710252,Angeline,1.0
557767244,Tom,1.0
557777968,Twelve Thirty,0.0
557778372,Hoorain,0.0
557884404,Usha Kiran,0.0
557898037,Paul,1.0
557908602,กนกวรรณ,1.0
557959639,We Hotel,0.0
557967780,Roddy And Manny,1.0
557977316,Poonam,1.0
557981407,Muhammad,0.0
558001432,Virginie,0.0
558011918,Terry Wu,0.0
558084297,Piyachat,0.0
558084639,Xq,1.0
558133868,Kemas,0.0
558136922,Tugce,0.0
558138121,Alfred,0.0
558169097,Pp,0.0
558182295,Suphansa,0.0
558193581,Liam,0.0
558204575,Duang,1.0
558245039,Yunus,0.0
558256678,Eleonora,0.0
558287629,Ehsaneh,0.0
558339332,Gabriel Ehi,0.0
558369017,Travelnest,0.0
558388398,Jannik,0.0
558389559,Miki,0.0
558397701,Mobo,0.0
558417264,Danusha,1.0
558418420,Arfan,0.0
558476068,Darren-Pass The Keys,0.0
558489448,Tina,0.0
558491559,Xiaoshan,0.0
558505747,GuestReady,0.0
558524332,Tien Hao,0.0
558537562,Deb,0.0
558566698,Janade,0.0
558639128,Sunni,0.0
558643080,Yanting,0.0
558681191,Sofina,0.0
558703273,Reda Hassan,0.0
558735689,Nutty,0.0
558748283,Valerie Deborah,1.0
558763723,Lottie,0.0
558773031,Diana,0.0
558835513,Rosemary Alice,0.0
558836478,Hewe,0.0
558843118,Xian,0.0
558843777,Xian,0.0
558844349,Xian,0.0
558870299,Maddy,0.0
558884604,Furkan,1.0
558884769,Lucia,0.0
558914890,Luxury,0.0
558978617,Carmen,1.0
558992843,StayBKK,1.0
559022782,Fanny,0.0
559034182,Maria Gabriela,1.0
559034224,Aree,1.0
559052309,Jenny,1.0
559053195,Janet,1.0
559146032,Masoud,0.0
559168466,Daniela,0.0
559169759,Julianne,0.0
559200769,Sue,0.0
559210484,Jaime,0.0
559250308,Zee Homes,0.0
559337182,Clark Property Estates,0.0
559370457,GuestReady,0.0
559371690,Stupid Stay,1.0
559386652,Alan,1.0
559390827,Chill In Bangkok By J YO,1.0
559423902,Eva,1.0
559423912,Tuba,0.0
559428986,Jian Chun,0.0
559429077,Felicia,0.0
559429747,Thoppayil Realty Groups,0.0
559461550,Ivy,0.0
559486819,Cem,0.0
559533203,Jiwon,0.0
559552538,Tony,0.0
559585389,Lilia,0.0
559592932,Nattee,1.0
559606191,Full Smile,0.0
559622460,Jordan,0.0
559632886,Kamar,0.0
559648202,Carolina,0.0
559676846,Malika,0.0
559744698,Kunyanut,0.0
559759002,Thatchapol,0.0
559769140,Mark,0.0
559774461,Nichapa,0.0
559781080,Mark,0.0
559789567,Fm,0.0
559792257,Ebenezer,0.0
559860999,Amit,0.0
559891934,Belle,0.0
559894187,Mary,0.0
559908002,You Happy,0.0
559917005,Krittika,0.0
559920841,David,0.0
559927476,Daniel,0.0
559929072,Doina,0.0
559938565,Amelia,0.0
559944711,The Lincoln,0.0
559948928,Alex,0.0
559952958,Dona,0.0
559981913,Vadim,0.0
560047122,Jane,0.0
560072103,Juthamard,0.0
560078519,Bryonie,1.0
560088184,Yann,0.0
560088265,Karim,0.0
560094227,Sathit,0.0
560103454,Nattaporn,0.0
560118056,Grabsleep,0.0
560133679,Rafat,0.0
560140088,Tisa,0.0
560187082,Bobby,1.0
560210754,Hassin,0.0
560259708,Arlowe Baxter Ltd,0.0
560313833,Oliver,0.0
560346228,Mariola,0.0
560407464,Qianwei,0.0
560417077,Juta,0.0
560431836,Oijai,0.0
560435024,Lorina,0.0
560440178,Roy,0.0
560441046,Cong Hoang,1.0
560446688,Master,0.0
560446759,Siobhan,0.0
560464332,Sam,0.0
560485935,Efrén Alexander,0.0
560487312,Siobhan,0.0
560535799,Roman,0.0
560543956,Kara,0.0
560571543,Qaisar,0.0
560579532,Soho,0.0
560611793,Noom,1.0
560636015,Thipchaya,0.0
560638983,Neena,1.0
560645193,Parvez,1.0
560659394,Brian,0.0
560668111,Samir,0.0
560681443,Songsak,0.0
560693039,Rotimi,0.0
560764569,Andrew,0.0
560768079,Natthakarn,0.0
560797369,Narida,0.0
560824568,Selina,0.0
560844858,Brij Pal,0.0
560888041,Oli,0.0
560906616,Oguz,0.0
560929772,Nina,0.0
560930271,Tianna,0.0
560931964,Anna-Pass The Keys,0.0
560947471,Tony,0.0
560961163,James,0.0
560965216,Amy,0.0
560967831,Nuttawat,0.0
560987982,Blue,0.0
560992225,Pornpavee,0.0
560996301,Dao,1.0
560999410,Elena,0.0
561010097,Ancuta,0.0
561022219,Tora,0.0
561054101,Buket,0.0
561136064,Emily,1.0
561176441,Omd,0.0
561204880,Blue,0.0
561239108,Chiara,1.0
561282494,Fiona,0.0
561306970,Tony,0.0
561353147,Selvin,0.0
561381288,Paradiso,0.0
561381474,Andrew,0.0
561400320,Airhosts,1.0
561438573,Worapatipon,1.0
561483091,Olushola,0.0
561489353,Edgar,0.0
561507591,Marina,0.0
561566148,Beverly,0.0
561631032,Sira Chanrith,0.0
561635162,Ronnakrith,0.0
561665680,Hyder,0.0
561690308,Abel,0.0
561723091,Puja,1.0
561730787,Vagner,0.0
561773374,Daniel,0.0
561818491,Nas,0.0
561840277,⁨F.F.⁩,1.0
561848999,Malique,1.0
561856264,Alane,0.0
561917040,Chelsea,0.0
561954793,Lauren,1.0
561972005,Witchayut,0.0
561987199,Jirapha,0.0
561997704,McBull Facilities Management Ltd,0.0
562039487,Wanda,0.0
562077140,Mohammed,0.0
562080247,Caleb - Pass The Keys,1.0
562082701,Shahid,0.0
562083048,Jobi,0.0
562109637,Linh,1.0
562117219,Whouse,0.0
562231212,Ivete,0.0
562232274,Sandrine,1.0
562290201,Ploy,0.0
562353962,Rowena,0.0
562388412,Michalis,0.0
562401992,Stephanie-Pass The Keys,0.0
562433639,Atchrawitch,1.0
562437799,Paddy,1.0
562478969,Brian,0.0
562495998,Sirinada,1.0
562525505,Joey,0.0
562540437,Miles,0.0
562584765,Mahabuba,0.0
562606726,Jean,0.0
562607972,Pichamon,0.0
562618962,Sak,0.0
562635313,Jide,0.0
562638308,Fiorella Alexandra,0.0
562682019,Billy,0.0
562683404,Sharell,0.0
562727583,CDN Homes,1.0
562751762,Wael,0.0
562754817,Steven,0.0
562755835,Sameer,0.0
562790464,Chutima,1.0
562805412,Passa,1.0
562808770,Geng,1.0
562823829,Fabiana,0.0
562837904,Georgia,0.0
562840939,Dararat,0.0
562847587,Saffron,0.0
562861031,Leyla,0.0
562890030,Tullia Sarah,0.0
562936690,David,1.0
562983193,Sasipat,1.0
563017497,Wei,0.0
563050881,The Other House South Kensington,1.0
563053164,Sisi,0.0
563084700,Karazo LTD,1.0
563099163,Kristy,0.0
563107589,Corey,0.0
563131652,Patrick,0.0
563138282,Jerry,0.0
563153188,Pauline,1.0
563155650,Kristy,0.0
563157005,Chuenjit,0.0
563170398,Naruthep,1.0
563174122,Paul,1.0
563189194,Cayla,1.0
563192868,James,0.0
563236137,Goldie,0.0
563263612,Nick,0.0
563275686,Michael,0.0
563336212,Jaradgon,0.0
563346061,Phil,0.0
563363036,GuestReady,0.0
563376590,Oli,0.0
563408929,Phongthep,1.0
563422107,Rosemary,0.0
563453616,Emiliene,0.0
563508035,Chavakarn,1.0
563514724,Mahwish,0.0
563534733,GuestReady,1.0
563536517,Haibin,0.0
563539522,Aziza,1.0
563540262,Maxim,1.0
563551149,Nita,1.0
563554371,Peter James,0.0
563585749,Mabel,0.0
563617637,Bozika,0.0
563644426,Safa,0.0
563671449,Malee,0.0
563709875,Ken,1.0
563805058,Tiberiu,0.0
563844665,Payal,1.0
563855989,Grace,0.0
563858896,Raphael,1.0
563884775,Patricia,0.0
563903341,Lorraine,0.0
563914833,Lorraine,0.0
564044350,Timothy,0.0
564055882,Lili-Ann,0.0
564086153,Sue,0.0
564087669,Iryna,1.0
564168659,Alexander,0.0
564210248,Poungpetch,0.0
564232800,Dee,1.0
564235596,Mia,1.0
564239996,William,0.0
564240353,Emmanuel,0.0
564270404,Saba,0.0
564296203,Dr.Chalit,0.0
564306682,Waqas,0.0
564323979,David,0.0
564332199,David,0.0
564406023,Xian,1.0
564406815,Xian,0.0
564418947,Janete,0.0
564419954,Asma Pass The Keys,0.0
564422770,Eurico,1.0
564437121,Dolly Roek,0.0
564442940,Taskin,0.0
564449317,Mohasin,1.0
564450329,Lira,0.0
564460072,Durdarshan Shree,0.0
564504239,Usanee,1.0
564553313,Aileen,0.0
564556597,Veronique,1.0
564603069,Lisa,1.0
564608871,Taran,0.0
564632353,GuestReady,0.0
564659561,Karthika,0.0
564664055,Deepa,0.0
564702254,Aubrey,0.0
564722126,Mia,1.0
564722352,Kim,0.0
564724822,Castle Management Solutions,1.0
564766544,Derk,0.0
564792788,林,0.0
564808079,Lesley,1.0
564864222,Behrad,0.0
564874392,Emmanuel,0.0
564917155,Boshi,0.0
564925430,Kai,1.0
564927912,Arita,0.0
565021759,Isatrad Properties,0.0
565074874,Paul,0.0
565078667,JBHome,0.0
565087050,Tusdao,0.0
565109986,Happy Family,0.0
565121065,Mo,0.0
565138057,Sebastian,0.0
565158078,Keerthi Singarahalli,0.0
565198960,Gurdip,0.0
565228032,Little Soy,1.0
565274006,Trisztan,0.0
565278969,Warisara,1.0
565291753,Michael,1.0
565319365,子騫,0.0
565326078,Nathan,1.0
565330414,Farjana,0.0
565353547,Tomiwa Lodgings Ltd,0.0
565370966,Marcia,0.0
565445624,Samnao,0.0
565445853,Rawin,1.0
565461822,Relax Home,1.0
565477956,Arty,0.0
565482078,Nathan,0.0
565482688,Simon,0.0
565487857,Sweet Home,0.0
565495806,Mowbray Court Hotel,0.0
565503030,Michael,1.0
565512256,Ela,1.0
565535070,Fazila,0.0
565576694,Josh,1.0
565620200,David,0.0
565627935,Ken,1.0
565637452,Lucy,0.0
565644138,Darren,0.0
565648970,Robert,0.0
565658342,Fred,1.0
565662950,Aka,1.0
565666710,Khadija,1.0
565668593,Donna,0.0
565678413,Alongkorn,1.0
565701433,Samia,0.0
565756999,Will,0.0
565831427,Anna,1.0
565863042,La Suite West Hotel,0.0
565873607,Finley,0.0
565886655,Samer,0.0
565894870,Bob W London St Paul's,0.0
565900307,Carl,0.0
565917879,Servet,0.0
565917914,Mohammed,0.0
565935002,Simon,0.0
565951744,Shik,0.0
565965713,Penny,1.0
566111208,Hasan,1.0
566130510,Bob,0.0
566173162,Norbu,0.0
566184103,淑力,0.0
566202074,Suzy,0.0
566288552,Esther,0.0
566314421,Belinda,0.0
566316639,Bunk,0.0
566318741,Michael,0.0
566336934,Aya,0.0
566368193,Raizel,0.0
566369062,Aristotle,1.0
566401939,Sharon,0.0
566449338,Karo,0.0
566453381,Gabriella,1.0
566470991,Jean,0.0
566498249,Lisa,0.0
566523694,Qi,0.0
566539725,Maria Cristina,0.0
566569143,Mudi,0.0
566570822,Yasmine,0.0
566600680,Elizabeth,0.0
566656329,De Botan Bangna,0.0
566660493,Lan,0.0
566660601,Fabien,0.0
566670568,Kwanlak,0.0
566674171,Abdul,0.0
566680279,Perfect Booking,1.0
566684670,Vera,0.0
566749483,Raymond,0.0
566789949,Kashka,0.0
566790841,Ebrahim,0.0
566820449,Huy Thong,0.0
566829053,Minati,1.0
566838652,Joseph,1.0
566841410,Annalisa,0.0
566841812,Rhosis LUX,1.0
566853521,Leon,0.0
566863033,Windsor,0.0
566880083,Monica,0.0
566880737,Adriana,0.0
566921193,Sylwia,0.0
566969871,Sanata,1.0
566990485,Reception,0.0
567009347,Hassan,0.0
567050915,Julie,0.0
567068907,Ian,0.0
567074148,Karyn,0.0
567074965,Loza,0.0
567092842,Ian,1.0
567109519,Johanna,1.0
567116618,Marissa,0.0
567126784,Juan Camilo,0.0
567156143,P,0.0
567167241,Samantha,1.0
567172859,Francesco,0.0
567182642,Beslan,0.0
567192567,Efekelu,0.0
567233209,Reza,0.0
567237182,Margaret,0.0
567288790,Stay Group,1.0
567309124,Nattawat,0.0
567321513,Olaitan,0.0
567339377,Alexander,0.0
567354843,Debra,0.0
567374609,Devon,0.0
567421824,Yasmin,1.0
567436919,Rabia,0.0
567437112,Huda,0.0
567444767,Bessy,0.0
567461049,Jantana,0.0
567461633,David,0.0
567532810,CiCi,0.0
567537719,Arturas,0.0
567554638,Amila,0.0
567568542,Shipi,0.0
567587778,Sam,0.0
567635176,Maddie,0.0
567666812,Travelnest,0.0
567667699,Haonan,0.0
567672415,Greg-Pass The Keys,0.0
567684634,Enrique,0.0
567713872,Phyo,0.0
567719561,Lydia,0.0
567735613,Jen,1.0
567749962,Afif,1.0
567751596,Sam,0.0
567766058,Nikan,0.0
567769825,Simone,0.0
567786795,Debbie,0.0
567807459,Kai,0.0
567843364,Ihab,0.0
567846166,Arif,0.0
567847919,Annie,1.0
567850902,Marco,0.0
567855870,Domingos,1.0
567858208,Martina,0.0
567907157,Fabio,0.0
567915882,Gina,1.0
567929418,Oladele,0.0
567935399,Alicia,0.0
567941707,Mo,0.0
567953138,Dawn,0.0
567956764,Homelike Stays,0.0
567981654,Nongnuj,0.0
567987109,Mark,0.0
567996219,Scn,0.0
568021432,Oliver,0.0
568025065,Ioana,0.0
568025977,Abhishek,0.0
568033853,Harry,0.0
568055232,Supphathida,0.0
568072460,Marsel,0.0
568160106,Nana,0.0
568168815,Mickey,0.0
568189446,Panjai,0.0
568193834,Sam,0.0
568196268,Ibrahim,0.0
568227451,Lee Samantha,0.0
568251519,Ana-Maria,0.0
568290972,Caroline,0.0
568292175,Akeem Cortez,0.0
568298944,Jiahao,0.0
568300213,Abrahim,0.0
568346372,Abhishek,0.0
568354418,Abhishek,0.0
568358469,Vanita,0.0
568363817,Pisit,1.0
568366767,Nadia,0.0
568375716,Cheval Calico House,0.0
568376554,Cheval Hyde Park Gate,0.0
568385930,Harry,1.0
568399142,Siva,0.0
568442292,James,0.0
568459332,Louisa,1.0
568473217,JAMES Junior,1.0
568476653,Natalie,0.0
568485012,Samir,0.0
568520441,Pierre,0.0
568528400,OTAs Infinity,0.0
568540222,Paul,1.0
568555779,Fabiana Julia,0.0
568562235,Fiona,1.0
568601541,Armando,0.0
568607351,Sue,1.0
568661462,Passorn,1.0
568681159,Thambaphol,1.0
568694618,Om Prakash,0.0
568714104,Ramos,0.0
568734560,Tee,0.0
568780403,Davoud,0.0
568811688,Ramos,0.0
568838554,Vattey,0.0
568846313,LineBangkok,0.0
568851348,Auguste,0.0
568855197,Barbara,0.0
568865725,Linda,0.0
568868078,Alex,1.0
568947994,Rufina,0.0
569011236,House Mode,0.0
569022745,Abhishek,0.0
569055033,Dz,0.0
569075802,Paisarn,0.0
569077310,GuestReady,0.0
569078271,Chummy,1.0
569111469,Lucci,0.0
569113185,Robert,0.0
569120920,Ilia,0.0
569125239,MainStayz,0.0
569136355,Man,0.0
569158333,Lucky,0.0
569183050,W,1.0
569193201,Chen,0.0
569203246,Crystal,0.0
569226178,Nina,0.0
569233447,Alesha,1.0
569237776,Pedro,0.0
569260882,Leon,0.0
569306239,Jozsef,0.0
569338189,Mark,0.0
569342557,Pornnapa,1.0
569353577,Mehdi,0.0
569356710,Jacques,0.0
569376389,Dwight,0.0
569420329,Davide,0.0
569455255,Islam,0.0
569499031,Angus,1.0
569499278,Vithon,0.0
569499308,Sol,0.0
569530927,Akapong,0.0
569532590,Shushi,1.0
569549823,Islam,0.0
569601284,Ahmed,0.0
569602482,Wandee,0.0
569603971,Вика,0.0
569605956,Shijin,0.0
569616320,Namhom,1.0
569632365,Uroos,0.0
569665824,Pooklook,0.0
569707975,Eva,1.0
569745372,Mahmoud,0.0
569781228,Amandeep,0.0
569799443,Norapatr,0.0
569843771,Seyi,0.0
569844221,Mathey,0.0
569847345,Ian,0.0
569856211,Bradley Roy,0.0
569873604,Deji,0.0
569882162,Ela,0.0
569906005,Tellaris,1.0
569957158,Sithiphol,0.0
569984559,Samantha,0.0
569987357,Joël,0.0
570000251,Alisha,0.0
570015775,Vira,0.0
570023773,Kerry,0.0
570059083,Arbor Group,0.0
570105046,Sowban,0.0
570142773,Chu,1.0
570147286,Dr. Donn,1.0
570157901,Adeola,0.0
570158588,Patcharapon,0.0
570177188,Ibi,0.0
570186320,Amporn,0.0
570208400,Binny,0.0
570227122,Jeffrey Pass The Keys,0.0
570248412,Maryam,1.0
570249199,Lule,0.0
570271119,Funmi,0.0
570309679,Koi,0.0
570313436,Suhaibu,0.0
570323569,All Occasion Cruises,0.0
570325314,Abhishek,0.0
570351585,Cheval Gloucester Park Hotel,0.0
570377284,Markus,0.0
570383824,Minhua,0.0
570402504,Florian,0.0
570421556,Ian,1.0
570434130,Jade,0.0
570443420,Hy,0.0
570445265,Mfm,0.0
570447699,Easlyn,0.0
570496056,Xiaoshan,1.0
570498477,Taiwo,0.0
570512484,⁨Sparcle 61⁩,0.0
570517505,Resonance Stays,0.0
570519077,Josh,0.0
570549054,Dami,0.0
570552503,Sarah,0.0
570557893,Patara,0.0
570574780,Julius,1.0
570630056,Khy,1.0
570640880,Bilgola Host,0.0
570683562,Numa London Bloomsbury,0.0
570684423,Ola,1.0
570695004,Salisa,1.0
570710126,Laura,0.0
570793250,Callum,0.0
570838371,Sirichai,1.0
570839085,Nunuu Sky,0.0
570885833,Nabila,0.0
570896907,Rujisaya,1.0
570918381,Teekay,0.0
570928050,Aga,0.0
570947675,Peter,0.0
571025703,爱彼迎旅行家,0.0
571090947,Poochie,0.0
571131704,Mikaeel,0.0
571148021,Babor,0.0
571196508,Ermira,0.0
571232847,Kimberley,1.0
571253911,Ciaran,0.0
571257257,Miral,1.0
571281038,Omolola,0.0
571296409,Linda,0.0
571301062,Denisa,1.0
571301649,Mariam - Pass The Keys,0.0
571362937,Elizabeth,0.0
571384507,Thongnak,0.0
571398389,Julie,0.0
571403244,Julie,0.0
571412368,Chavisa,0.0
571416758,Liz,0.0
571419033,Asare,0.0
571448518,Chi,0.0
571459045,Sophie,0.0
571503395,Mei,0.0
571521643,Buppa,1.0
571533246,Lisa W,0.0
571534594,Nathalie,0.0
571553646,Karina,0.0
571575978,Kan,0.0
571589729,Laura,0.0
571591735,Thanon,0.0
571620611,Muhammad Usama,0.0
571647912,Pato,0.0
571680119,Andy,1.0
571709556,Phanin,0.0
571718533,Wanwisa,0.0
571722941,Jingyu,0.0
571733916,Sara,1.0
571745053,STen Homes And Villas,0.0
571751645,Jojo,1.0
571776938,Vira,1.0
571802159,Hannah,0.0
571817021,An,1.0
571865886,Jemael,0.0
571868095,Patdanai,0.0
571880974,Olga,1.0
571886983,Edith,0.0
571890141,Courtney,0.0
571897091,Zeynep,0.0
571898267,Oz,1.0
571929377,Moiz,0.0
571929897,Nicholas,0.0
571935705,Zain @ Opuluxe Stays,0.0
571946233,Haydar,0.0
572046557,สิโนทัย,0.0
572131753,Sky Haven,0.0
572230072,Visual Domain,0.0
572230565,Chrissie,0.0
572230706,Faisal,0.0
572232664,Ndidi,1.0
572238116,Jia-Yun,0.0
572260418,Keyanu,0.0
572286459,James,0.0
572335690,Aj,0.0
572411364,Abhishek,0.0
572419854,Cathy,1.0
572422963,M,1.0
572433711,Napatsorn,0.0
572466675,Esther,1.0
572481218,Agnes,0.0
572492296,Ibra,0.0
572503357,Don,0.0
572570664,Ricardo,0.0
572579772,Lagkana,1.0
572596980,Mark,0.0
572607396,Kaye Kristina,0.0
572635286,William,1.0
572635602,Mona,0.0
572638929,Rattikhon,0.0
572647721,Lucy,0.0
572679745,Kimia,1.0
572682123,Munuse,0.0
572760789,Ton,0.0
572768805,Nicolas,0.0
572772013,Andrea,0.0
572775843,Kaiyue,0.0
572793593,Florida,0.0
572812362,Joseph Christian,1.0
572819927,Eliane,1.0
572833049,Nazmin,0.0
572833291,Sylvia,0.0
572873382,Esma,0.0
572891942,Robin,0.0
572905087,Fenlei,0.0
572935465,Speed From LuxHaus,1.0
572941398,Taniela,0.0
572945065,Deborah,1.0
572978790,Ibrahim,0.0
572979391,Vandana,0.0
573013664,Digby,0.0
573016116,Twayne,0.0
573055696,Roei,0.0
573071259,Amy,0.0
573093271,AAA Urban,0.0
573106909,Tippawan,0.0
573122559,Taha,0.0
573136010,Sneha,0.0
573164117,Thapanee,1.0
573175178,Sharon,0.0
573206628,David,0.0
573213825,Shewin,0.0
573218607,Armaan,0.0
573230744,Thu Huong,0.0
573245554,Ania,0.0
573255077,Charles,0.0
573268154,Austin,0.0
573284616,Natty,0.0
573290561,Yingting,0.0
573291845,Kyran,0.0
573301979,Bing,1.0
573305090,Poonnawit,1.0
573333239,Quins,0.0
573337289,Anil,0.0
573345056,Keen4Property,0.0
573366822,Richard,0.0
573394287,William,1.0
573399713,Richard,0.0
573456528,Dilpreet,0.0
573459280,Ani,0.0
573463636,Thomas,1.0
573498458,Florian,0.0
573531047,Udit,0.0
573557064,Mai Phuong,0.0
573603383,Arie,0.0
573619286,Arlington,1.0
573623579,Gary,0.0
573638953,Agata,0.0
573641321,Finn,1.0
573642476,Madelyn,1.0
573647197,Thitipong,0.0
573653937,Elianna,0.0
573722261,Alex,0.0
573755108,Ingenia Holidays Sydney Hills,0.0
573768664,Abhishek,0.0
573770180,Abhishek,0.0
573794599,Yuling,0.0
573795711,Chantelle,0.0
573810244,Deanna,0.0
573827239,Anna,0.0
573847138,Roman,1.0
573895705,Ana,0.0
573926549,Pk,0.0
573960809,Di,1.0
573967252,Kim,1.0
573988612,Fany,0.0
574039407,Wana,1.0
574057858,Aktar,0.0
574129552,Duke,1.0
574135123,Abhishek,0.0
574149232,SeiNil,1.0
574150185,Brian,0.0
574179974,Lexham Gardens By Cheval Maison,0.0
574182185,Cheval Three Quays,0.0
574186754,Travelnest,0.0
574188005,Roger,0.0
574191708,Q Place Limited,0.0
574199683,Karan-Pass The Keys,0.0
574202546,Kumail,0.0
574216673,Maurice,0.0
574228340,Misun,1.0
574249177,Ge,1.0
574260608,D3 Short Stay,1.0
574265799,Quest Apartments Woolooware Bay,1.0
574311309,Joshua,0.0
574324187,Naj,1.0
574331614,Rachele,0.0
574357849,Mrz,0.0
574367020,Yasser,0.0
574405823,Bee My Guest,0.0
574431723,Pamela-Pass The Keys,1.0
574440128,Helen's House,0.0
574462792,Obelisk Management,0.0
574465415,Priscila,0.0
574529914,Amber,1.0
574534735,Ola,0.0
574557944,Fang,0.0
574592224,Christopher,1.0
574593036,J Splendid,1.0
574614350,Sirinthra,0.0
574655943,Paulette,0.0
574659657,Lulu,0.0
574671847,Jonathan,0.0
574687227,Olga,0.0
574689530,Lee,0.0
574719010,Romeo,1.0
574727776,Christopher,0.0
574748397,Gang,0.0
574756471,Zeeshan,0.0
574783374,Brandon,0.0
574804920,Jimmy,1.0
574812659,Sydney,1.0
574816165,Joanna,0.0
574905609,Collin,0.0
574929398,Alistair-Pass The Keys,0.0
574936545,Zhonglei,0.0
574941902,Coastal Escape Specialists,1.0
574950813,Fabio,0.0
574961016,Natrada,0.0
574981325,Pongpich,0.0
574986942,雷华,1.0
574990903,Denesh Kumar,0.0
575022224,Baitan,0.0
575028763,Amin,0.0
575044628,Olivia,1.0
575047876,Haymon And Mia,1.0
575063859,Tatiana,0.0
575101175,Pasadena Team,0.0
575106859,Vicha,0.0
575148304,Tom,0.0
575150020,Pathom,0.0
575153026,Amita,0.0
575169632,Sayed,0.0
575171220,Fan,0.0
575175324,Ryan,0.0
575196867,Padmini,0.0
575203950,Cristina,1.0
575220966,Jack,1.0
575315392,April,0.0
575339852,Silvia,0.0
575354041,Karl,0.0
575366035,Pass The Keys,0.0
575378677,Phoebe,0.0
575396719,Jas,0.0
575409211,Sirima,0.0
575544192,Good,1.0
575579110,Allen,0.0
575579491,Nantaya,1.0
575600486,Matthew,0.0
575604762,Grace,0.0
575637701,Alexandra,0.0
575651574,Li,0.0
575692855,Chanasit,0.0
575707021,Imran,0.0
575724065,Maison De La Mer,1.0
575813642,Mohammad,0.0
575825330,Karen,1.0
575848291,Brett,0.0
575857258,Peter,0.0
575892904,CDN Homes,0.0
575897686,吉諾,0.0
575917507,Xin,0.0
575924758,Noah,1.0
575943773,Maria,0.0
575971305,Sara,0.0
575985833,Anya,0.0
576042906,Lorna,0.0
576065199,Argyl,0.0
576067490,A,0.0
576069565,EzHome,0.0
576079294,Arreis Living X OG Luxury Suites,0.0
576079610,Anthony,0.0
576098984,Nadia,1.0
576181416,Chino & Alexandra,0.0
576254876,Maria,0.0
576255093,Elisangela,0.0
576293515,Udayan,0.0
576334635,NSOH Giresse,0.0
576340793,Vik,0.0
576355034,Melvin,0.0
576379324,Gso,0.0
576381569,Marcia,1.0
576387897,Ashiqur,0.0
576409436,Nana,1.0
576431555,Chatchapol,1.0
576446898,Felix,0.0
576453150,Maurice,0.0
576505516,Chatichai,0.0
576537832,Elnaz,1.0
576541950,Walid,0.0
576634530,Nsimba,0.0
576644081,Marco,0.0
576656568,Shrishti,0.0
576670383,Eman,0.0
576684937,Arcan,0.0
576703782,Azan,0.0
576710501,Mokhtar,0.0
576725743,Sharif,1.0
576759748,Jirasak,0.0
576778871,Daniel,1.0
576779274,⁨BaanSathorn21⁩,1.0
576783920,KeeNu Doi,1.0
576840691,Al,0.0
576846020,Kaz,1.0
576871082,A,0.0
576889922,Senai,0.0
576931196,Fernando,0.0
576982631,Niyom,0.0
577002233,Withpon,0.0
577025549,Emily,0.0
577063197,Ji Yeon,0.0
577080094,Poran,0.0
577115656,Phet,1.0
577115899,Nana,0.0
577140909,Hortensia,0.0
577142032,Sara,1.0
577144808,Ashwin,0.0
577146837,Jack,0.0
577171800,Wanida,0.0
577173360,Chanel,0.0
577182316,Giamberto,0.0
577192373,Victor,0.0
577223442,Supassorn,0.0
577231736,Stephen,0.0
577242764,Aoy,1.0
577267952,Hathaichanok,0.0
577270849,Brigid,1.0
577276653,Anjana,0.0
577284098,Jenny,0.0
577293982,Selo,1.0
577296427,Amy,0.0
577302011,Candy,1.0
577302515,Kamola,0.0
577318214,Conor,0.0
577327438,Yassir,0.0
577327991,Fola,0.0
577364628,Shakhnoza,0.0
577442376,Homu,0.0
577451572,Nette,1.0
577466115,Ramani,0.0
577473203,Lilly,0.0
577476392,Elena,1.0
577498286,Robert-Pass The Keys,0.0
577502132,Victoria Gonzalez,0.0
577509135,Irena,1.0
577512947,Vrinda,0.0
577542661,Nicola,1.0
577548852,Dewei,0.0
577583663,Abigail,0.0
577585921,Ruken,0.0
577626117,Green Grove,0.0
577644730,Maneerat,0.0
577657375,Pass The Keys,0.0
577657618,Phillip,1.0
577685293,Aryan,0.0
577696052,William,1.0
577712796,Julie,0.0
577713410,Julie,0.0
577793918,Ace Managing Group,0.0
577853843,Joseph,0.0
577858045,Vinita,0.0
577873427,James,0.0
577893849,Fiona,0.0
577956732,Gold Stays Ltd,1.0
577977747,Ken,0.0
577993426,Prisana,0.0
578014802,Prime Silom,0.0
578027936,EasyHotel London Croydon,0.0
578039930,Tee,0.0
578042953,Avondale House,0.0
578131126,Sarah,0.0
578185573,Simon,1.0
578189217,Adeyinka,0.0
578194182,Rebecca,1.0
578223887,Inala Investments,0.0
578230245,Dianna,0.0
578231655,Petch,0.0
578302324,Birtukan,0.0
578375208,Angus,0.0
578384824,Robel,0.0
578401831,Casper,1.0
578408535,Muhammad,0.0
578447802,Ellie,0.0
578463400,Tamara,1.0
578469462,James,0.0
578473767,Pollyanna,0.0
578487174,Elizabeth,0.0
578502644,Dale,0.0
578507914,Amman,0.0
578543271,Alex,0.0
578559860,Budha And Ashley,1.0
578561889,Papi,0.0
578562653,Joyce,1.0
578565716,Maija,0.0
578571164,Reuben,0.0
578609037,Yaowaratch,1.0
578613346,Tejas,0.0
578615965,Serafettin,0.0
578632915,Jerrell,0.0
578641686,Felix,0.0
578643996,Noina,1.0
578663936,Prissana,0.0
578670966,Joe,0.0
578696818,Enes,0.0
578738028,Vish,0.0
578746914,Cynthia,0.0
578747753,Kiara Rose,0.0
578786148,Egerton,0.0
578822209,Barbara,1.0
578828423,Ilwad,0.0
578845217,Linda,0.0
578893807,Abilkasym,0.0
578954638,Troy,0.0
579003816,Lora House,1.0
579008536,Syed Yasir,0.0
579016753,Aggie,0.0
579083741,Grace,0.0
579139454,Stephane,0.0
579148791,Tom,0.0
579186636,GuestReady,0.0
579215436,Samia,0.0
579216124,Taiwo,0.0
579222017,Tanya,0.0
579230190,Jo Jo,1.0
579304781,Shalim,0.0
579465210,Kanwal,0.0
579487063,Puifai,0.0
579510008,Woodlands,0.0
579546662,Nova,1.0
579560269,Prabhash,0.0
579574056,Tess,1.0
579579697,Tnn,1.0
579676136,Brianna,0.0
579728905,Salah Ali,0.0
579755511,Carmen,0.0
579763808,Piyapa,1.0
579770952,Marina,0.0
579782172,Areerat,0.0
579789948,Ali,0.0
579817877,Peter,0.0
579865175,Tip,1.0
579873796,Pari,1.0
579881374,Vic,1.0
579895755,Pat,0.0
579940040,Yasmin,0.0
579958059,Monika,1.0
579965742,Mughees,0.0
580025546,Sofo Properties,0.0
580044272,Saharat,0.0
580050233,Harrington Park Lake House,1.0
580054408,Saharat,0.0
580113238,Ingrid,0.0
580174219,Majid Ur,0.0
580193341,Ashanti,0.0
580209403,Besmir,0.0
580234576,Nasima,0.0
580236985,Ketan,0.0
580263186,Jay,0.0
580278998,Kieran,0.0
580291561,Supoth,1.0
580294194,Camilla,0.0
580295188,Stephen,0.0
580313940,Carlos Mario,0.0
580321087,William,0.0
580330802,Tianyuan,0.0
580330879,Arjan,0.0
580355875,Hanna,0.0
580371645,Edward James,0.0
580375736,Nayden,0.0
580384876,Anna,0.0
580498096,Maryam,0.0
580499068,Andrew,0.0
580510676,Eric,0.0
580511364,Aaron,0.0
580518546,Lucas,1.0
580521294,Furkan,0.0
580594162,Sade,0.0
580651867,Chalat,1.0
580668189,Anthony,0.0
580677945,Beth,1.0
580686563,Jantima,1.0
580710466,Yousif,1.0
580723368,Loney Miller,0.0
580729336,Shaw,0.0
580821825,Ashab,0.0
580844672,Syed,0.0
580869883,Tulio,0.0
580892057,Anne,1.0
580912380,Boon,0.0
580916777,Kar Yee,0.0
580928979,Agin,0.0
580970094,Paul,1.0
580976934,Sharjeel,0.0
581034867,Constancia,0.0
581132910,Melissa,0.0
581184278,Jenny,0.0
581199342,Sonali,0.0
581216376,Nampetch,0.0
581225913,Alex,0.0
581230815,Thanapat,0.0
581232141,Preeyaporn,0.0
581245497,Yada,0.0
581256977,Anna Smilee,0.0
581292393,Benedict,0.0
581318973,Adu,0.0
581328273,Harun,0.0
581393160,Kamran,0.0
581401543,Wanrawee,0.0
581404343,Corinne,1.0
581406995,Logo,0.0
581423912,Sara,1.0
581444076,Jo,1.0
581446967,Shivani,0.0
581449523,GuestReady,0.0
581462496,Zak,1.0
581464891,Ismail,0.0
581473091,Lila,0.0
581522274,Atelier Short Stays,1.0
581523173,Guy-Pass The Keys,1.0
581523623,Estatesmen Ltd,0.0
581532288,Rekha,1.0
581599398,Illia,0.0
581637224,The Krungkasem Srikrung Hotel,0.0
581644336,Connor,1.0
581662958,The Alexandria House,0.0
581673019,Toby,0.0
581688277,Dina,1.0
581709788,เอม,0.0
581718253,Khadeja,0.0
581740814,Syed,0.0
581743235,Zoe,1.0
581764041,Raj,0.0
581767166,Rene,0.0
581771259,Mike,0.0
581785820,Sid-Pass The Keys,0.0
581839506,Bev-Pass The Keys,1.0
581850735,Arleta,0.0
581861152,Amanveer,0.0
581868361,Samantha,1.0
581876997,Sasha,0.0
581917020,爱彼迎旅行家,0.0
581943703,Terence,1.0
581954916,Helen And Nathan,1.0
581966618,Talib,0.0
582037689,Tanawat,0.0
582040096,Feven,0.0
582040288,Abdur,0.0
582045002,Nhow London,0.0
582048814,Nirinpimol,0.0
582059788,Natasha Amy,1.0
582071815,Wolfie,0.0
582086174,Allfee,0.0
582124529,Marvin,0.0
582141776,Diana,0.0
582146303,Bash,0.0
582151246,Hongli,0.0
582168430,⁨Best Home For Yours.⁩,0.0
582182481,Yin,1.0
582206926,Satin,0.0
582207796,Apinya,0.0
582215196,Pop Inn International,0.0
582242783,Abbie,1.0
582249513,Vijay Laxmi,0.0
582255498,Iman,0.0
582268800,Khaleda,0.0
582288086,Costel,0.0
582300889,Bobby,1.0
582343512,Paul,0.0
582353787,Meron,0.0
582356761,Amar,0.0
582359698,Aphinan,0.0
582375680,Kritsana,0.0
582401108,Micquel,1.0
582469734,Katarzyna,0.0
582604873,Shafique,1.0
582610817,Ken-Pass The Keys,1.0
582645755,Robert,0.0
582661896,Julian,0.0
582669757,Kev,0.0
582670754,Adam,0.0
582677005,Yuji,0.0
582694761,Daniel,1.0
582723623,Specialist Suites,0.0
582778932,Wiracha,1.0
582784114,Eddie,0.0
582806446,Paul,1.0
582810144,Aj,0.0
582819834,Paulino,0.0
582838942,John,0.0
582840075,Mina,0.0
582854033,Ola,1.0
582855092,The Whitechapel,0.0
582857536,Dawwan,0.0
582870358,Betka,0.0
582882314,Danni,0.0
582895226,Andreea,0.0
582950530,Gabriella,0.0
583008996,Kerly,0.0
583061146,Wirachai,0.0
583082256,Pass The Keys,1.0
583083127,Raimon,0.0
583086796,Aenghus,0.0
583093548,Crystal,0.0
583157948,Tom,0.0
583200976,Indigo,0.0
583204135,Bibi | Wida Namrak,0.0
583208157,Peter,0.0
583217442,Patrick,0.0
583224063,Kaptan,1.0
583235408,Mai,0.0
583253394,Amir,0.0
583272977,Joelle,0.0
583275843,Top Tier Host,1.0
583276549,Emma,0.0
583279429,Umair,0.0
583307483,Alan,0.0
583342270,Caroline,0.0
583344554,Ufuoma,0.0
583377549,Kay,0.0
583412453,Charlotte,0.0
583417482,Laura,0.0
583430104,Sarah,0.0
583434057,CW Residences,0.0
583457096,Mo,0.0
583479129,Will,0.0
583480927,Luiza,1.0
583525449,Anatoly,0.0
583571430,SpaceQCapsulehotel,0.0
583582276,Luiz Gustavo,0.0
583615193,Max,0.0
583639181,Alex,1.0
583675613,Carmelo,0.0
583753295,Mr And Mrs W,0.0
583758762,Kanish,0.0
583889609,MyKrystal Luxury Penthouse,0.0
583936005,Nattaya,0.0
583939763,Penny,0.0
583962060,Diana,1.0
583965134,Shivam,0.0
583983526,Greypatch Properties Limited,0.0
584011353,Alasdair,0.0
584014150,Brenda,0.0
584037857,Malissa,0.0
584045299,Lubza,0.0
584064875,Sandra,1.0
584066649,Jasen,0.0
584084397,Matilda,0.0
584139004,Ivanhoe,0.0
584178425,Eric,0.0
584185878,Diego,0.0
584188037,Abraham,1.0
584350185,Tom,1.0
584370896,Ariel,0.0
584388071,Amarra,1.0
584391888,Tom,1.0
584393657,Elene,1.0
584395888,Fatemeh,0.0
584406090,Scarlett,0.0
584406315,Rujirin,1.0
584408631,Arvind,1.0
584419100,Alerissa,0.0
584421718,Sebastian,1.0
584427808,Mohamed,0.0
584449362,Gill,1.0
584467700,Jessie,1.0
584506000,Mo,0.0
584516646,Arda Can,0.0
584580369,Melinda,0.0
584589965,Kanjanawan,0.0
584608418,Sam,0.0
584610276,Hung,0.0
584618327,Nisa,0.0
584624758,Lance,0.0
584628461,Rentique,1.0
584648247,Rahim,0.0
584721506,EasyStay Solutions,0.0
584725285,Alex,1.0
584732427,Joyce,0.0
584774994,Shazia,1.0
584789762,Pass The Keys,1.0
584794299,Athera Life,0.0
584798857,Matty,1.0
584816119,Ademola Olalekan,0.0
584830703,Lek,1.0
584894676,Godspower,0.0
584902903,Stefany,0.0
584986108,Jenny,0.0
585065438,Philippa,0.0
585106616,Pratham,0.0
585115350,Debby,1.0
585164869,Guilt-Free Cozy Studio,1.0
585216729,Steven Anthony,0.0
585216988,Mandour,0.0
585258092,Isabelli,0.0
585262533,Carole,0.0
585315424,John,0.0
585367828,Mew,1.0
585369335,Siam Plug In Hostel,0.0
585385586,Peter,0.0
585404776,Wisut,0.0
585413032,Pantita,0.0
585425338,Max,1.0
585466642,Reem,0.0
585474139,Punghong,0.0
585489200,Imelda-Pass The Keys,0.0
585519397,Wojciech,0.0
585569420,Baan@JJ,1.0
585584979,Hive,0.0
585596837,Maxford Team,1.0
585603062,Mahfoud,0.0
585605098,J Selva,0.0
585610960,Ollie,0.0
585618308,Adriano,0.0
585675168,Moe,0.0
585698229,Faiza,0.0
585700563,Bianca,0.0
585757272,Bing,0.0
585769501,J,0.0
585808535,Parisa,0.0
585818279,Ella,0.0
585819939,Ha,1.0
585823810,Grace,1.0
585834948,My Home,1.0
585840306,Marie,1.0
585856702,Renata,0.0
585946295,Yihan,0.0
585966829,Dreamstay Apartments Limited,0.0
586006018,Parinya,0.0
586016484,Alex,0.0
586022851,Neeraj,0.0
586024401,AREA81 HIDEOUT Hostel Khaosan,1.0
586025979,Hardi,0.0
586031295,Charlie & Rob,1.0
586032876,Pass The Keys,0.0
586048385,Sol,1.0
586066552,Elyse,0.0
586098338,Kristi,0.0
586132269,Jasmeet,0.0
586182180,Aanandita,0.0
586201077,Ying,0.0
586204923,Victoria,1.0
586232518,Apinan And Nara,0.0
586241674,Dee,0.0
586279378,RJ Team,1.0
586286087,Ajay,0.0
586324421,Haki,1.0
586328178,Jordan Tyrone,0.0
586334823,Atanas,0.0
586389015,Ishtiaq Ahmed,0.0
586417849,⁨Esther & Muhammad (Team)⁩,0.0
586435558,Shawn,0.0
586458778,君莉,0.0
586495487,Lola,0.0
586579541,May,1.0
586591158,The Aros,1.0
586619145,Charlie,1.0
586624522,Mara,0.0
586641319,Preet,0.0
586670524,Mehmet,0.0
586682276,Priscilla,0.0
586684274,Justin,0.0
586689540,Baldwin Properties,1.0
586712652,Kabir,0.0
586751292,Shibijith,0.0
586752777,X Management,1.0
586773697,Henry,1.0
586774922,Esther,1.0
586781079,Thelma,1.0
586796660,Daniel,1.0
586798531,Jamie,1.0
586799475,Lisa,0.0
586808376,Heyy Bangkok,0.0
586818437,Joseph,0.0
586836081,Rna Property Ltd,0.0
586853704,Alexandre,1.0
586919868,Sophia,0.0
586936786,Janet,1.0
586968096,Ken,0.0
586992475,Jacqui,0.0
586997066,Bobosher,0.0
586997675,Unknown,
587004602,Unknown,
587013258,William-Pass The Keys,1.0
587014726,Unknown,
587014942,Unknown,
587015021,Unknown,
587015076,Unknown,
587015167,Unknown,
587054560,Zubair,0.0
587115417,Salman,1.0
587115659,Vitaly,1.0
587171332,Junho,0.0
587180633,Lucian,0.0
587183800,Gabriella,0.0
587184519,Priya,0.0
587225003,Mtd Estates,0.0
587257049,City Dreams,0.0
587268765,Hadeer,0.0
587272342,Jix,0.0
587274828,Olamide Usman,0.0
587287233,Danielle,0.0
587424470,Teeraporn&Wut,1.0
587427561,Kay,0.0
587436257,Chuckie,0.0
587447447,Ally,0.0
587485410,Jason,0.0
587537307,Rae,1.0
587594156,Fay,1.0
587623313,Patrick,0.0
587643008,Team,0.0
587680706,Anna,0.0
587743854,Nilly,0.0
587746426,Sola,0.0
587755665,Hifza,0.0
587815639,Bhumidol,1.0
587838261,Eakkanat,0.0
587850929,Oksana,0.0
587852647,Theit Di,0.0
587874763,Steve,0.0
587875956,Victoria,1.0
587948998,Catherine,1.0
587952060,Jon,0.0
588037932,Nadarajah,0.0
588039508,Nongchai,1.0
588073075,Paula,0.0
588118438,Xiong,1.0
588120661,Jingqiao,0.0
588146942,Mohsen,0.0
588180588,Kunle,0.0
588264210,Jay,0.0
588270820,Linnéa,0.0
588296104,Sophie,1.0
588329895,Ellie,1.0
588348156,Anjuma,0.0
588381672,Tanjina,0.0
588426256,Vlad,0.0
588528058,Bianca,0.0
588548911,Jennifer,0.0
588593734,Fidelia,0.0
588604865,Valentina,0.0
588655441,Katja,0.0
588658749,John,1.0
588689619,Michael,0.0
588713247,Phornnisa,0.0
588729326,Luna,1.0
588794713,Rubila,0.0
588803326,Anna,1.0
588847485,Marius-Pass The Keys,1.0
588851963,The Barrington Hotel,0.0
588882330,Pantheon Luxe,0.0
588916093,Zina Zina,0.0
588922191,Eric Serge,0.0
589018953,Mark,1.0
589019741,Nathaphad,0.0
589035564,Ian,0.0
589126759,Clive,0.0
589157834,Kelechi Augustine,0.0
589167779,Gordon,1.0
589188098,Lucrezia,0.0
589216320,Steven,0.0
589227256,Carlos,0.0
589285063,Kieran,0.0
589297093,Club Quarters Hotel Trafalgar Square Hotel,0.0
589299503,Club Quarters Hotel Covent Garden Holborn,0.0
589371164,Doug,0.0
589383027,GuestReady,0.0
589435086,Gabriela,0.0
589497190,Iris,0.0
589550217,Jessica,0.0
589604375,Shiva,0.0
589642803,Ese,0.0
589652539,Giga,0.0
589683821,Salma,0.0
589701539,Arthur,0.0
589725673,Natthanicha,0.0
589747817,Gemini Stays,0.0
589762370,Walker,0.0
589854814,Sammy,0.0
589872687,Yassin,0.0
589909221,Bobby,0.0
589933012,Kristina,0.0
589940694,Chrissy,1.0
589948472,Jordan,0.0
589957365,Zainab,0.0
589961993,Sunny,0.0
589984813,Ashley Elmo,0.0
589990102,Kk,1.0
589996786,Nopphawan,1.0
589997523,Kitsada,0.0
589997828,Olusanya,0.0
590009438,Ali,0.0
590011872,Donut,0.0
590039733,Dorian,0.0
590081704,Kamaal Raheem Hussain,0.0
590126174,Krishna Prasad,0.0
590137557,Imperial Stay Services,0.0
590153735,Raffi,0.0
590167008,Khin,0.0
590174528,Sarah,0.0
590201035,Donna,0.0
590205275,Thuwanon,1.0
590247532,Winnie,0.0
590332123,Ruby,0.0
590341399,The Grand At Trafalgar Square,0.0
590360796,Penradee,0.0
590376826,Vivien,0.0
590376861,Chiara Maria,1.0
590507550,Irfan,0.0
590510576,Saowanee,0.0
590535235,Ho Minh Khue,0.0
590541722,Vivien,0.0
590567775,Issa,0.0
590577832,Emily,0.0
590593090,GuestReady,0.0
590597084,Baanbaan,1.0
590605508,Valentina,0.0
590606485,Sinead,0.0
590686648,Arielle,0.0
590694576,Suppasit,0.0
590741776,Pornsiri,0.0
590759533,Khadija,0.0
590762202,Ananya,1.0
590829692,Evelyn,0.0
590836029,Balu And Olivia,1.0
590839535,Praew,0.0
590850996,Kitty Hero,0.0
590854352,Sky Cloudy,0.0
590875851,Rayhan Ahmed,0.0
590964141,Rumana,0.0
590971112,Napatsorn,0.0
590977922,Sandy,0.0
591028201,Jiaxing,0.0
591137860,Srilaksana,1.0
591189308,Abid,0.0
591189986,Alexis,0.0
591193931,Letticia,1.0
591202589,Daniela,0.0
591211818,Isep,0.0
591248584,Inyang Ochi Inyang,0.0
591264493,Ella,1.0
591274336,Vyacheslav,1.0
591294239,Karina,0.0
591321635,Cat In The Box,0.0
591351696,Li,0.0
591356973,Chanita,0.0
591366454,Farouk,0.0
591396600,Joanna,1.0
591452429,Chureerut,1.0
591469190,Natasha Gravia,0.0
591486815,⁨Marsons Home Services Ltd.⁩,0.0
591529385,Shahab Ud Din,0.0
591579075,Toby,1.0
591601427,GuestReady,0.0
591606928,Bann Thann,0.0
591629142,Khrystyna,1.0
591700794,FiveM Apartments,1.0
591701161,Lydia,0.0
591737822,Vivianna,1.0
591753941,Tati,1.0
591828473,Sam,0.0
591848716,Stefan,0.0
591857163,Sara,1.0
591862945,Nikita,1.0
591876080,Harry,0.0
591879916,Syed,0.0
591889450,Mehmood,0.0
591931133,Zone One Stay,0.0
591939779,Mark,0.0
591950269,Víctor,0.0
591969649,Patrick,0.0
591980646,Nicolau,0.0
592023822,The Plimplace Hotel,0.0
592033506,Jay,0.0
592046171,Toka,0.0
592047556,Zarah,0.0
592055844,Sharline,0.0
592064132,Major Singh,0.0
592073531,Abdul,0.0
592092690,Kamonchanok,0.0
592098582,KeyHol Holidays,0.0
592121264,Tim,0.0
592129892,Michael,0.0
592144501,Shabnam,0.0
592199499,Zehao,0.0
592211768,Mary,0.0
592221033,Marina,1.0
592229480,Hailin,1.0
592234093,Milo,0.0
592242659,Sky,0.0
592254561,Engin,0.0
592258588,Mabel,0.0
592260629,Andrew,0.0
592299878,Ali,0.0
592358602,Folashade Nofisat,0.0
592453770,UouRangnamHouse,1.0
592483530,Jesse,0.0
592490743,Amigo,0.0
592531547,Jarreau,0.0
592534355,Gazmir,0.0
592611634,Drew,1.0
592616460,Janie,0.0
592616474,Ronald,0.0
592626446,Stayhere,1.0
592636225,Clayton,0.0
592669926,Tushar,0.0
592720120,Shelim,0.0
592728711,Cee,0.0
592832400,Aftab,0.0
592832643,Stella,0.0
592832765,Aldwin,1.0
592846725,George,0.0
592861758,Syed,0.0
592866244,StayCozy,1.0
592998595,Sami,1.0
593028332,Jennifer,1.0
593035856,Tiffany,1.0
593070476,GuestReady,1.0
593071335,Helen,0.0
593076113,Suite Stays,0.0
593076534,Neom Town Residence,0.0
593082467,Joanna,0.0
593095186,Aayush,0.0
593105697,Araya,0.0
593168558,Nicholas,0.0
593182931,The Property Hub By Bushura Financial LTD,0.0
593229876,Ingenia Holidays Nepean River,0.0
593260832,Jock,1.0
593269180,Alex,0.0
593272817,Aommi,0.0
593279777,Patricia,0.0
593302536,Tan,0.0
593363900,Diane,0.0
593422885,Julian,0.0
593431773,Little Drifter Bondi Beach,0.0
593445893,Panalee,0.0
593471774,Htet Oo,0.0
593482413,Sofy,1.0
593483191,James,0.0
593505341,Bethnal Green Delux Rooms,0.0
593507702,Ronnakorn,0.0
593515113,Nibras,0.0
593520300,Jada,0.0
593528297,Victoria,0.0
593580441,Fouley,0.0
593596964,Ozy,0.0
593628160,Lahari,0.0
593666324,Junior George,0.0
593680725,Lennart,0.0
593717627,Bruneta,1.0
593808883,Noureen,0.0
593809210,Kemal,0.0
593869406,Lea,1.0
593869474,Bee,1.0
593869602,Nicharat,1.0
593883657,Nguyen,0.0
593885147,Obada,0.0
593889168,Beej,0.0
593906490,Mani,0.0
593917393,Bow,0.0
593949694,Marwen,0.0
593976257,Yusef,0.0
593994760,Ruslana,0.0
594003111,Host My Nest,1.0
594027530,Nattakarn,0.0
594041317,Serena,1.0
594059769,Susanne,0.0
594088711,Maria,0.0
594099083,Chris,0.0
594108041,Isabella,0.0
594138122,Remone,0.0
594151002,Louise,0.0
594212153,Mia,1.0
594268317,ภคญาณ,0.0
594277339,Laura-Pass The Keys,1.0
594286060,Terry O,0.0
594297831,Hansin,0.0
594300747,Shahzoda,0.0
594310669,Hyde Stays,0.0
594366577,Annesley,0.0
594434181,Anna,0.0
594451830,Nichanun,1.0
594507358,Paisan,1.0
594523926,Fuzzshortlet Limited,0.0
594559373,Jeremy Nikko,0.0
594562287,Pieter,0.0
594602646,ARK Stays,0.0
594616736,John,0.0
594621275,Mika,1.0
594622440,White Home TH,0.0
594624216,Ricardo,0.0
594717816,Robin,0.0
594725809,Govinder Singh,0.0
594726252,Danika Louise,0.0
594732967,ChrisE,0.0
594755728,Imran,0.0
594785126,Waqas,0.0
594790578,Emily,0.0
594813611,Ahmed,0.0
594900704,Parrish Serviced Apartment,0.0
594901974,⁨Jocelyn.⁩,0.0
594924445,Pornwalai,0.0
594926549,City Inn Express,0.0
594940993,Kartal Lux Rentals,0.0
594948611,EcuaStay,1.0
595112212,Lovelyne Akoma,0.0
595147255,Don,0.0
595294195,Kitsch,0.0
595307604,Annabelle,1.0
595313459,Soho Stays UK,0.0
595323656,Aflah Hassan,0.0
595325448,Apinya,1.0
595344629,Weiwei,0.0
595356361,Private,1.0
595366874,Giacomo,1.0
595443882,Hunna,0.0
595462324,Bing,0.0
595489216,Phannawasoung,0.0
595495693,Teerapat,0.0
595512843,Jayhan,1.0
595550879,爱彼迎旅行家,0.0
595655002,Wara,0.0
595656330,Aliceee,0.0
595671314,Makeda,0.0
595678454,Pass The Keys,1.0
595690972,Nadia & Banny,0.0
595701759,Sanny,1.0
595739025,Shan,0.0
595762855,Marion,0.0
595771818,Martin,0.0
595863864,MadeComfy,0.0
595891607,Papatsorn,0.0
595898288,Amanah,1.0
595914706,Sumane,0.0
595949956,Minnie,1.0
595950582,Pkd,1.0
595987133,Shanita,1.0
596019102,Ari,1.0
596068123,Guihua,0.0
596091964,Anjani,0.0
596096926,Hanna,0.0
596115475,Emily,0.0
596123380,Sukh,0.0
596226837,Adel,0.0
596255336,Ivan,0.0
596264419,HostingPro,0.0
596289234,Xian,0.0
596295443,Penn,1.0
596315675,Supimchana,0.0
596316919,Daniela,0.0
596319674,Xian,0.0
596321500,Oli,1.0
596321531,Julie,0.0
596341624,Sophie,1.0
596343772,Ae,0.0
596378931,Peace,0.0
596403011,Glenroy,0.0
596465031,Adrienne,1.0
596485065,Emad,0.0
596496830,Susie A,0.0
596502769,Simon,0.0
596506609,Samana,0.0
596516265,Yang,1.0
596527476,Monica,0.0
596534604,Sirapob,1.0
596566372,Chollakot,1.0
596567899,S.D Properties,0.0
596666961,Pan,0.0
596739148,Kevin,1.0
596778545,Martina,0.0
596813947,Amy,0.0
596850328,Jedsarin,0.0
596866091,Elisabeth,0.0
596890379,Holly,1.0
596940819,Dunk,0.0
596990683,Tipu,0.0
597002792,Little Essex Group,0.0
597017757,Sineenart,0.0
597032679,Harry Ngome,0.0
597046043,Deluxio Property Ltd,1.0
597075529,Kashka,0.0
597075552,Judite,1.0
597114089,Sarah,0.0
597123351,Denise,1.0
597127326,Ruth,1.0
597160726,Daniel,0.0
597230333,Hong Ly,0.0
597238963,Wongwit,0.0
597243153,Paramount Rentals,1.0
597245714,Jeff,1.0
597261662,Jason,0.0
597314937,Anirudh,0.0
597332424,Maggie,0.0
597357610,Tal Villas,1.0
597382944,Eric,0.0
597461073,柔尹,0.0
597470796,Andy,1.0
597473316,Okere,0.0
597478247,THeynes,0.0
597541564,Amina,1.0
597573031,Teia.And.Carlo,1.0
597613899,Sweeann,1.0
597614272,Thomas,0.0
597624917,Rodrigo,0.0
597650275,Li,1.0
597759333,Arfan,0.0
597764986,Sharon,1.0
597766685,Natpakal,0.0
597773606,Thaksit,1.0
597795365,Rebecca,0.0
597815337,Grace,0.0
597819277,Mashid,0.0
597836898,Alina Camelia,0.0
597839559,Chidi,1.0
597865812,Vânia,0.0
597870648,Nargiza,0.0
597884426,Prachi,1.0
597885620,Lux By Helios,0.0
597885890,Pam,1.0
597887487,Ayesha,0.0
597893754,Dibril,0.0
597904337,Kay Williams,0.0
597905019,Gwen,0.0
597970757,Christine,0.0
597976636,Jay,0.0
597979224,ZAFARentals,0.0
598006255,Kittichai,0.0
598009199,K-Team,1.0
598118425,Usa,0.0
598119336,Olubumi,0.0
598150517,Negin,0.0
598192543,Darren,1.0
598194563,Annie,1.0
598213643,Deborah,0.0
598226409,Mariam,0.0
598238023,Tom,0.0
598290897,Wiriya,1.0
598322200,Emma And Roger,0.0
598359063,Angela,0.0
598362990,Nadège,0.0
598407772,The Prestige,0.0
598428788,Marcia,0.0
598455233,Safwan,0.0
598464303,Adeel,1.0
598500761,Thanyachart,0.0
598504369,Rafe,0.0
598504600,Snigdha,0.0
598512532,Jessica,1.0
598531346,Emery,0.0
598537418,Jl,0.0
598635833,Mintra,0.0
598641856,StayBay,0.0
598651997,Maximilian,0.0
598688095,Sherwyn,0.0
598699084,Anthony,0.0
598721642,Siritas,0.0
598741608,Shivam,1.0
598760530,Jannatul,0.0
598766889,Jerome,0.0
598772654,Pincha,0.0
598850188,Ethan-Pass The Keys,0.0
598965759,Qutaiba,0.0
599001123,Ana,0.0
599042434,Host By Dewthan,0.0
599046853,Cornell,0.0
599071470,Mollie,0.0
599097440,Roshan,0.0
599100656,Nathara,1.0
599100962,Mahmoud,0.0
599104323,Nadia,0.0
599107123,Mark,1.0
599113603,Ekom,0.0
599127933,Marwen,0.0
599176146,Lush Homes,0.0
599194853,Phakawan,0.0
599213344,Laddawan,1.0
599287270,Joy,0.0
599350742,Treasure Map Collection,0.0
599368706,Francisco Ali,0.0
599394380,Namdar,0.0
599395943,Ronard,0.0
599413790,James,0.0
599461816,Pakkamonrat,0.0
599475354,Bhoj,1.0
599525960,Sirinee,1.0
599538941,Emma,0.0
599556971,Rodsayakon,0.0
599566837,Fernando Augusto,0.0
599620173,Mak,1.0
599660286,Ruky,0.0
599674758,Anthony,0.0
599694418,Chris,0.0
599735879,Orn,0.0
599737053,Kanit,0.0
599755903,Paige,1.0
599758900,Wei Sheng,0.0
599765116,Kj,0.0
650001380,Kazi,0.0
650057709,Nirav,0.0
650099587,Lyn,0.0
650118838,Meena,1.0
650137454,Julie,0.0
650137690,James,0.0
650183776,Winthrop Management,0.0
650186147,Elenise,0.0
650237949,Wanna,0.0
650246180,Samia,1.0
650251399,Mihail,0.0
650256452,Nurudeen,1.0
650258021,Cheikh,0.0
650329655,Ishwar,0.0
650370280,Darren,0.0
650392425,Edward,1.0
650446937,Theo,0.0
650465432,DiJones Holidays,0.0
650501115,Venture Living,1.0
650514750,Alex,0.0
650528527,Daniel,0.0
650536090,Ray Jay,0.0
650539235,Rumen,0.0
650546583,Wagner,0.0
650552006,Oya,0.0
650571016,Ilma,0.0
650574345,Mario,1.0
650583643,Sonya,0.0
650589265,KVS Estate,0.0
650591871,Cage,0.0
650606280,Valentin-Marian,0.0
650629002,Ilham,1.0
650698601,David,1.0
650699288,Danielle,0.0
650702009,Juan,0.0
650724427,Chevron,0.0
650742815,Imtiyaz,0.0
650794305,Raquel,0.0
650797579,Mk,0.0
650835842,Dan,1.0
650837475,Jutima,0.0
650847620,Jiong,1.0
650908531,Miguel,0.0
650927261,Oakwood Estates,1.0
650977379,Philippa,0.0
650997371,Dare,1.0
651022095,May,1.0
651026430,Bo,1.0
651028660,IRIS Residence,0.0
651036017,Melissa,1.0
651040662,Nawee,1.0
651050150,GuestReady,0.0
651053910,Harry,0.0
651058186,Renee,0.0
651066461,Max,0.0
651113875,Riley,0.0
651173124,Banmeetham,0.0
651203056,Busabaa,0.0
651218864,Nathan,0.0
651220008,Stellar,0.0
651232904,Beth,0.0
651236310,Miri,0.0
651258457,Unity Stays,0.0
651276892,Edwin,0.0
651279639,GuestReady,0.0
651312584,Infinity Stays,0.0
651329891,Nana,0.0
651330694,Roxana,0.0
651331136,Zinny,0.0
651356744,Rosh,0.0
651394592,Peng,1.0
651415175,Nia,0.0
651430632,Douglas,0.0
651444400,Ploenpimol,1.0
651493831,Akyar,0.0
651579934,Ann,0.0
651600084,Marina,0.0
651606159,Andy,1.0
651616698,U67Dqua,1.0
651617561,Branka,0.0
651618778,Osman,0.0
651628134,Evianne,0.0
651672417,Emna,1.0
651684592,Jeannine,0.0
651684707,Ibrar,0.0
651756574,Juvy,0.0
651773017,Kate,1.0
651781556,David,0.0
651803704,Ivan,1.0
651841936,Amer,0.0
651852713,Rida,0.0
651877003,Luxuria,1.0
651890683,Ana,0.0
651939553,Metta,1.0
651967686,Sirirak,1.0
652020415,Farí Luxury Apartments,0.0
652130802,Jantarat,0.0
652133927,Hlaine,0.0
652141176,Elenor,0.0
652143569,Joyce,1.0
652192600,Sherrie,1.0
652226835,Xinhe,0.0
652287389,Kate-Pass The Keys,0.0
652330263,Usha,0.0
652330845,Bob W London Olympia,0.0
652332960,Clare,0.0
652370667,Jay Manners,0.0
652461581,Patch,1.0
652490715,Steve Marvin,0.0
652499678,Hussain,0.0
652507005,Clare,0.0
652510706,Biyi,1.0
652514604,Ealing Stays,0.0
652530376,Anabell Yeung,1.0
652547195,Emelia,0.0
652584556,Syed Saqib Hussain,0.0
652590589,Julian,1.0
652642783,Dhawal,1.0
652678374,Convenient Resort,0.0
652685316,Billy,1.0
652693055,Elmar,0.0
652709016,Cc,0.0
652717780,Kozy Kove,0.0
652740875,Alice,0.0
652758227,Noppanat,0.0
652771869,Terence Kevin,0.0
652778652,Damon,1.0
652784677,Faisal,0.0
652804065,Stacey,1.0
652869251,Crystal,0.0
652876615,Crystal,0.0
652877929,Puddings Home,1.0
652889586,Lemuel,1.0
652896911,Carlos,1.0
652903458,Argamemnon,0.0
652908054,GuestReady,1.0
652909160,Airhome,0.0
652914220,Sadiye,1.0
652915380,Olu,0.0
652921978,Hokveng,1.0
652923171,Olivia,0.0
652936814,Fay,0.0
652972679,Nilima,0.0
652992986,Hari,0.0
653006278,Feven,0.0
653009986,Kavey,0.0
653148266,Xixi,0.0
653242875,Manju,0.0
653248696,Catherine,0.0
653251907,Zaheera,0.0
653252572,Banphot,1.0
653259035,R&K,1.0
653306793,Waqas,0.0
653386810,Kanyakorn House,0.0
653392914,Angelo,1.0
653395237,Wachirawan,1.0
653516090,Dan,0.0
653528157,Anna,0.0
653580947,Dobbins’s,0.0
653584129,Badron,1.0
653594876,Bilal,0.0
653600969,Shad,0.0
653603696,Daniel,0.0
653654362,Labella,0.0
653656959,Sarah,1.0
653662652,Sarah,1.0
653674868,Parisa,0.0
653675634,Artyk,1.0
653681656,Alexander Franco Marin,0.0
653731995,Benish,0.0
653747584,Uniacco LTD,0.0
653756678,Jayshri,1.0
653761456,Easy Sunday Couple & Family Hotel Bangkok,0.0
653776649,Domenico,0.0
653808792,Mutaz,0.0
653820340,Archie,1.0
653888447,⁨4c⁩,1.0
653891418,Niwat Bunnag,0.0
653914142,Kappy,1.0
653920990,Kyle,0.0
653922423,Nuttavich,1.0
653957246,Charles,1.0
653977158,Karina,0.0
653987671,Sihui,0.0
654000138,Arif,0.0
654028860,Amanda,0.0
654049744,Paul,1.0
654071809,Nova Escapes,1.0
654092471,Corinne,0.0
654097769,กนกกร,0.0
654187942,Micaela,0.0
654206084,Zhenbin,0.0
654249371,Zhiqian,0.0
654255613,Isidore,1.0
654269227,Vertus Edit,1.0
654304552,Golden,1.0
654341441,Kevin,0.0
654402292,Supachai,1.0
654449369,Kevy,0.0
654452376,Jon,1.0
654454811,Danny,0.0
654497511,Peter,1.0
654538866,Thanya,1.0
654561653,Kevin,0.0
654576894,Hong,0.0
654600183,Bourhanul,0.0
654607609,David,1.0
654633166,Mary,1.0
654657799,Hary,0.0
654692388,Nicholas,0.0
654721397,Tony,1.0
654725259,Tarun,0.0
654732500,Jeanette,1.0
654747815,Jyothi,1.0
654759412,Lenard,0.0
654797480,Grace,1.0
654832270,Shalini,0.0
654858884,Bangkok Rentals,0.0
654868853,Mimi,1.0
654875514,สมยศ,0.0
654878898,Sepal Stays Pty Ltd,0.0
654887073,Agnes,1.0
654904651,Phithak,1.0
654940981,Was,0.0
654953261,Sammi,1.0
655001387,Yoh,0.0
655003497,Jason,0.0
655073416,Daisy,0.0
655074376,Amina,1.0
655091150,Sia,0.0
655096715,Sara,0.0
655096859,Petra,0.0
655098512,May,1.0
655141522,Teerawee,0.0
655162527,Rafal,0.0
655166777,James,0.0
655187216,Tugba,0.0
655213822,Alina,0.0
655217737,Simon,1.0
655268483,Fred,0.0
655282006,EgHoLiday,0.0
655295649,Hicham,0.0
655304311,Damien,0.0
655308384,Harv,0.0
655333620,Sam,1.0
655347465,Jeremy,0.0
655393056,Olivia,0.0
655398431,Brigitte,0.0
655406871,Monique,0.0
655418515,Paul,0.0
655438876,John,0.0
655464726,Nanita,0.0
655502586,James Cameron,0.0
655551428,Wood Fire,0.0
655554610,Xian,0.0
655559007,Jessica,0.0
655562665,Sukanya,0.0
655599235,StayAura,1.0
655661315,Hayt,0.0
655671482,Neer,0.0
655716768,Xiaoqiang,0.0
655721624,Izzie,0.0
655744281,Patumma,0.0
655749149,Yara,1.0
655769072,Szymon,0.0
655797051,Aman,0.0
655803470,Zaftastic Stays,1.0
655808914,Abbas,1.0
655861385,Joshua,0.0
655893610,Angela Duangkamo,0.0
655894726,Sunita,0.0
655901152,Anna,1.0
655909469,Sun,0.0
655914845,Tanin,1.0
655918243,Lucky,0.0
655928973,James,0.0
655930341,GuestReady,0.0
655935977,Mohamed Siddeek,1.0
655967558,Laura,0.0
655973798,Parichat,1.0
656059998,Jasmine,1.0
656072291,PrimePoint Solutions,0.0
656074451,Marilu,1.0
656077806,Ratchasit,0.0
656084361,Jade,0.0
656087823,Carlos,0.0
656097092,Yuli,1.0
656122172,Labubu,0.0
656143704,Lukasz,0.0
656221337,Fionna,0.0
656233888,Coumba,0.0
656256111,Phoebe,0.0
656256646,Ikponmwosa Joseph,0.0
656262879,Gee,0.0
656299081,Rathivathana,1.0
656348733,Fareed,0.0
656360708,Amara,0.0
656390508,Siam Best Inn,0.0
656402688,Eylon,0.0
656409743,Bonnie,0.0
656426179,Alan,1.0
656439709,Afagh,0.0
656459406,Sam,0.0
656477564,Daanish,0.0
656502257,Rana,0.0
656570767,Lianxiu,0.0
656588081,⁨J.W.⁩,0.0
656598018,Daisy,0.0
656615924,Zaida,0.0
656618293,Jiasheng,1.0
656626663,Sebnem Dermanel Property Limited,0.0
656636229,Tuhin,0.0
656679096,Matias,0.0
656715336,Yohanes,1.0
656751122,Syeda,0.0
656764871,Anahita,1.0
656852806,Phyo,0.0
656883547,Somchai,1.0
656885035,Habibe,0.0
656898915,Kevin,0.0
656921376,Natalie,1.0
657009483,Julie,0.0
657022326,Ponnaphar,0.0
657022849,Baulkham Host,0.0
657045872,Baby,1.0
657061549,Marina,1.0
657098401,Mohammed Mustafa Ali,0.0
657112713,Enaam,1.0
657120762,Amir,1.0
657130736,Sam,1.0
657196951,Rebecca,1.0
657203605,Catherine,1.0
657211829,R & A Homes,0.0
657221591,Madeleine,0.0
657223252,Ben,0.0
657226103,Narinthorn,0.0
657242636,Pass The Keys,0.0
657260917,Napatsanun,1.0
657271070,Anna,1.0
657281596,Paulina Ewa,1.0
657290733,Zack,1.0
657302243,Beatrice,1.0
657309778,Emmanuel,0.0
657319492,Abiodun,0.0
657329097,Pass The Keys,0.0
657339956,Gladys,0.0
657350681,ZRoom,0.0
657372670,Ryan,0.0
657390408,Sherwyn,0.0
657396352,Mum,0.0
657400389,Blazej,0.0
657402225,Nuntiya,0.0
657430468,Jennie,1.0
657435219,Yiting,0.0
657437667,Abul,0.0
657507572,Mohamed,0.0
657564548,Nongnuch,1.0
657586408,Narong,0.0
657586501,Nicole,0.0
657587512,Roshni,0.0
657590196,Seher,0.0
657593343,Wannapa,0.0
657616341,Yonathan,0.0
657627576,Comfort Corner,0.0
657635321,Kiriay,0.0
657694357,Sarawin,0.0
657712697,Hathairat,1.0
657728930,Hope Zhang,0.0
657743567,Mia,0.0
657747089,Tirawat,0.0
657757746,Kwanjai,1.0
657777167,Marjorie,0.0
657813665,Zuhal Property Investments Ltd,1.0
657853655,Denis,1.0
657894724,Mo,1.0
657935175,Tania,1.0
657986192,Hui,0.0
658016885,Athena,0.0
658097520,Papol,0.0
658097946,Kitty,0.0
658130278,Noor,0.0
658173209,Anthony,0.0
658185000,Phirose,0.0
658203237,Aster,0.0
658209024,Nilda,0.0
658211857,Sarah,0.0
658256421,Sherry,0.0
658301369,Saskia,0.0
658338192,KKO Property Group,1.0
658338278,Derek,0.0
658349291,Ann,0.0
658363161,Cj Eland,1.0
658370497,Edvah,0.0
658372943,Sadhu10BedBake,1.0
658375040,Molly,0.0
658378127,Ethan,0.0
658386696,Mihai,0.0
658397086,John,0.0
658404628,Muhammad Tareq,0.0
658407750,Phiroza,0.0
658442773,Josh @ Rocket Stays,0.0
658442957,Jack,0.0
658449478,Boss Suites Nana Hotel,0.0
658475263,Jennifer,0.0
658550248,Mai Tawinee,0.0
658560464,Sab,0.0
658560743,Panagiotis,1.0
658564131,Jessy,1.0
658580317,Kamal,0.0
658596266,Nicha,0.0
658600293,Kevin,0.0
658615574,รุจิราภา,0.0
658666846,Tipi Homes,0.0
658671464,Sml Living,0.0
658721292,Guest Ready,0.0
658723021,GuestReady,1.0
658725319,Panita,0.0
658735373,Rachaya,0.0
658739197,Michael,0.0
658791802,Hansley,0.0
658802740,Rajesh,0.0
658806893,Justyna,0.0
658809505,Acon Signature Stays,0.0
658833204,Nima,0.0
658872986,Patsarapron,0.0
658873996,Grace,0.0
658875049,Aslihan,0.0
658880247,Mark,0.0
658898422,Adekoya,0.0
658929839,Hsu Tsun,0.0
658936126,Jay,0.0
658944483,Joao Vitor,0.0
659018861,Murilo,0.0
659048344,Jessica Hong,1.0
659066777,Kayode,0.0
659089012,Tobias,0.0
659141071,Mr.A,0.0
659152406,Alex,0.0
659179267,Jane,0.0
659195464,Agnaldo,0.0
659196657,Olga,0.0
659236861,James,0.0
659263145,Rabia,0.0
659274784,Muhammad,0.0
659284488,Doug,0.0
659291746,Quest Mascot Apartment Hotels,0.0
659312170,Chutitorn Prabhananda,0.0
659317413,⁨BB Boutique (Bed&Breakfast)⁩,0.0
659359598,Soukayna,1.0
659371256,Kate,0.0
659411804,Samuel,0.0
659418030,Mary,0.0
659434113,Allison,0.0
659513428,Rob,0.0
659544850,Adekunbi Olushola,0.0
659557883,Jessica,0.0
659582473,Bryo Conor,0.0
659583229,Fernando,0.0
659583649,M Ali,0.0
659604233,James,1.0
659673846,Bob W London Holland Park,0.0
659676334,Angela Duangkamo,0.0
659694918,Niki,1.0
659715212,Richard,1.0
659718019,Siriporn,1.0
659724275,Dumi,1.0
659749338,Parkin,0.0
659752256,Sandra Loranz,0.0
659753448,Dainius,1.0
659769519,Peter,0.0
659802314,Anna,0.0
659804686,Christopher,0.0
659806489,Luna,0.0
659832403,⁨Civic Park Thonglor 13⁩,0.0
659840304,Dada,0.0
659850180,Sue,0.0
659856141,Liam,0.0
659880437,Niki,0.0
659901801,Aj,0.0
659914420,Erol,0.0
659988517,Devika,0.0
659988880,Loma Landmark,0.0
659989943,Panan,0.0
660004237,Dr.S.K,0.0
660025271,Flyp Rentals,0.0
660135136,Zafar,0.0
660163838,Thomas,0.0
660204614,Rhys,0.0
660230446,Sultan,0.0
660239289,Xiaohui,0.0
660274137,Kingkan,1.0
660275780,Marcel,1.0
660288649,Viradee,0.0
660301657,Kaushallya,0.0
660338676,Jonathan,0.0
660368914,Comfi Stays,0.0
660420043,Angie,1.0
660427489,Jindaporn,0.0
660456356,Martina,0.0
660468890,Suppanat,0.0
660475378,Sakura,0.0
660498374,Maytinee,0.0
660509611,Azeem,0.0
660511792,Bee,0.0
660542355,Peter John,0.0
660543999,Steven,0.0
660613423,Christina,1.0
660615954,Brave,0.0
660645274,Hannah Christine,0.0
660646502,Doraemon,0.0
660651845,Abdul Qadir,0.0
660653106,Joseph,0.0
660655003,Ata Living,0.0
660694958,Syeda Samreen,0.0
660732476,Opeyemi,0.0
660745353,Rob,0.0
660754910,UrbanStayz.Com,1.0
660782163,GIBBOR Escapes,1.0
660802467,Nitiroch,0.0
660807671,Pichanan,0.0
660820693,Seeker Estates,0.0
660827513,Serge,1.0
660865623,Nutnaveeya,0.0
660919315,Arooj,0.0
660972305,Harry,0.0
661005746,Shafi,0.0
661006263,Charlie,1.0
661020277,Randy,0.0
661063151,Samah,0.0
661106543,Ali,0.0
661144446,Vanesa,0.0
661146311,Art,0.0
661150829,Gurpreet,0.0
661175043,Blu Dock Restel Bangkok,0.0
661175133,Marco,0.0
661177132,Isha,0.0
661184427,Taiwo,1.0
661217921,⁨8 Ten Cabins⁩,0.0
661248676,Anita,0.0
661272633,Omega Property Hosts,0.0
661288707,Rizwana,0.0
661289243,Lila,0.0
661290454,Justine,0.0
661294967,Patrina,0.0
661312143,Mary,1.0
661363400,Ercan,1.0
661433738,Kay,0.0
661446561,Chiraporn,1.0
661455217,Gulay,0.0
661476600,Polar Properties,1.0
661481112,Charmaine,0.0
661506619,Deanna,0.0
661577945,Praphawarin,1.0
661582598,Aiyarin,0.0
661585159,Paul,0.0
661603609,Apostolos,0.0
661604145,Kenan,0.0
661627713,Kris,1.0
661635840,Neil,0.0
661659893,Ana Maria Madrigal,0.0
661665662,Alessandra,1.0
661688069,EzStays,0.0
661698523,JC Property Solutions,0.0
661698629,Mickaela Toni,0.0
661729014,Su,0.0
661730258,Maria,0.0
661730604,Xian,0.0
661755014,Fernando,0.0
661760869,Vivian,0.0
661769901,Chanameth,0.0
661787329,Saranrat,1.0
661790319,Bledar,0.0
661804598,Nancy,0.0
661805832,Ti & Bel,1.0
661807624,Livingpoint,0.0
661814785,Caroline,0.0
661823178,AMAR Management Services,0.0
661829052,Hin Shun,1.0
661835548,Shania,0.0
661844715,Anna,0.0
661861936,Maven Stays,0.0
661882759,Beau,1.0
661887831,Peter,1.0
661915869,David,1.0
661940939,SC Property,1.0
661964368,Roberto,0.0
661975474,Ola,1.0
661976985,Tayo,0.0
662032377,Abdiaziz,0.0
662083360,Coco,0.0
662086025,Sende,0.0
662106901,Matthew,1.0
662110095,Annie,0.0
662113919,AriStay,1.0
662125194,Mono,1.0
662132088,Sam,0.0
662141166,Ross,1.0
662142537,Muhammad Atif,0.0
662154518,Jennifer,0.0
662162776,Yanyong,1.0
662246754,Lune Bangkok,0.0
662389111,Ankh Properties,1.0
662407008,Lacuna,1.0
662428683,Qistina,0.0
662476475,Amy,0.0
662502159,Henry,1.0
662576501,Thanida,0.0
662586208,Moopar,1.0
662593707,Marco Rolf R,0.0
662638701,Darin,0.0
662671712,Nwenenda,0.0
662676881,Paulo,1.0
662718034,Jing,0.0
662752788,⁨818 Asset Solution⁩,1.0
662764354,Guy,0.0
662764755,Thitiphon,1.0
662765094,Anna,0.0
662796233,Cecy,0.0
662804243,Mariia,0.0
662829679,Charles,0.0
662847924,Sohal,1.0
662851348,Clement Philippe Michel,0.0
662867009,Sam,0.0
662872802,Mr MZ,0.0
662901842,⁨3c⁩,1.0
662916786,Tracey,0.0
662922694,Diana,1.0
662926977,Jerry & Talar,0.0
662942667,Anthony Stephen,0.0
662944585,Sanat,0.0
662945711,James,1.0
662950232,Sarah,0.0
663009468,Tasmina Sultana,0.0
663018422,Susan,1.0
663034718,Alex,0.0
663035792,Alex,1.0
663044107,David Hywel,0.0
663063031,Venkata,0.0
663090901,Angela Duangkamo,0.0
663091110,Angela Duangkamo,0.0
663104347,SwiftStay,0.0
663106019,Ashraf,1.0
663114904,Namita,0.0
663122630,Livago,1.0
663129580,Dan,1.0
663133479,Luxe Haven Homes,0.0
663158462,Imperial Homes,0.0
663180766,Erdal,0.0
663261731,Anil,0.0
663265165,Muhammad,0.0
663268246,Chris,1.0
663281675,Anna Maria,1.0
663294122,Annabel,0.0
663295389,Carmen Lucia,0.0
663301310,Tristan & Lucy,0.0
663358727,Agnes,0.0
663417616,Zoe,0.0
663421508,Yan,1.0
663427663,Celine,0.0
663429280,Mariem,0.0
663448981,Vivian,0.0
663453735,友家旅馆,0.0
663472780,Nasrin,0.0
663478493,Lifen,0.0
663488644,Lisa,0.0
663501521,Alvaro,0.0
663546321,Natty,1.0
663565904,Claire,0.0
663568567,Surarak,0.0
663595630,Celeste Living,0.0
663610144,GoldenValley Homes,1.0
663610929,Boz,0.0
663615181,Alex,0.0
663654963,Stefan,0.0
663682887,Jacques,1.0
663692070,Bowie,0.0
663702970,Samira,0.0
663708342,Malini,0.0
663817175,OlaWale,0.0
663847452,Q.Abujaber,0.0
663863212,Sincere Living,0.0
663864631,Bbc,0.0
663880162,Theodora,0.0
663894193,Luxaura Homes UK,0.0
663926413,Terry,0.0
663963404,Adnaan,0.0
663964736,Jade,0.0
663987349,Florin & Jessica,1.0
664035358,Supanut,0.0
664045949,National Corporate Housing,1.0
664050435,Unknown,
664052156,Suraphol,1.0
664063346,Jay,0.0
664063523,Farida,0.0
664065258,Xin,0.0
664066926,Imran,0.0
664087248,Helena,0.0
664111899,Hesam,1.0
664118089,Laure,1.0
664119260,Alexander,0.0
664142009,Valentin,1.0
664153035,Patrick,0.0
664180652,Niyah,0.0
664187919,Jason And Chloe,1.0
664206821,Baan Saen Saep,0.0
664222977,Nina,0.0
664242643,Ranjit,0.0
664265560,Aboding Co-Living Limited,0.0
664283539,Gregory,0.0
664285047,Richard,0.0
664297537,Catherine,0.0
664330092,Amira,0.0
664345141,Matthew,0.0
664351209,Michelle,0.0
664401610,Maison Kaiser,0.0
664453916,James,1.0
664461897,Ahmed,0.0
664477300,Jacqueline,0.0
664510801,Nook,0.0
664517269,Zhiming,0.0
664534792,Harmony Stays,0.0
664537002,Maria,0.0
664541234,Franco,0.0
664563476,Dodo,1.0
664601622,Eddy,0.0
664619152,Sheetal,0.0
664649931,A-Jay Matthew,0.0
664683919,Martin,0.0
664700874,Izolda,0.0
664724546,Gulfer,0.0
664759860,Margaret Helen,0.0
664775848,Zaky,0.0
664814962,Consigliere,0.0
664822571,El,0.0
664827778,Nexon,0.0
664832264,Pee Nok,0.0
664842180,Chane,0.0
664852561,Suksirihh,1.0
664911195,Serap,1.0
664918103,Ahmad,0.0
664925609,Sagar,0.0
664934203,James,1.0
664981812,Kyle,0.0
664983567,⁨Alcove@53⁩,1.0
664983711,Jo,1.0
664990363,Mustafiz,0.0
664994280,Anna,0.0
664995096,Claudia,0.0
665025027,Yongyi,0.0
665028440,Memi,1.0
665042166,Thiya,1.0
665051110,Sonaica,0.0
665094156,Shereen,0.0
665123622,Jureerat,1.0
665147411,Chen,1.0
665177508,Beau,0.0
665179610,Kaan,1.0
665186047,Katrina,1.0
665196172,Cui,1.0
665210004,Ti Pa,0.0
665225806,Karolis,1.0
665234847,Calum,0.0
665336115,Yoko,1.0
665342711,Elena,1.0
665348540,Beenish,0.0
665386624,GuestReady,0.0
665393441,Nitesh Kumar,0.0
665419659,Hassan,0.0
665419817,Andres,0.0
665421517,Yaw,0.0
665428779,Nitagri,0.0
665449340,Adam,0.0
665476941,Thanatcha,0.0
665484030,Zhifang,0.0
665486150,Joao - Pass The Keys,1.0
665495394,PraewJensen,0.0
665496751,SevynStays,1.0
665504339,Stefano,0.0
665517593,Waree,0.0
665543866,Pattanan,0.0
665559021,Alexandra,1.0
665562381,Bani,0.0
665581716,Namit,0.0
665607610,Sally,0.0
665634505,Charles,0.0
665650363,Phuttiphat,0.0
665661069,Gevorg,1.0
665686070,Zoda | Kingland Stay,1.0
665713909,Native Mayfair,0.0
665722505,Annalisa,0.0
665724234,Aumman,0.0
665727583,Kamran,0.0
665739651,Helena,0.0
665767945,Saad Bin,0.0
665801066,Som,0.0
665802040,Polar Bear On Ice Hospitality,0.0
665803207,TonyHomes,0.0
665823024,Deyon,0.0
665836171,Aaron,0.0
665861149,Natty,0.0
665877534,Rafshad,0.0
665879076,Isuf,0.0
665940879,Oladipupo,0.0
665960139,Isabel&Dee,0.0
665960646,Justin,0.0
665971649,Ola,0.0
665972933,Passent,0.0
665975185,Ripon,1.0
665975885,Toni,0.0
666002167,Adel,0.0
666036949,Urban Luxe Stays,0.0
666057781,Léonie,0.0
666062944,Peter,0.0
666095131,Arman,0.0
666124596,Sienna,1.0
666125339,Kamran,0.0
666159977,Panida,1.0
666160724,Carol,0.0
666190228,Gabe,0.0
666193445,Julie,1.0
666196566,Katie,0.0
666232611,Isabella,1.0
666240013,Tara,1.0
666241206,Chic Apartment,0.0
666285585,Chen,0.0
666288545,Louise,1.0
666301701,Nora,0.0
666304368,Cheryl,0.0
666336106,Sonja,1.0
666390286,Chalermchai,0.0
666391616,Kay,0.0
666425370,SixtyStar,0.0
666483074,SunnyStay,1.0
666485654,Jamila,0.0
666497047,Suzanne,0.0
666531734,Naza,0.0
666592134,Suthasinee,0.0
666602805,Callie,0.0
666603820,Feng,0.0
666618892,Azam,0.0
666641631,Jib,1.0
666666939,Stayz,0.0
666689610,Justin,0.0
666744318,Teerapat,0.0
666747643,Spencer,0.0
666768857,Three,0.0
666772975,Sun,1.0
666774872,April,0.0
666795897,Ferin,1.0
666801696,Sara,0.0
666850275,Franklyn,0.0
666852482,Stephen William,0.0
666923769,Atul,0.0
666934533,Mohammed,0.0
667042986,Salman,0.0
667051741,Saida,0.0
667057484,Parisa,1.0
667058512,Stephanie Ivana,0.0
667069050,Laradex Properties Solutions,1.0
667088979,Baba,0.0
667106503,Andrei,0.0
667169666,Chun,1.0
667179803,Sean Joseph,0.0
667182546,Philip,0.0
667184152,Ka I,0.0
667234527,Phattharanit,0.0
667235582,Stella,0.0
667254994,Jeremy,1.0
667289687,StayStayStay,1.0
667311287,Darlington,1.0
667322361,David,0.0
667344463,James,0.0
667377526,Ola,0.0
667394881,Marlly Lorena,0.0
667399955,Phairin,0.0
667406801,Amille,0.0
667413230,May Hsu,0.0
667416873,Tong,1.0
667423120,Ozer,0.0
667424539,Nine,0.0
667461701,UrbiStay,0.0
667462125,Bhavin,0.0
667490419,City Space,1.0
667535907,Shao Chun,1.0
667574520,GuestReady,0.0
667585044,Aidan And Sabina,1.0
667597329,Karen,0.0
667598798,Nooz Living,0.0
667602176,Phill,0.0
667609749,Jay,0.0
667614038,Lina,1.0
667617816,Emine,1.0
667639561,Ibrahim,0.0
667668038,Ka,1.0
667705807,Wennan,0.0
667728493,Phimphichaya,0.0
667737019,Ling,1.0
667739189,GuestReady,1.0
667766775,Martina,0.0
667769320,Nuray,0.0
667770700,Terry,0.0
667802820,Michael,0.0
667869898,Yuki,0.0
667882593,Hasna,0.0
667885034,John,0.0
667892453,James,0.0
667914456,GuestReady,0.0
667930505,Lawrence,1.0
667931936,TeeZee,1.0
667933553,Everynn,0.0
667936014,林生,0.0
667992709,Alonan Fahad Kareem,0.0
668025514,Hamid,1.0
668051304,Didnudda,1.0
668156010,Hamza,0.0
668169458,Ash Singh,1.0
668175787,Sébastien,0.0
668195085,Mishkah,0.0
668200982,Tanya,0.0
668219166,Soly,0.0
668248329,Bar,0.0
668276155,Ekaterina,0.0
668311670,Villary Homes,0.0
668342700,⁨Bt89⁩,0.0
668344266,Home Vacay,1.0
668358078,Manuri Yasara,0.0
668368943,Nidtaya,0.0
668406810,Nati,0.0
668415732,Alex,0.0
668421745,Ajith Puthenpurayil,0.0
668456002,Jana,0.0
668473591,Andreea,0.0
668501255,Full-Time Guest House,1.0
668518853,London Living Apartments,0.0
668527063,Paulo,0.0
668536406,Precious,0.0
668558314,Stuart,1.0
668564841,Kenneth,0.0
668572374,Jeronm,0.0
668586271,Igor,0.0
668660424,Jenny,0.0
668787804,Vistara Property Group,0.0
668805518,Pauline,0.0
668805646,Mohammad Amin,0.0
668890072,Obi,0.0
668897947,Carla,1.0
669016251,Nongnuch,0.0
669030094,Andrew,0.0
669030202,Spirit Homes,1.0
669034478,KKOne-Home,1.0
669036054,James,0.0
669046259,Peter,0.0
669073336,Hoang,0.0
669077314,Kazi,0.0
669181223,Katie And Adam,1.0
669215908,Gerardin,0.0
669238241,LeGrant,0.0
669243023,Itzel,0.0
669256858,Shahriyar,0.0
669286707,Dan,0.0
669323857,Ndidi,1.0
669340239,Hasan,0.0
669343681,Jonathan,0.0
669382011,Caroline,0.0
669414587,Lily,1.0
669427709,Fay,1.0
669467614,Ashutosh Kumar,0.0
669649457,Jutrarut,0.0
669689820,Natasha,0.0
669840990,Gaia,0.0
669874987,Rich,0.0
669886371,Md Baki U,0.0
669896144,Daniel,0.0
669931187,Navi,0.0
669976523,Leo,1.0
670001145,Oluwasegun,0.0
670020169,Atchy,1.0
670030274,Kitty,0.0
670145331,Co-Property,1.0
670181072,Tanadet,1.0
670213400,Corinne,0.0
670217247,Kritjaphat,0.0
670227822,Peckham Rooms Hotel By Belvilla,0.0
670346150,Jeab,0.0
670374903,Zoe,1.0
670411647,Myles,0.0
670420406,Jefdeey,1.0
670424014,Syed,0.0
670433816,Bradley,0.0
670435522,Thana,0.0
670438456,Kate,1.0
670451378,Jason W,0.0
670468341,Zhiyin,0.0
670478315,Namon Short Stays,1.0
670483407,Shaileen,0.0
670602432,Ali,0.0
670629365,Concierge,0.0
670647531,Dainius,0.0
670685386,Jimmy,1.0
670721357,Manjinder,0.0
670729701,Jonathan,0.0
670772385,Tanya,0.0
670871286,Tru Living,1.0
670877400,Arun Sa Wad,1.0
670885218,Mustapha,0.0
670896145,Gio,1.0
670905167,⁨PawLiving9⁩,0.0
670921919,Layali Homes,0.0
670970121,John,0.0
671008126,Peter,0.0
671012475,Abinaya,0.0
671047655,Pichaya,0.0
671089282,Phattha,0.0
671105683,Millie,0.0
671108735,Nicolas,0.0
671122642,Monchira,0.0
671123931,Wajid,0.0
671126140,Picko,1.0
671130684,Darisa Group,0.0
671150953,Bing,0.0
671167142,Shan,0.0
671167397,Ky,1.0
671168834,Joseph,0.0
671225008,Naphat,0.0
671241936,Raf,0.0
671260723,Paulo Rui,0.0
671364319,Mink,0.0
671364516,Pieter,0.0
671407736,Udage,0.0
671439204,Franciene,0.0
671520598,Mohammed Adnan M,0.0
671555176,Nitit,0.0
671561951,Bhuvasa,0.0
671570496,Pasukri,0.0
671583089,Sarah,0.0
671587329,Ainan,0.0
671617364,Richard,0.0
671623282,Annabelle,1.0
671625619,Magrit,0.0
671626636,Tiger-Lee,0.0
671638720,Nahida,1.0
671661396,Megan,0.0
671678441,Claire,0.0
671697136,Mark-Pass The Keys,0.0
671700454,Chriselle,0.0
671704198,Emma,0.0
671748267,Marina,0.0
671753518,Mushrif Abdallah,0.0
671792001,Korrawan,0.0
671810407,Sasha,0.0
671810850,Crown World Limited,0.0
671836995,Aorn,1.0
671848410,James,0.0
671889217,Tipiko,1.0
671918802,Amina,0.0
671939398,Bora,0.0
671944003,Yongyut,0.0
671951422,Emon,0.0
671957256,Jay,0.0
672056798,Jitra,0.0
672083842,Zara,0.0
672098176,Rameez,0.0
672198128,Tudor,0.0
672236762,JD Apartments,0.0
672252207,Sevim,1.0
672253458,Lee,1.0
672277334,Mani,0.0
672297058,Bernie,0.0
672422440,Vanessa,0.0
672433590,Surangraut,0.0
672440160,Monisola,0.0
672457622,Zafer,0.0
672472050,Sara,1.0
672484016,Siripan House,1.0
672519396,Theresa,1.0
672520594,Lee,0.0
672637090,Nathan Naim,1.0
672650483,⁨YaiMak Co.⁩,1.0
672655591,Josie,1.0
672670984,Max,0.0
672677747,Jomchayaa,1.0
672683651,Sue,0.0
672694357,Jorge Vazquez,1.0
672772570,Oscar,0.0
672794785,Emira,0.0
672812732,Squirrel Manager,0.0
672885793,Emily,0.0
672914737,Kiana,0.0
672954859,Melih,0.0
672979775,Royston,0.0
673003084,Find-Me Short Stays,0.0
673006819,Nicole,0.0
673021092,Ryan,1.0
673027368,Chompoo,0.0
673078677,Darius,1.0
673104954,Dainius,1.0
673111626,Edward,0.0
673121075,A,0.0
673167163,Broadwalk Estates Ltd,0.0
673190474,Lennie,0.0
673307953,Regent,0.0
673325268,Olivia,0.0
673428701,Enrique,0.0
673449491,Chanita,1.0
673497401,Sab-Anun,1.0
673518726,Shuja,1.0
673526991,Josephine,0.0
673547105,Mohammed Saeed,0.0
673555505,Inetoyy,1.0
673569637,Bektas,0.0
673570779,Avinash,0.0
673583307,Valentina,0.0
673642130,Paloma Narcisa,0.0
673668778,Goldie,1.0
673697431,Suthirat,1.0
673731950,Minja,0.0
673747083,Karen,1.0
673767199,Klaidi Property Group,0.0
673773807,Fred,0.0
673788049,Unal,0.0
673859215,Maurizio,0.0
673914940,Asmitha,0.0
673937489,Eden Properties,0.0
674020817,Adrian,1.0
674034161,Alexander,1.0
674087901,Mida Don Mueang,0.0
674089867,U9Resident,0.0
674090359,Tammy,0.0
674093704,Nordine,0.0
674096727,Norbert,0.0
674104792,Pat & Pisek,0.0
674106951,Robert,0.0
674110681,A.O Hotel,0.0
674112397,Tuchpong,0.0
674120679,Kaninchita,0.0
674144576,HomeOwl,0.0
674145209,Ali,0.0
674149439,Nicoletta,0.0
674150654,Safira Shahbaz,1.0
674158431,Alfredo,0.0
674164462,Jazzmyra Homes,1.0
674170642,Sudhir,1.0
674188438,Iraznaz Holidays,0.0
674197982,Mary,0.0
674241124,Maria,0.0
674278389,Paul,1.0
674300874,Mongkol,0.0
674309657,Chanya,0.0
674310418,Bl,1.0
674313775,Kiko,1.0
674329235,GuestReady,0.0
674353259,Siriluck,0.0
674384756,Roy,0.0
674431141,Joris,1.0
674452676,Sunny,1.0
674463813,Maria Jose,0.0
674500652,Nira,0.0
674507469,Sasipapim,0.0
674518011,P.Pro,1.0
674538864,Beam,1.0
674539761,Nirvair,0.0
674603017,Kitty,0.0
674626348,Yes,0.0
674637565,Maurice,0.0
674655011,Safah,0.0
674679678,TEN Place @ Srinakarin,0.0
674717823,Hudson And Holly,1.0
674730258,Marcela,0.0
674744600,Kasia,0.0
674756305,Myo,0.0
674781309,Chotikaya,0.0
674824670,Billy G,0.0
674871958,Aqsa Zia,0.0
674884619,Alex,0.0
674898459,Robin,0.0
674900219,The July London Victoria,0.0
674928555,Amelia,0.0
674932174,Vanessa,0.0
674952042,GuestReady,1.0
675064833,Olayemi,0.0
675075928,Sophie,0.0
675107049,Ibrahim,0.0
675125865,Dyrea,0.0
675184585,Vidya,0.0
675208017,Gold,0.0
675247355,Oranuch,0.0
675250569,Osama,1.0
675254030,Xianju,0.0
675265998,Eighth Heaven Estates,1.0
675283139,Chanoknan,0.0
675283881,Chris,0.0
675301620,Leo,0.0
675305901,Juliana,0.0
675318922,Alaba Jeremy,1.0
675355718,Nicola,1.0
675461093,Sleepover Stays,0.0
675473829,Jenny,0.0
675493532,Best VIP Villas,0.0
675499252,Jia,0.0
675519274,Salah Adin,0.0
675525943,Horace,0.0
675544177,Garth,0.0
675560906,Konnect Homes,0.0
675565679,Lerissa,0.0
675568531,Phiri,1.0
675569108,Tresmont Hane,1.0
675569548,Guifang,0.0
675611870,Mark,1.0
675622539,Suriphan,0.0
675640963,Shane,1.0
675673639,Cozystays,0.0
675686350,Kat,0.0
675686904,Julius,0.0
675703089,Daisy Elizabeth,0.0
675716318,Bethel Stays,1.0
675796553,Somhaluethai,0.0
675832998,Ac,1.0
675852318,Kevin,1.0
675873463,Chandni Kaur,0.0
675929717,David & Ali,1.0
675940035,Vee,1.0
676002288,Australia Street Suites,0.0
676014994,Yashal,0.0
676016344,Lisa,0.0
676021386,Charlie,0.0
676035768,Lisa,0.0
676055018,Carrie,0.0
676074575,Erik,0.0
676140804,City Budget Hotel,0.0
676200421,Martin,1.0
676270359,Megan,0.0
676284084,Megan,1.0
676345760,LumiLoft Ratchathewi,0.0
676378385,Megan,0.0
676417319,Solomon,0.0
676520475,Emma,0.0
676527590,Anna,0.0
676547428,Seyit Mahmut,0.0
676549169,Susan,1.0
676577801,Kanta,0.0
676592900,Pk,0.0
676602605,Victoria,1.0
676619779,Olivia,0.0
676628468,Wufeng,0.0
676637308,Cedric,0.0
676656738,Ola,0.0
676675455,Little Drifter Surry Hills,0.0
676702614,Khanchaya,1.0
676742068,Anita,0.0
676753148,Daniel,0.0
676757219,Steven Ray,1.0
676760399,Victor,0.0
676767866,Geetika,0.0
676773473,Tom,1.0
676828917,Zakaria,0.0
676906635,Mew,0.0
676910895,Yvette,0.0
676934989,Maria,1.0
676946041,Tom,1.0
676954330,Lalin,0.0
676960982,MCPI Hosting,1.0
676965535,Chu,0.0
677017357,YOTELPAD London Stratford,0.0
677024195,Elman,0.0
677031952,Tejendra,0.0
677075177,Man,0.0
677084481,Orgustine,0.0
677115005,GuestReady,0.0
677115697,Mauricio,0.0
677146853,Paul,0.0
677149416,The Carlton Tavern Hotel,0.0
677162153,Alice,0.0
677187804,Zia,0.0
677188350,Joseph,1.0
677205059,Kris,0.0
677234184,Appreciate Estates,0.0
677294440,Cho,0.0
677302935,Pass The Keys,0.0
677319491,Duangkamol,0.0
677335362,Isabella Joanna Martinez,0.0
677406144,Khaled,1.0
677425562,Veriu Macquarie Park,0.0
677440481,Nannapat,0.0
677460800,卓宏,0.0
677463075,Mark,0.0
677484120,Bárbara,0.0
677485869,JLE Stays,0.0
677537235,Yuki,0.0
677539272,Lilian,0.0
677575802,Neslisah,0.0
677584677,Anna,1.0
677629895,Rama Residency Sukhumvit Bangkok,1.0
677710138,BM Loft,0.0
677758010,The Address,0.0
677763946,Editha,0.0
677774740,John,0.0
677797182,Emma,0.0
677814591,Chutima,0.0
677837182,Salinee,1.0
677837447,Jaruwan,0.0
677843709,Islam,0.0
677883005,Sara,0.0
677912930,Aaima,0.0
677970293,Sergei,0.0
678036315,Peter,0.0
678037890,Maria,0.0
678046097,Vesto Management Ltd,0.0
678047423,My Assets,0.0
678061221,Daniel,0.0
678062048,Shahbaz Mahmood,1.0
678128142,Zhang,0.0
678145813,Ali,0.0
678149480,Mustafa,0.0
678163189,Elizabeth,1.0
678234133,Paddimere,0.0
678284508,Antoaneta,0.0
678302931,Ying,0.0
678417500,Mark,0.0
678418514,Phornphailin,1.0
678476237,Naz,0.0
678540432,Tony,1.0
678581798,Taiheju,0.0
678609435,Dainius,1.0
678610822,Tamanna,0.0
678617776,Magdalena,0.0
678651875,Anthony,0.0
678672536,Betty,0.0
678711827,David,1.0
678716247,Zoe,1.0
678780345,Dan,1.0
678782571,Mario,0.0
678782802,Ercan,0.0
678793729,Kitsanakan,0.0
678796445,Joha & Pablo,1.0
678869465,Ping,1.0
678891590,Muna,0.0
678908103,Chris,1.0
678911137,Sarinda,0.0
678915599,StarNest,1.0
678924913,Kevin,1.0
678930613,Condo,0.0
678943987,Randal,0.0
678969117,Adam,1.0
678974684,Mustafa,0.0
678993490,Moreton Apartments,0.0
679057081,Susan,1.0
679083264,Peepure,0.0
679097032,FLA Sebay,1.0
679107517,Kalmont Limited,0.0
679181489,Xinling,0.0
679184586,StayKLimited,0.0
679185536,Yulin,0.0
679219995,Jega,0.0
679301848,Cabanaz,0.0
679310309,Alexander,0.0
679338372,Hasan,0.0
679351151,City Service Lets,0.0
679361380,Tarn,1.0
679489192,Molwathu,1.0
679506440,小明,0.0
679531755,Gianluca,1.0
679578726,Julie,0.0
679627244,As You Like It,1.0
679655348,Jo,1.0
679682554,Supawadee,0.0
679718365,Yann,0.0
679760596,Native Hyde Park,0.0
679812085,Anchor Stay Co,0.0
679834624,Andy,0.0
679874020,Julian,1.0
679894588,Hayley,0.0
679906211,Claudiu Catalin,0.0
679910357,Afshaan,0.0
679940111,Ploynitar,0.0
680083235,Norma,0.0
680086040,Siri Mom,0.0
680134512,Thunyarporn,0.0
680206556,Book-Bed,0.0
680206851,Tae,0.0
680217575,Ash,1.0
680247810,Azur,1.0
680263524,Ticha,0.0
680321706,Vava,1.0
680330674,Ummay,0.0
680360461,Shubham,0.0
680424509,Jing,0.0
680434333,Greater Living Estates,1.0
680434639,Alen,1.0
680482092,Bangkok City Luxury Jacuzzi River Front,1.0
680525881,Gregory,0.0
680619187,Happy Stay River Front,1.0
680623805,Tangwa,0.0
680632740,Silom Happy Stay,1.0
680643070,Leah,1.0
680655471,Faz,1.0
680679868,Qasim,0.0
680691929,Benedetta,0.0
680759403,Sarfraz,0.0
680780268,Iona,1.0
680855088,Catherine,1.0
680869282,Hoang,1.0
680897032,Opuada,0.0
680898077,Panudech,0.0
680909348,Alice,0.0
681014990,Nancy,0.0
681034273,Darren,0.0
681073174,Karnpitcha,0.0
681077530,Su,0.0
681099989,Andrea,1.0
681161694,Luxury Stays & Co,1.0
681167823,แพท,0.0
681189161,Sophie,0.0
681201116,LondonApartments,0.0
681213125,Linn,0.0
681214548,Kevin,1.0
681236164,Cherish,0.0
681271696,Pitchayarak,0.0
681297756,Shelley,1.0
681308085,Angela Duangkamo,0.0
681321388,Gunel,0.0
681346589,Tolu,0.0
681408588,Gavin,0.0
681421612,Ravindra,0.0
681442204,Star City Suites,1.0
681473345,Kevin,0.0
681516551,Todd,0.0
681529207,Anne,0.0
681569477,Ali,0.0
681574775,Majd,0.0
681586827,Maria Jose,0.0
681589009,Vasile,1.0
681615382,Tony,0.0
681657156,Naritta,1.0
681658679,Karl Eyimofe,1.0
681687458,Hina,0.0
681694120,Laksan,1.0
681726506,Megan,0.0
681748920,Tina,1.0
681760630,Ad,0.0
681848145,Muhammad,0.0
681857841,Pornkaew,0.0
681863010,Usman,0.0
681900415,Chris,1.0
681909705,Tamara,0.0
681952053,Sanjaysingh,0.0
682030734,Rkse Pty Ltd,0.0
682077352,Thanyaporn,1.0
682077485,Ernesto,1.0
682088735,Belinda,0.0
682166871,Gary Jorge,1.0
682169611,Marli Siqueira,0.0
682200150,Ross,0.0
682214241,Mansour,0.0
682269548,Yichieh,0.0
682277535,Amanda,0.0
682294024,Prairie,0.0
682301730,Jay,0.0
682319719,Jacky,1.0
682323335,Ta Ni,0.0
682325178,Maria,0.0
682359022,Jay,0.0
682367426,Alex,0.0
682367469,Jess,0.0
682368868,Shiva,1.0
682413825,BKRE Homes,0.0
682432944,May,1.0
682474874,Angela Duangkamo,0.0
682477702,Jing,0.0
682491797,Travelnest,0.0
682491846,Travelnest,0.0
682498186,Kozeez,0.0
682505859,Dammy,1.0
682517536,Diana,0.0
682518807,St Leos,0.0
682523404,Emilia,0.0
682526562,Adey,0.0
682541254,Passadapon,0.0
682552513,Imran,0.0
682566972,Antonio,1.0
682569041,T&K Real Estate Company Limited,1.0
682614577,Manlika,1.0
682658446,Joseph,0.0
682674804,John,0.0
682739778,Hallison,0.0
682750866,Lauren,0.0
682790261,Leonard,0.0
682809387,Bledar,0.0
682848917,Tim,0.0
682864746,Dainius,0.0
682864969,Pun,1.0
682876093,Thada,1.0
682900032,Eitan,0.0
682906418,BW Studios,0.0
682910934,Amanda,0.0
682920615,Paul,0.0
682926492,Faisal,0.0
682961141,Beckie,0.0
683016228,Chantelle,0.0
683072420,Agyeiwaa,0.0
683074219,Tasha,0.0
683087598,Asakon,1.0
683095330,Victor,0.0
683221135,Sam,0.0
683238449,Itthi,0.0
683247040,Dev,0.0
683250326,Sonic,1.0
683255784,Muniq,1.0
683283250,Paul,0.0
683289786,Sodiq,0.0
683384988,Law Lodgings,0.0
683399519,Precious,1.0
683422722,Thanyaluk,0.0
683460446,OneStay,0.0
683461736,He,1.0
683470999,Laura,0.0
683471812,Tom,0.0
683473439,David,1.0
683483426,Poornima,0.0
683486501,Nneka,0.0
683489431,Unknown,
683493554,Unknown,
683539330,Mudy Parlac,0.0
683549680,Liam,1.0
683638114,Garry,0.0
683656645,Phouthaphieng,1.0
683658760,Will,1.0
683672678,Paul,0.0
683686793,Ruanplaisoi Apartment,0.0
683691377,Gary Michael,0.0
683703992,ZR Properties,1.0
683704722,Scott,0.0
683707505,Apichai,1.0
683736272,George,0.0
683793366,Sharon,0.0
683848158,Easy Stay Studios,1.0
683863413,Thanyaporn,1.0
683929757,Holly,0.0
683966232,Peichun,0.0
684052660,Fathayat,0.0
684052763,Narasimha Raju,0.0
684077104,Emma,0.0
684088684,Thanh Thuy,0.0
684091595,Julie,0.0
684091607,Julie,0.0
684091614,Julie,0.0
684095523,Julie,0.0
684163514,Kristene,1.0
684166819,Jessica,0.0
684195332,Boss Jiang,0.0
684198937,Soton,0.0
684209611,Saranwit,0.0
684258492,Hamzah,0.0
684260467,Suhan Karki,0.0
684285676,Olga,1.0
684293854,Shania,0.0
684323802,Uzma,0.0
684343854,Paul,1.0
684364057,Sonia,0.0
684388998,Adetutu Folashade,0.0
684389137,Obi,1.0
684397057,Tinotenda,0.0
684416570,Charles,0.0
684416803,⁨Homy.⁩,1.0
684424160,Damien,0.0
684424439,Abdul Salam,0.0
684568634,Betty,0.0
684569735,Lita,1.0
684588147,Surjit,0.0
684590791,Sharon,0.0
684603632,Babis,0.0
684646940,Chris,0.0
684654488,Karl,0.0
684679675,Elvira,0.0
684689936,Shaila,0.0
684694709,Joseph,0.0
684722031,Kirei House,1.0
684755727,Sabrina,1.0
684762533,Salman,0.0
684780138,Omah International,0.0
684784793,Veronica,1.0
684856763,Anna & Jakub,0.0
684929812,Htin Lin,0.0
684938805,Mini,0.0
684939088,Travelnest,0.0
684940955,Angela Duangkamo,0.0
684941692,Gary,0.0
684957309,Azaz,0.0
684959412,Mubeen,1.0
684965657,Mark,0.0
684980043,Sara,0.0
685024421,Waqas,0.0
685032240,Justin,0.0
685032438,Iznikvillagölce,1.0
685039053,Thai,1.0
685058214,Rodrigo,0.0
685074280,Ying,0.0
685089745,Crystal,0.0
685113667,Radeeya,0.0
685143982,KOVA Stays,0.0
685172064,Shaheena,0.0
685192502,Asta,0.0
685267326,Nicha,1.0
685281598,Songphon,0.0
685312074,Mangmoang,0.0
685321211,GuestReady,0.0
685365670,Matt,0.0
685373583,Mickey,1.0
685376015,Kyra Jane,0.0
685396988,Christopher,1.0
685411203,Waneatta,1.0
685427955,Jing,0.0
685429020,Moussa,0.0
685430727,Francisco,0.0
685490752,Thai Loft,0.0
685511757,Robert Pass The Keys,1.0
685523904,Hamid,0.0
685556195,Flat 1 23 Middle Street Ltd,1.0
685592406,Almaz Sereke,0.0
685601883,Sunny Summer Stays,0.0
685618414,Focu,1.0
685653333,Oh,0.0
685674276,Olivia,0.0
685725686,Fabrice,1.0
685728121,Swon,0.0
685735644,Akkarawit,0.0
685747330,Khy,1.0
685751991,Julia,1.0
685775184,Prakash,1.0
685825712,Mohammed,0.0
685841663,Joe,0.0
685856408,Lip,0.0
685863658,Georg,0.0
685891264,HappyHost BKK,0.0
685904640,Kavisha,0.0
686049798,FahsaiRoomForent,0.0
686059896,Owen,0.0
686063651,PA Villas Solutions Thailand,0.0
686065422,Nataly,1.0
686094961,Native Victoria,0.0
686157514,Lorraine,0.0
686226178,Harvey,0.0
686245140,Karol Samuel,0.0
686245823,Thiyada,1.0
686246764,Arif,0.0
686296890,GC Elite Estates,1.0
686301227,Sheer Luxury Properties Limited,0.0
686323676,Aftab,0.0
686356630,Mandip,0.0
686368025,Abiodun,0.0
686404176,Wei,0.0
686409525,Diana,1.0
686415388,Diana,1.0
686437963,Simon,1.0
686458371,Karry,1.0
686470966,Ruth,0.0
686473963,Alasdair,1.0
686474569,Tingting,1.0
686475120,GuestReady,1.0
686487346,Supatsara,0.0
686541414,Razy,0.0
686573509,Kate,0.0
686581300,Boss,0.0
686600490,Jack,0.0
686662745,Suphasuta,0.0
686739154,Germaine & Daughter's,0.0
686766757,Apinya,0.0
686772943,Francesco,0.0
686781961,Malijeed Services Limited,0.0
686785053,Hemings Property Group,0.0
686863510,Andrew,0.0
686866582,Judy,1.0
686866933,Bella,0.0
686881080,James,0.0
686892539,Deepa,0.0
686931612,Nancy Snow,1.0
686932419,Emma,0.0
686939319,Emma,0.0
686941599,Joyce,0.0
686987270,Al Faisal,0.0
687017489,Gena,0.0
687027542,Jayhan,1.0
687077899,Damien Patrick,0.0
687087401,Ali,0.0
687100307,Chananart,0.0
687102959,Ashley,1.0
687108973,Sue,0.0
687113500,Pariyanon,0.0
687154490,Ahmed,0.0
687339665,Kritiya,1.0
687357079,Elena,0.0
687358650,Patrick,0.0
687362169,Mithun,0.0
687369465,Tony Bear,1.0
687372773,Nick,0.0
687433107,Peter,0.0
687497988,Katherine,0.0
687503376,Plamen,0.0
687542898,Obi,0.0
687551333,Phichakorn,0.0
687564384,Flavio,0.0
687590934,Lesley-Anne,1.0
687600723,Inderpreet,0.0
687669710,Abbie,1.0
687710486,Jade,0.0
687717786,Pamela,0.0
687718541,Alex,1.0
687719284,Mojgan,0.0
687743776,Mahleek,0.0
687775149,Lisa,0.0
687808315,Mary,0.0
687876133,Champ,0.0
687893770,Shivani,0.0
687907460,Alvise,1.0
687930392,Diana,0.0
687959566,Sibel,0.0
687970645,Nathalie,0.0
688007883,Shahzoda,0.0
688031728,Shaban,0.0
688072615,Besy,0.0
688073939,Su,0.0
688077279,Julie,0.0
688080000,Litsa,0.0
688109899,Asish Reddy,0.0
688117694,Dynamic Properties,1.0
688182263,Taimoor,0.0
688195863,Ken,0.0
688204464,⁨7even Clouds⁩,0.0
688218606,GL Sport Club Serviced Residence,1.0
688221724,Miranda,1.0
688244302,Raul,0.0
688244358,Serenity Nights,0.0
688304085,Serenity Compass,1.0
688315562,Corrado,0.0
688393857,Subpitchaiya,1.0
688408833,Emma,0.0
688411963,Bruce,1.0
688415195,Tanya,1.0
688420965,Tarikarn,0.0
688438495,Squirrel House,0.0
688458639,Maria,1.0
688498409,Muazzam,0.0
688504735,Jay,0.0
688520222,Future Nights,1.0
688531098,Richard,0.0
688590230,Harrison,0.0
688610427,Theresa,1.0
688620119,Chanpen,0.0
688624604,GuestReady,1.0
688625670,Emma,1.0
688627712,Mint,0.0
688638776,Adam,0.0
688640108,Andrea,0.0
688678429,Aisha,0.0
688733603,Nurliza,0.0
688804880,Alda,0.0
688809509,Amy,1.0
688830150,Agatha Living LTD,1.0
688868269,林,0.0
688913769,Gavin,0.0
688916535,Lara,1.0
688917914,Ct,0.0
688927409,Manisha,0.0
688930520,Adam,0.0
688944755,Andrew,0.0
688996385,Man,0.0
689004194,Savas,0.0
689021980,Whouse,0.0
689022434,Ant,0.0
689024897,Ismhael Cape,0.0
689028261,Sokari,0.0
689046405,Naomi,0.0
689077227,Simon,1.0
689078139,Inderjit,0.0
689092201,Ludovic,0.0
689093635,Opeyemi,0.0
689128362,Kaitlyn,0.0
689135205,First Relocation Ltd,0.0
689172710,Abdul,0.0
689205272,Karnnittha,1.0
689214690,Kos Hotel Suvarmabhumi Airport,0.0
689274808,Giarley Augusto,0.0
689352875,Lei,1.0
689397807,GuestReady,1.0
689420505,Patricia,0.0
689436578,Natasha,0.0
689450337,Julianna Yeung,1.0
689483344,Johanna,0.0
689494299,Christian,0.0
689562358,Pongwiwat,1.0
689563022,Marianna,0.0
689580873,Elizabeth,0.0
689594100,Farung,1.0
689662199,Wasawat,0.0
689711871,Shin,0.0
689713484,Abid,0.0
689730511,Veronika,0.0
689747538,Milton,0.0
689750758,Enayat,0.0
689768278,Cindy,1.0
689782085,Sarah / Zane,1.0
689819583,Obi,0.0
689889089,Beta,0.0
689926323,Ryan,0.0
689931815,Leena,0.0
689932815,Genevieve,0.0
689936825,Anna,0.0
689948961,Oliver,0.0
689958682,Hanyun,0.0
689970189,Cecilia,0.0
689985760,Soraya,0.0
690058689,David,0.0
690133515,Mr.Li,0.0
690139103,Lydia,0.0
690152689,Gabriel,0.0
690169586,Marco,0.0
690210411,Chris Dimirov,0.0
690258893,Kamal,0.0
690264601,Viv,0.0
690278364,Steve,1.0
690300867,SoGreen,1.0
690339441,Claudia,1.0
690382853,Anish,1.0
690416655,Tyrone,1.0
690434443,Douglas,0.0
690450919,A Cozy Nomad,0.0
690476522,Grace,0.0
690478530,Janista,0.0
690485025,Thananut,0.0
690495955,Tess,1.0
690498924,S Twelve,0.0
690510092,Teny,0.0
690512095,Sylvia,0.0
690532681,Tatiana,0.0
690535958,GuestReady,1.0
690538019,GuestReady,0.0
690540934,Zhongke,0.0
690545653,Mo,0.0
690563150,Kas,1.0
690608627,Joanna,0.0
690608749,Judith,0.0
690650870,Hana,1.0
690678145,SAI Residence,0.0
690681107,Cody,0.0
690681987,Chompunuch,1.0
690751422,Samphenghouse,0.0
690866765,Boonyanuch,1.0
690880413,Abida,0.0
690998273,Wasana,0.0
691028924,Faiz,1.0
691030311,Chiee,0.0
691051145,Andrii,0.0
691070892,Edgar,0.0
691152604,Kwame,0.0
691186086,The Standardized,0.0
691186691,Rungroj,1.0
691197955,Hayriye,0.0
691206053,Emma,0.0
691210330,Lalin,0.0
691262238,Sorin,1.0
691267876,Ehab,1.0
691275823,Alex,1.0
691290537,Chananchida,0.0
691325932,Fiz,1.0
691377230,Michele,1.0
691400125,Alejandro,1.0
691401491,Gonzalo,0.0
691405249,Klaudia,0.0
691418852,Regents Residences,0.0
691427650,Diana,0.0
691437674,Sara,0.0
691441220,Dela,0.0
691467962,Angela Akua,1.0
691517258,Tinu,0.0
691529986,Staymo,0.0
691543338,Charles,0.0
691592083,Sonia,0.0
691602054,Ronnachit,0.0
691604548,Fraser Place Canary Wharf,0.0
691604686,Fraser Suites Queens Gate London,0.0
691605110,The Best Bangkok,0.0
691618859,Victoria,0.0
691780016,Arnold,0.0
691790740,Anwar Ahmed,0.0
691792268,Chad,1.0
691819146,Deborah,0.0
691822265,Jamie,0.0
691835132,Tj,1.0
691919213,Rainbow Accommodations,1.0
691948336,Angela Duangkamo,0.0
691979447,Louisa,0.0
691996995,Kensington Club Studios,0.0
692033612,Akashdeep,1.0
692088428,Fernando,0.0
692142494,Sajad,0.0
692142843,Carol,0.0
692177559,Laura,0.0
692190696,Chloe,1.0
692252181,Noha,0.0
692280244,Adam,1.0
692287019,Guang,1.0
692305172,Farjana,1.0
692314916,April,0.0
692362541,Ann,0.0
692389975,Habib Adegboyega,0.0
692455470,Larry,0.0
692461761,Razi,0.0
692473786,Michael,0.0
692533481,Cat,0.0
692535742,Marine,0.0
692537143,Jeanette,0.0
692570371,Amalia,0.0
692578160,Unknown,
692581730,Halil,0.0
692598403,Leonarda,1.0
692644705,Akalya,0.0
692659864,Max,0.0
692665510,Pileria,0.0
692724170,Oliver Thonburi,0.0
692813973,Aldis,0.0
692896713,Jov,0.0
692922346,Suchendra,1.0
692938468,Gerald,0.0
692960664,Gaurav,1.0
692982182,GuestReady,0.0
693067975,Phing,1.0
693068804,Angela Duangkamo,0.0
693069366,Saranpatsorn,0.0
693090585,Krit,0.0
693092820,Ifedee,0.0
693126498,Liudmyla,0.0
693140232,Holy Hostel,1.0
693144630,Milena,0.0
693154387,Jai,1.0
693197338,Tobi,0.0
693242867,Edward,0.0
693291344,Siriwipa,1.0
693295253,Dolores,1.0
693296503,Julie,0.0
693299038,Kalie,0.0
693331940,VV Properties,0.0
693389019,Pass The Keys,0.0
693393051,Carol,0.0
693427494,Suhail S,0.0
693471297,Suchon,1.0
693487807,Uncle J. House By Mrs.J,1.0
693493621,Xiao,0.0
693501064,Oche,0.0
693517493,Fern,0.0
693602879,Mike,1.0
693616893,Somzaa,0.0
693619970,Pj,1.0
693626993,Zoe,1.0
693654131,Jarred,0.0
693808791,Buntongtan,0.0
693810757,Kk,0.0
693811200,Orathai,1.0
693811455,Javed,0.0
693818188,Emmanuel,0.0
693821805,Damian,0.0
693822358,Serena,0.0
693826121,Daily Home,0.0
693829578,Abbey,0.0
693845134,Janet,0.0
693846298,Vivian,1.0
693847156,Imperial Liverpool Street,0.0
693857517,Magdalena & Kevin,1.0
693870969,Stephanie,1.0
693967664,Muhammad Daniyal,0.0
693976647,Bei Otto Haus Sala Daeng Bkk,0.0
693990503,Mixix,0.0
694055728,Agnieszka,1.0
694078754,Karen,1.0
694094828,Nakita,1.0
694095612,Davide,0.0
694103297,Zemi,1.0
694108914,Yemi,0.0
694110041,Emre,0.0
694114883,Syed Salman,1.0
694178101,Rutendo,1.0
694203067,Cape House Bangkok,0.0
694237555,Stoyan,0.0
694239967,Robert,0.0
694247813,Bubble Humble Bangkok,0.0
694248082,GuestReady,0.0
694257208,Jidapa,0.0
694283217,Faz,1.0
694309128,Hugo Greenwood,0.0
694323814,Zen,1.0
694347794,Grace Riverfront,1.0
694358220,Andrew,0.0
694379706,Erica,1.0
694382988,Presi,0.0
694383574,Malali,0.0
694387894,Ivo Kanchev,1.0
694393370,Leakhana Heng,0.0
694394662,Michelle Pass The Keys,1.0
694404241,Toyin,0.0
694424651,Falcon Apartments,0.0
694433293,Better,0.0
694469967,Nicola,0.0
694483513,Yi,0.0
694550005,Andrea,0.0
694553297,Patchamon,0.0
694558259,Alasdair,1.0
694563651,Bode,0.0
694587024,Paninee,0.0
694654028,Jun,0.0
694701429,Roongradit,0.0
694718351,Abolanle,0.0
694746408,Maria Paola,0.0
694749185,Aittinan,1.0
694759496,Mia,0.0
694827166,Daniel,1.0
694861743,Michael,0.0
694871664,Peter,0.0
694877651,ShortTrip,0.0
694909346,Jamal,0.0
694920580,Daniel,1.0
694952037,Simon,0.0
694979738,Suite Havens,0.0
695012058,Kenny,0.0
695032200,Maria,1.0
695052277,Sou,0.0
695092043,Nittaya,0.0
695093262,Joyce,1.0
695106881,Mary,1.0
695120380,Fariha,0.0
695120834,Melissa,0.0
695185160,⁨Jack W.⁩,1.0
695189908,Nicky,0.0
695210839,Condo Ram,1.0
695225704,Simon,1.0
695232793,Piim,1.0
695237092,Ruby,0.0
695258910,Poco House,1.0
695266255,Patricia,1.0
695269353,Bob W London Earl's Court - Philbeach Gardens,0.0
695269406,Mathis,0.0
695283922,Jj,0.0
695289419,Mark,1.0
695295188,Michelle,0.0
695297525,GuestReady,0.0
695310818,Harold,1.0
695328236,Andrean,1.0
695414205,Poy,0.0
695436915,Viv,1.0
695441412,Happy Day,0.0
695442665,Hula Social Club,1.0
695459543,Kathy,0.0
695464795,Ifti - Pass The Keys,0.0
695469390,Cassa,0.0
695487374,Rose,0.0
695503101,Marlene,0.0
695543054,Lu,0.0
695558187,Mohamed,0.0
695594751,Simeon,0.0
695628871,James,0.0
695636140,Muugii,1.0
695637075,Eden,0.0
695645851,TheHideout,0.0
695647718,Johan,0.0
695651708,Shaun,0.0
695655291,Haz,0.0
695657821,Ann,0.0
695683741,Panicha,1.0
695814527,Dawit,1.0
695910364,Cindy Ch,1.0
695934901,Meroua,0.0
695961020,Melissa,0.0
695972633,Patrapoom,1.0
695981229,Gookgik,1.0
695988071,Kazeem,0.0
695991090,Astrit,1.0
696134940,Simon,0.0
696145976,Nappiness Hotel,1.0
696154661,Elena,0.0
696159141,Siriya,0.0
696169571,Wasim,0.0
696186579,Rebecca,0.0
696217950,TUksina,0.0
696254128,Ricky,1.0
696276021,Aakanksha,0.0
696320338,Pro Suites,1.0
696326595,Thaweesak,0.0
696334366,Bukky,0.0
696334382,Krittipat,0.0
696379794,Saul,0.0
696395899,Fatoun,1.0
696397337,Sineenuch,0.0
696455870,VZ Property Group Ltd,1.0
696471581,David,0.0
696491506,Yinda,0.0
696532691,Nattawadee,0.0
696535809,Gardina Asoke Hotel & Residence,0.0
696551770,Max,0.0
696616929,Ronke,0.0
696617678,Mary,1.0
696734597,Saul,0.0
696743097,Elisabeth,0.0
696758329,GoodAsset,0.0
696771798,Myint Myat,0.0
696794126,Isa,0.0
696802461,Sabir,1.0
696822940,W,1.0
696840097,Fernando Andres,0.0
696868076,Lan,1.0
696881950,Winss,0.0
696882988,Samuel,1.0
696913702,Oranit,0.0
696917783,Frankie,0.0
696947942,Eliza,0.0
696954509,Your Friendly Host,0.0
696957997,James,0.0
696978546,Aberlean,0.0
696978954,Onri,1.0
696980311,Noom,0.0
697014702,Andy,0.0
697086558,Piccola,0.0
697087342,Prapussorn,0.0
697091688,GuestReady,0.0
697107083,Zahara,0.0
697109742,Said,0.0
697111043,Hotel Soni Mansion Pratunam,0.0
697121298,Apuntree,1.0
697139693,Maria,1.0
697140892,Cleverson,0.0
697146977,Nathaniel,0.0
697172439,Kensington Apartments,0.0
697186165,Nest Property,0.0
697221775,Rose,0.0
697252227,Yilin,0.0
697259254,Fariha,0.0
697268949,Fatema Tuz,0.0
697348268,Nisan Su,0.0
697386635,Anukriti,0.0
697390572,Dilon,0.0
697397842,Thitikorn,1.0
697432129,Robin,0.0
697439653,Sanghay,0.0
697440471,Linda,0.0
697469450,Shraddha Laxmikant,0.0
697492994,Rosie,0.0
697524001,Justin,0.0
697562578,Run,0.0
697611441,Michael,1.0
697618676,Francesca,0.0
697624728,Engin,0.0
697642139,Rivera Retreats,0.0
697651738,Steven,1.0
697696266,Michael & Noah,1.0
697750737,Frank,0.0
697765929,Ikenna,0.0
697777263,Man,1.0
697814088,Dewi,1.0
697851267,Min,0.0
697880488,Ben,1.0
697900679,Luxury Flats,1.0
697911579,Ahmed,0.0
697961007,Michael,0.0
697977929,Chloe,0.0
698012711,Kate,1.0
698020256,Mary,0.0
698089823,Delivering Residential Solutions,1.0
698090315,Danny,1.0
698093040,Taahir,0.0
698132058,Reservation Staff,0.0
698151851,Gilson Marcelo,0.0
698179442,Benzer,1.0
698194024,The Zetter Clerkenwell,0.0
698200598,The Zetter Marylebone,0.0
698216090,Victoria,0.0
698224060,Eric,0.0
698225804,GuestReady,0.0
698230827,Lucky,0.0
698339362,Prinda,0.0
698350340,GuestReady,0.0
698366956,Wichyt,0.0
698399037,Andreas,1.0
698402563,Bree,0.0
698418206,Aleksandra,0.0
698538162,Roberta,0.0
698543316,Kitimongkol Tosaphorn,0.0
698562102,Maya,0.0
698649999,Linh,0.0
698659006,Tuấn Hào,0.0
698684126,Pranee,1.0
698686177,Dee,0.0
698706941,Dominique,0.0
698713224,Kemi,1.0
698719761,Jariya,0.0
698735301,Evolusso Properties,0.0
698783268,Sophie,1.0
698785168,Paku,0.0
698853927,Nita,1.0
698859400,Bhunich,0.0
698865064,Kulwarin,0.0
698866134,Sadegh,1.0
698870753,Karan,1.0
698876708,Nicholas,1.0
698878816,Ximing,1.0
698886039,Niranat,0.0
698890054,Tim,0.0
698928322,Fatima Ezzahra,0.0
698937958,Jerry,0.0
698977646,Ray's Top Services,0.0
698983221,Jia,0.0
698995906,Adam,0.0
699006485,Timo,0.0
699032830,Ken,0.0
699061490,Shine@33 Service Apartment,0.0
699062785,Dusit,0.0
699107798,Jason,1.0
699108460,Jack,0.0
699111415,Emanuela,1.0
699126503,Khunnatum,0.0
699131330,Promise,0.0
699133329,Sheba,1.0
699158835,Ann Chen,0.0
699244241,House Of Patcha,0.0
699273150,Maggie,0.0
699302728,Sam,1.0
699307119,Darin,0.0
699308956,Mercure London Paddington,0.0
699310699,Unknown,
699395556,Gia Thuy Han,0.0
699450769,Nupongs,0.0
699478723,Natasha,0.0
699503883,Linda,1.0
699624440,Warawut,0.0
699682364,Cristina,0.0
699696046,Ioannis,0.0
699762929,Gabriel Odin Haahr,0.0
699782691,Javairia,0.0
699811220,Dr.Jimmy,1.0
699832892,Imam Lodge,0.0
699951578,Nattawan,0.0
700001321,Grace,1.0
700055863,Imi,1.0
700112455,Esthers Place,0.0
700129847,Christina,1.0
700131949,Alexis,0.0
700256790,Sarah,1.0
700311060,Beata,0.0
700311227,Alali,1.0
700369207,Zane,1.0
700424940,Nathapas,0.0
700442836,Bella,1.0
700461922,Zsombor,0.0
700485401,Angela,1.0
700515226,Chenxi,0.0
700543833,Sunshine,0.0
700571736,Elle,0.0
700573626,Mustapha,0.0
700594972,Aimar,0.0
700599635,Michael,0.0
700612505,Cushy Inn,0.0
700617282,Nawaworld,0.0
700627446,Cora,0.0
700641233,Shen,1.0
700689524,Mark,0.0
700732924,Marco Aurelio,0.0
700779282,Elizabeth,0.0
700804705,James,1.0
700810321,Yana,0.0
700835419,Usha,0.0
700837486,Dom,1.0
700861408,Y,0.0
700880078,Edward,0.0
700881518,Mary,1.0
700882214,Josephine,0.0
700883183,Maud,0.0
700985195,Kiah,0.0
701041535,Karen,1.0
701086969,Helen,0.0
701148332,Oliver,0.0
701177539,Adekola,0.0
701199707,Shiyao,0.0
701229601,Nantida,1.0
701234259,Melissa,0.0
701253839,Anneka,1.0
701286339,Lujan Luxury Property,1.0
701370247,Ben,1.0
701396059,Pejman,0.0
701405528,Ola,1.0
701414854,Somjai,0.0
701446023,Vic,0.0
701493334,Akpofure,0.0
701531708,Liya,0.0
701542312,Vijay,0.0
701558694,Melinda,1.0
701577823,Eilish,1.0
701584843,Homes Supreme,1.0
701590910,Duncan,0.0
701604814,Sidney,0.0
701615914,Reina Luxe Sydney,1.0
701630312,London House Hotel,0.0
701656397,Ana Paula Dos Santos,0.0
701692955,Ali,0.0
701698906,Desmond,0.0
701759590,Samranscape,1.0
701762073,Jack,1.0
701780490,Jess,0.0
701788011,Shabib,1.0
701799747,Katerina,1.0
701802435,Jenny,0.0
701836628,Jack,1.0
701839396,T2 Stays,1.0
701841820,Chris,1.0
701843665,Nick,0.0
701843826,Meriden,1.0
701910228,Nistha,0.0
701932325,Chantenay,0.0
701945745,Noriko,1.0
701981181,Zhen,1.0
702020878,Loveness,1.0
702029500,Chuan,0.0
702050044,Harry,0.0
702058187,Sercan,0.0
702084184,Martina,0.0
702100819,Ling,1.0
702142283,Erik Jusseppe,0.0
702166511,Raj,0.0
702173895,Jasper,0.0
702209633,Anne,0.0
702237475,Paul,0.0
702298305,Ghous,1.0
702308909,Deborah Caleb,1.0
702379168,Dainius,1.0
702387752,Nazire,1.0
702395648,Aysha,0.0
702397444,Juliette,1.0
702587869,Saranyapat,0.0
702630190,Nola,0.0
702638723,Gerald,1.0
702735546,Elyan,0.0
702744299,Patty,1.0
702758960,Pimorn,1.0
702760481,Clement,0.0
702767293,Amani,1.0
702789467,Ru Bin,0.0
702796765,Prime Real Ltd,0.0
702813493,Monica,0.0
702828416,Anisha,1.0
702894231,Aysu,1.0
702909405,La Vida Stays,0.0
702962987,Kelvin,0.0
702976898,Gloria,0.0
703026599,EasyShare,0.0
703034896,Joshua,1.0
703052984,⁨N. K.⁩,0.0
703113945,Michael,0.0
703176066,Richard,0.0
703200440,Angela Duangkamo,0.0
703212653,Juliet,0.0
703288275,Gloria,0.0
703292104,Vartika,1.0
703316729,Chris,0.0
703376720,Amnuay,0.0
703389531,Anthony,1.0
703420783,Aida-Pass The Keys,0.0
703422698,Nicola,0.0
703434692,Addam,1.0
703447367,Porhostel,0.0
703453937,Mohammed Danish,0.0
703480319,⁨Maitria Hotel Sukhumvit 18⁩,0.0
703609365,Leonardo,0.0
703619779,Sen Stay,0.0
703643199,Tolu,0.0
703666112,Derek Bryan,1.0
703687605,Edelys,0.0
703702875,GuestReady,0.0
703823008,Laya,1.0
703849711,Native Cannon Street,0.0
703870249,Usmaan,0.0
703895402,Emily,0.0
703964006,Nimitra,0.0
704007570,Green Flag Residences,1.0
704029863,Stephen,0.0
704037186,Charles,0.0
704081503,Rebecca,0.0
704182396,Siriyanee,1.0
704188075,Naramonrat,0.0
704190899,Oguz Yusuf,1.0
704199485,Ava,1.0
704253037,Andy,0.0
704309460,Sibel,0.0
704326594,Rav,1.0
704343342,Ellie,0.0
704355814,Shewin,1.0
704383362,Zeu,0.0
704389613,Unknown,
704439272,Irene,0.0
704492743,Unknown,
704501791,Sofia,1.0
704507554,Richard,0.0
704510054,Rohan,1.0
704511430,Liyana,0.0
704532655,Omer,0.0
704548738,Will,0.0
704551661,Kevin,1.0
704612996,Justin,1.0
704620990,Justin,1.0
704622233,City Peace,0.0
704626434,Scarlett,0.0
704727043,Dorna,0.0
704767538,Wing Stays,0.0
704799678,Amanda,0.0
704801555,Kara,0.0
704812676,Dorin,0.0
704814075,Annamaria,0.0
704814363,Weihua,0.0
704816586,Javier,0.0
704817667,Christina,1.0
704833330,Sunny,0.0
704838281,Claudine,0.0
704844692,Ali,0.0
704865736,Katia Telles,0.0
704868652,Panagiota,0.0
704882671,Cherry Lyn,0.0
705013848,Bambam,1.0
705022987,Kingston,1.0
705024758,Lovelock Stays,1.0
705046491,Lubna,0.0
705053153,Munir,0.0
705061404,Leanne,0.0
705068775,Daniel,1.0
705133052,Diana,0.0
705142526,Israel,1.0
705172501,K,0.0
705192014,Kamrul Hasan,0.0
705205954,Samuel,0.0
705221555,William,0.0
705243400,Bash,1.0
705271628,Management,0.0
705277766,Ersh,0.0
705290375,Rakin,0.0
705340440,Alper,0.0
705346051,Visar,0.0
705375930,⁨79Room⁩,0.0
705452078,Adenola,0.0
705474450,Sirikanya,0.0
705478593,Abdul,0.0
705503213,The ENNE Collection,0.0
705506614,Itzel,0.0
705507132,Jasvinder,0.0
705553815,Xunhua,0.0
705557705,Thaloengsak,0.0
705564296,Clinton,0.0
705592500,Panisa,0.0
705599811,Million Views,0.0
705655935,Felicity,0.0
705689664,Henry,0.0
705708740,Phuong,0.0
705809504,Jularat,1.0
705810988,GuestReady,1.0
705817229,Halasz,0.0
705830347,Hannah,0.0
705841394,Sam,0.0
705844760,The Fox Pub & Inn,0.0
705850938,Flavien,0.0
705853371,Astor Oxford Street,0.0
705863228,Rose,1.0
705865105,Mohamed,0.0
705866527,Justin,1.0
705888922,Petrina Maria S,0.0
705944352,Robyn,1.0
706023908,Jocelyn,1.0
706042816,Paola Pass The Keys,0.0
706091256,Thadakeit,0.0
706096493,Eva,0.0
706221210,Vacayandco Bangkok,0.0
706227868,Lovelock Stays,1.0
706242551,Xun,1.0
706247305,Cassandra,0.0
706260183,Matt And Laura,0.0
706388075,Terry,1.0
706435560,Rowena,0.0
706470025,Maia,0.0
706481945,Jose,0.0
706490554,Taenchai,1.0
706500204,Helena,1.0
706508031,Anika,1.0
706517598,Gemma,1.0
706583898,Anna,0.0
706641276,Nami,1.0
706658069,Krittiya,0.0
706667841,Unknown,
706670606,Unknown,
706684685,Michelle Louise,0.0
706729379,Justin,1.0
706831042,Bill,0.0
706878869,Noha,0.0
706883449,Roseline,0.0
706984226,Pristine Accommodation,0.0
707001144,Thanaphat,1.0
707030690,Abdullah,1.0
707063285,Sharif,1.0
707067089,G&U Stays,1.0
707153420,Farhad,0.0
707164743,Ceyda,1.0
707177235,Laurent,0.0
707183243,Andy,0.0
707194290,Hicham,1.0
707223260,Prayuth,0.0
707251959,Stay Oasis,0.0
707265758,Christopher,0.0
707294541,Sawatchai,0.0
707332011,Eric Christian,0.0
707374813,Arulrajah,0.0
707378495,Oscar,0.0
707423962,Johnny,0.0
707438900,Ben,0.0
707440335,Anda Stays,1.0
707460912,April,0.0
707474871,Akua,0.0
707482544,Londonest,0.0
707494543,Lily And Luke,1.0
707496030,Capricorn Hostel,0.0
707506410,Amelie,0.0
707569611,Hass - StayCentral,1.0
707674845,Victoria,0.0
707709211,Nura Living,0.0
707713659,Yu,0.0
707741613,Elettra,0.0
707754796,Nuttapong,0.0
707757219,Mohammad Asim,1.0
707800830,Daniele,0.0
707837998,Sarawut,1.0
707885880,GuestReady,1.0
707897955,Gurbinder,0.0
707933369,Native Bank,0.0
707936955,Sawinee,0.0
707955870,Colleen,0.0
708016826,Lily,0.0
708023221,Sharon,0.0
708060801,Dennis,1.0
708071449,Bellita,1.0
708088950,The London Landing,0.0
708089483,Timi,0.0
708099089,Meshwa,0.0
708110502,Odunayo,0.0
708133571,Jacqueline,1.0
708142687,Narayana Prasad,0.0
708228054,Aj,1.0
708236123,Ja Rosa,0.0
708250317,Ashim,0.0
708260253,Scott,0.0
708263461,Anchana,1.0
708267820,Riva,0.0
708309456,Philip,0.0
708314317,Freddie,1.0
708389495,Carol,1.0
708401076,Fairy,0.0
708430869,Amadou,0.0
708431490,Yosita,1.0
708431901,Sadie,0.0
708478741,Yuk Hei,0.0
708563079,Funmi,0.0
708574618,Fernanda,0.0
708584470,Sprite,0.0
708600335,Solura Properties,0.0
708623922,Yvonne,0.0
708655162,Xunhua,0.0
708714485,Hatikal,0.0
708733328,Karine,0.0
708799836,Xiangping,0.0
708854619,Meily,1.0
708875331,Samira,0.0
708877683,Sophie,0.0
708879824,Md Mafojur,0.0
708881831,Angela,0.0
708883690,Apiwich,0.0
708911269,Airhost Agency,0.0
708941229,Genki,0.0
708947896,Gary,0.0
708948075,Shadae,1.0
709010938,Sisi Stay,1.0
709051682,Rifat,1.0
709077200,Imran,0.0
709092884,Vinaya Kumar,0.0
709118409,Jeannie,1.0
709136903,Dwellino,1.0
709139423,Onn,0.0
709163221,Lb,0.0
709189199,Nara,0.0
709212149,Gian,0.0
709265831,Phyu Hnin,0.0
709278836,Supremus Assets,0.0
709295979,Kose Properties,0.0
709326188,Andwell & Co,1.0
709357458,Daanyal,1.0
709457541,Esther,0.0
709466389,Malik,0.0
709468424,Tadora,1.0
709496045,Navaporn,1.0
709521818,Muna,0.0
709533334,Berengere,0.0
709539868,Alyssa,0.0
709551562,Michael,1.0
709598259,Joseph,0.0
709639674,Michelle,0.0
709646125,Chloe,0.0
709651949,Rey,0.0
709734989,Jane,0.0
709766768,Vivek,0.0
709841125,Esquisite Stays,1.0
709895489,Cartiall Homes,0.0
709899317,Adam,1.0
709900576,Khalil,0.0
709909825,Rubii Homes,0.0
709913163,Itzel Guadalupe,0.0
709962408,Paul-Lou,0.0
710021847,⁨Mo & Co.⁩,1.0
710028540,Michael,0.0
710058303,Daisy,0.0
710071931,Jk,1.0
710093270,Native Fenchurch,0.0
710102373,Phyll,0.0
710102561,Ondrej,1.0
710120954,Amanda,1.0
710136305,Amy,1.0
710199027,Aditia,0.0
710250452,Jingyi,0.0
710250832,Maya,0.0
710272372,Ash,1.0
710295739,Today’s Perfect Property,0.0
710322962,Sandor,1.0
710361238,Monrudee,1.0
710448190,Verified Properties,0.0
710523584,Shah,0.0
710526722,Renee,1.0
710545078,Csaba,0.0
710556605,Dylan,1.0
710567844,Thay House Bangkok,1.0
710597578,Ridwane,1.0
710621387,Nittaya,1.0
710625233,John T - Pass The Keys,1.0
710643604,Shafaq,0.0
710718147,William,0.0
710719305,GuestReady,0.0
710719702,Nik,1.0
710852571,James,1.0
710913134,Matilda,0.0
710948277,GPG Management,1.0
710950682,Kaysha,0.0
710975786,Carl,1.0
711009658,Swyft Stays,0.0
711162100,Cityzen Rentals,0.0
711221200,WarmWelcome Homes,1.0
711287764,Nifa,0.0
711292396,Jonathan,0.0
711308527,Sylvanus,0.0
711326754,Nina,0.0
711359673,Duo Collective,1.0
711365411,Hazia,1.0
711390808,Jeff,0.0
711394741,Sam,0.0
711423480,Isabella,0.0
711426362,Y Premier Properties,0.0
711448521,Chinda,0.0
711470175,Front Staff,0.0
711489262,Veronika,1.0
711501536,Jucy,0.0
711512095,Liz,0.0
711512124,Courtney,0.0
711523675,Maxeen,1.0
711525587,Burgess Park's Place,0.0
711608029,Shazz,1.0
711655802,Thi Kim Thoa,1.0
711660718,UTD8 Hotel & Residence,1.0
711670860,Ornwadee,1.0
711702072,Nick,1.0
711708154,Itzel Guadalupe,0.0
711717243,Nancy,0.0
711774282,Muhammad Faizan,0.0
711889543,Baljeet,0.0
711892716,Pairat,1.0
711907023,Sameh Anwar Fahmy Gebrail,0.0
711911074,Vic,0.0
711934167,Carlos Daniel,0.0
711937339,Ozkan,0.0
711983426,Jan,0.0
711985460,Kesani Living,0.0
712007742,Edgar,0.0
712085368,Jan,0.0
712088026,Pitt,0.0
712089861,Kyaw Soe,0.0
712122433,Urban B&B,0.0
712146366,Hannah Anthony,0.0
712181445,Kana Nathan,1.0
712209105,Aida,0.0
712210672,Hal,0.0
712224785,Chutima,0.0
712295814,Favour,0.0
712321474,No.8 Luxury Stays,0.0
712364243,Rk Home,0.0
712407838,Luxerêve Estate,0.0
712445920,Alyssa,0.0
712582284,Oghenerhoro,0.0
712629455,Panida,1.0
712652666,Tong,1.0
712654569,Christine,0.0
712658625,Fitor,0.0
712704816,Novara,1.0
712749006,Diana,0.0
712762350,Negast Estates Ltd,0.0
712781241,Praveen,0.0
712834431,UKO Potts Point Community Manager,0.0
712845029,Robert,0.0
712863623,Ema,0.0
712863801,Momo,0.0
712879754,Flo,0.0
712886783,Dr.Bird,1.0
712911938,GuestReady,0.0
712941983,Jocelyne,1.0
713014081,Henry - PA,0.0
713033323,Cecilia,1.0
713036506,Pratik,0.0
713049590,Andrew,0.0
713076450,Aadam,0.0
713112226,Sammi,1.0
713137149,Ibrahim,1.0
713163945,Old Ridgeway Hotel,0.0
713192032,Andy - Pass The Keys,1.0
713205776,莎,0.0
713233240,Prachya,1.0
713274635,Accomodo Enterprise,0.0
713358185,Muhammad,0.0
713420173,Jeffrey Frank,0.0
713437759,MoB,0.0
713445940,Joe,0.0
713459658,Teeteeti,1.0
713478122,Soe Yee,0.0
713478680,Líbere,0.0
713507413,Samia Souad,0.0
713508415,Awet,0.0
713535314,Ammar,0.0
713576435,David,0.0
713583820,The Tarntawan Hotel Surawong Bangkok,0.0
713584551,Bathai N Home,1.0
713589480,Wilawan,0.0
713596784,Flexi-Room,0.0
713628332,Angela,1.0
713648882,Dainius,1.0
713657235,Hyder,0.0
713659760,Laniya,0.0
713677166,Kandice,0.0
713689299,Cameron,0.0
713691333,Joujou,0.0
713708344,Caeleb,0.0
713727905,Ray,0.0
713728839,Deepak,0.0
713762347,Tina,0.0
713802665,Erol,1.0
713830963,Anyway,0.0
713851038,Sutida,0.0
713851882,James H,0.0
713888600,Justin,1.0
713893799,Senthuran,0.0
713928927,Krit,0.0
713936641,Rebecca,0.0
713965858,Ben,0.0
714008391,Aqua Properties,0.0
714035318,Jalal,1.0
714035726,Gaoyang,0.0
714055660,Esteve,0.0
714092215,Asha,0.0
714146508,Claire,0.0
714148669,Pachatas,0.0
714165830,Ayodeji,0.0
714229402,Himanshu,0.0
714269570,Minara,0.0
714291703,Marvin,1.0
714292385,Olugbenga,1.0
714326008,Del Rosa,0.0
714326253,Angela Duangkamo,0.0
714351500,Pacharapol,0.0
714352457,Parris,0.0
714371088,Leanne,0.0
714379400,Khaja,0.0
714385901,Angela Duangkamo,0.0
714414965,Adi,0.0
714418596,Yielding Bricks,0.0
714426742,Ahmed,0.0
714429134,Troy Hotel,0.0
714454624,Nils Oscar,0.0
714575565,Lisa,0.0
714583667,Elizabeth Ndidiamaka,0.0
714584263,Idris,0.0
714585068,Tawan,0.0
714624826,Sam,0.0
714654175,Sheena,0.0
714695769,Wright Way Properties Ltd,0.0
714696882,Raihan,0.0
714715597,Abi,0.0
714730898,Saulat,0.0
714762117,Gabriela,1.0
714786782,Linda,0.0
714793252,Detelina,0.0
714856121,Sonika,0.0
714869428,Farnoosh,0.0
714893235,Yasmin,0.0
714902503,Han,0.0
714906434,Craig & Lynn,0.0
714914873,Pinny,1.0
714927028,Bobby,1.0
714928575,Patchanee,0.0
714941410,Haider,0.0
715107248,Kerry,0.0
715224747,Ammy,0.0
715226092,Crescent Stays,0.0
715235490,Kwanjai,0.0
715270021,Ling,0.0
715428523,⁨23ll⁩,1.0
715438604,Home Bonia,1.0
715457209,Timothee,0.0
715476535,Native Tower Bridge,0.0
715542120,Asmaa,0.0
715545777,Alex,1.0
715637204,Alison,0.0
715653202,Bukhet,0.0
715660131,Terry,0.0
715687776,Siriphon,0.0
715710727,Ian Bwire,0.0
715779563,Nabil,0.0
715781216,Jason,0.0
715794313,Han,0.0
715820157,Garcia,0.0
715824411,Varahi Estates,0.0
715846621,Esther,0.0
715848070,Native Marylebone Lane,0.0
715848205,Dainius,1.0
715909228,Siam Rental Solution,0.0
715952768,Chayanon,0.0
715962530,Dane,0.0
715966647,Nikki Kent,1.0
715981441,Cris,0.0
715982527,Alan,0.0
715990212,Volkan,0.0
715995446,Oluwatosin,0.0
716014419,Ratthaburut,0.0
716014519,Krissada,0.0
716086642,Ismail,0.0
716114114,Piyanuch,0.0
716114310,Reece,0.0
716136997,Martin,0.0
716148179,Taylor,1.0
716185525,Ali,0.0
716206090,Nitasha,0.0
716279886,Paul,0.0
716380529,Dimitra,0.0
716392394,Emma,1.0
716392574,Usman,0.0
716405889,Elysian Nights,0.0
716503704,Arinze,0.0
716508834,B8 The Escape Thonglor,1.0
716594373,Lana,0.0
716615278,Ally,1.0
716664740,GuestReady,1.0
716676246,Rupert,0.0
716736573,Maria,1.0
716750032,⁨ATHIVAT ROYAL Co.⁩,0.0
716763152,Kai - Pass The Keys,0.0
716796118,Sutthikanya,0.0
716802929,Aubrey,0.0
716809147,Bliss,0.0
716812488,Yongxin,0.0
716815908,Beatriz,0.0
716826425,Songchai,0.0
716849971,Htet Htoo,0.0
716891680,Casora Stays,0.0
716927136,Nadia,0.0
716930027,Charles,0.0
717004564,Justin,1.0
717012809,Thomas,0.0
717013206,Georgia,0.0
717015387,Aj,0.0
717064567,Harri,1.0
717093128,HomeLike Stays,0.0
717138981,Jovi,1.0
717147729,Sweethoney,0.0
717161806,Matt,0.0
717167189,Bailey,0.0
717169795,Mau & Steph,1.0
717190589,Enya Aiyi,0.0
717251097,Sophia,1.0
717260041,Hywel,0.0
717266530,HomeWay Residential,0.0
717316369,David,0.0
717329369,Anna,0.0
717341667,Shantha Pouli Netto,1.0
717351358,Niamh,0.0
717362296,ExceliaX Stays,0.0
717384949,The Mandrake Team,0.0
717421215,Madeline,0.0
717425818,Stephanie,0.0
717529824,Larissa,0.0
717534570,London City Apartments,0.0
717541005,Charaf Eddine,0.0
717556679,Edith,0.0
717558046,Ann,1.0
717612734,Penny,1.0
717629666,Connie,0.0
717649599,Shannon,1.0
717705944,Pare,0.0
717728716,Allwyn,1.0
717729815,Pras,1.0
717770656,Zabeer,0.0
717879796,Xited Stays,1.0
717888426,Lucy,1.0
717900978,Nick And Sjenka,1.0
717914593,Metthew,0.0
717918465,GuestReady,0.0
717936105,Kennedy,0.0
717972893,Max,1.0
718045316,Koy,0.0
718077794,Prinpat,0.0
718100961,Ash,0.0
718102924,Tom,1.0
718131250,The Darlings,1.0
718188354,Fabiana,0.0
718208379,Alessia,0.0
718229095,Mariia,0.0
718261554,Bernd,1.0
718267057,Helen,0.0
718280583,Sirr,0.0
718294320,Felipe,0.0
718313731,Ibrahim,1.0
718339241,Mia,0.0
718341527,Mayfair Stays,0.0
718377692,Steven,0.0
718401869,Jing,1.0
718439485,Tlk,0.0
718448747,Pass The Keys Rita,1.0
718463722,Xie,0.0
718468613,Thapanee,1.0
718475949,Nadeem,0.0
718483188,Didier,0.0
718487815,Averra Stays,1.0
718556806,Sarah,0.0
718563149,Wannapa,0.0
718570160,Cartoon,1.0
718589248,Calyra Escapes,1.0
718602439,Tomasz,0.0
718619481,Bob W London Kensington,1.0
718627665,Coco - Pass The Keys,1.0
718643724,GuestReady,1.0
718690455,Ali,0.0
718699497,Itzel,0.0
718702356,Merida,0.0
718752268,Gian,1.0
718753581,Max Stay,0.0
718762553,Sunset Suites,0.0
718790988,Natalia,1.0
718801679,Mac,0.0
718818993,The Quartz Place,1.0
718869389,Mark,0.0
718898051,LuxHouse,0.0
718909738,Deep,0.0
718912070,Redwanul,0.0
718912138,Itzel,0.0
718913561,Jatuporn,1.0
718950223,Thannapad,0.0
719012194,Farah,0.0
719076186,Nina - Pass The Keys,0.0
719085710,Carlos,0.0
719088952,Asha,1.0
719092367,Eden,0.0
719144034,Shug,0.0
719185180,Terence,1.0
719191445,AVD Property Solutions,1.0
719246471,Eraldo,0.0
719252491,Miss Nichaprat,0.0
719258609,Hernan,0.0
719272075,Itzel,0.0
719272211,Itzel,0.0
719283193,Annie And RD,1.0
719303884,Clare,0.0
719324251,Nguyen Khang,0.0
719336806,Christopher,0.0
719423813,Master,0.0
719464642,GuestReady,0.0
719481565,Lyna,1.0
719518750,Olivia,0.0
719615071,Douglas,1.0
719615220,Marie-Christine,0.0
719622274,Miao,1.0
719642511,Be Cozy Silom,0.0
719653673,Awosiku,0.0
719671172,Pass The Keys,1.0
719684651,Mr E,0.0
719699231,Thomas,0.0
719759930,Dainius,0.0
719768348,Valencia - Belvilla,0.0
719791147,Ismael,0.0
719816253,Steven A,0.0
719837265,Valerie,1.0
719863280,Wei Hai Cong,0.0
719936294,Chinwe,0.0
719951885,Anna,0.0
720033988,Aniiq Properties,1.0
720059883,Rebecca,1.0
720090920,Laerte,1.0
720122393,Fiona & Ben,0.0
720191814,Henry,0.0
720253854,Hamza,0.0
720258342,Chan,0.0
720276215,Thomas,1.0
720291875,Ivars,0.0
720329562,Lara,1.0
720414570,Nattavut,0.0
720424774,Ayman,0.0
720439832,Native Waterloo,0.0
720465030,Rapid Returns,1.0
720471699,Ana,0.0
720485779,Jami,0.0
720488147,Jimmy,1.0
720488557,Trio Wealth Hub,1.0
720528654,Dara,0.0
720579752,Rowan,1.0
720580920,Angela Duangkamo,1.0
720599458,William,0.0
720601243,The Zen Den,0.0
720607132,Ron,1.0
720609620,GuestReady,1.0
720613752,GuestReady,0.0
720615861,Sandra,1.0
720627464,OpalHaven,1.0
720636274,Peter,0.0
720639377,James Vic,0.0
720650348,Lana,0.0
720694353,Miriam,0.0
720706287,Armend,0.0
720707945,Kenan,0.0
720716528,Dastan Shiraz,0.0
720716799,Itzel,0.0
720761560,Michael,1.0
720765071,Alex & Jazz,1.0
720771033,Thomas,1.0
720777089,Annabelle,1.0
720795466,Mohina,1.0
720808201,Phatthira,1.0
720813105,London Hotel Collection Ltd,0.0
720841421,Greg,0.0
720937999,Rubira,0.0
720955509,Felix,0.0
720962068,Dafne,0.0
721070715,Nichanant,0.0
721092156,Cara,1.0
721136370,Kristina,0.0
721222789,Yanatchara,0.0
721237420,Minnie,0.0
721251840,Husna,0.0
721257733,Eoin,0.0
721263841,Ozlem,0.0
721287328,N Hostel Rachathewi,0.0
721309375,REZY Homes,0.0
721339388,Mukand Sai,0.0
721365133,Nat,0.0
721374386,Yucheng,0.0
721381396,Thi Huong,1.0
721407608,Ezhome,0.0
721424278,Tom,0.0
721431168,Novar Stays,0.0
721433656,Amnat,0.0
721434191,Ben,1.0
721478813,Hui,0.0
721565522,Jiranoon,1.0
721582709,Charlie,0.0
721583521,Thanwichuda,0.0
721584240,Yoav,1.0
721610397,Chibzz,0.0
721653207,Milena,0.0
721704475,Sarvott Stays,0.0
721733966,Sajin,0.0
721740228,Hemmawan,0.0
721762172,Inese,1.0
721770652,Ionuţ,0.0
721781567,Day One,0.0
721849751,Kate Eve,0.0
721853494,Lea,0.0
721854392,Shareefa,0.0
721936986,Daisy,0.0
721951153,Harvey,0.0
721955554,Amit,1.0
721990769,Vero,0.0
722004628,Simone,0.0
722010678,Amphaka,0.0
722018891,Joshua & Ezekiel,0.0
722076706,ATwo Properties,0.0
722104919,Rachael,0.0
722109684,Jenny,1.0
722114428,John,1.0
722116092,Sairah,0.0
722139221,Pass The Keys,0.0
722139840,Daniel,1.0
722168778,Mustafa,0.0
722217276,Ola,0.0
722266578,AumAim,0.0
722267348,Helen,0.0
722308778,Veeraphon,0.0
722341623,Suphajin,0.0
722383973,PATINA Kevin,0.0
722387951,Pinyada,0.0
722397411,Michael James,0.0
722409307,Annabelle,0.0
722432422,Jerry,0.0
722435763,Kamonwan,0.0
722449626,Dan,0.0
722452531,Caroline,1.0
722457258,Maria Alejandra,0.0
722479675,Leen,0.0
722488742,Remi,0.0
722506379,Patricia,0.0
722524257,Chris,1.0
722568642,Xiaoshan,0.0
722588278,GuestReady,0.0
722594322,Sajeev,0.0
722618922,Native Verso,0.0
722646314,James,0.0
722700129,Sara,0.0
722709446,Hajar,0.0
722759808,Ash,0.0
722765786,Kim,0.0
722779734,Paul,1.0
722787227,Dasha,0.0
722789141,Cozy Retreats,0.0
722825403,Pass The Keys,0.0
722848175,Feras,0.0
722854209,Femi,0.0
722892765,Laura,1.0
722922863,Songyun,0.0
722933351,Sriyan Residence,0.0
722970080,Marsha,0.0
722973023,Obinna,1.0
722990013,Darly,0.0
722990768,Emma,0.0
723032588,Amy,0.0
723036162,Shirley,0.0
723043467,Jubilee Apartments,0.0
723052796,Shaun,1.0
723153380,Kira,1.0
723178818,Savira,0.0
723183568,U&H Solutions LTD,0.0
723222465,Lindsay,0.0
723267274,You Ying,0.0
723278752,Emma,1.0
723286248,⁨9 Hertford Street⁩,1.0
723288249,Tambo Apartments,0.0
723296948,Jason,1.0
723311322,The Marlo,1.0
723314028,Phirun,0.0
723315421,Bonnie,0.0
723322546,Native Bankside,0.0
723405253,Roger,0.0
723437343,Vimo,0.0
723443622,Simon,0.0
723448781,Simon,0.0
723530699,Jason,0.0
723566986,Olivia,0.0
723622372,Karl,0.0
723631375,Zara,1.0
723674495,Zoe,0.0
723712468,Celine,1.0
723741005,Homio,0.0
723763841,Olive,1.0
723766285,Sunny,0.0
723774908,"Native Kings Wardrobe, St Pauls",0.0
723806316,Ruby,0.0
723809659,GuestReady,1.0
723815489,Kola,0.0
723833885,Sanches,0.0
723902842,Tully,0.0
723932413,Vicky,0.0
723958795,Gabriela,0.0
723974532,GuestReady,0.0
723987236,Dainius,1.0
723997131,Nithiwit,0.0
724035258,Zunaira,0.0
724158322,Dot,0.0
724223172,Elvira,0.0
724232970,Ali,0.0
724235959,Evernest Properties,0.0
724263136,Aliyah,0.0
724282949,Kanyarat,0.0
724286719,Carl,0.0
724293569,Ivy,0.0
724303499,Ximena,0.0
724306932,Sameeya,1.0
724313832,Sam,0.0
724323215,Timo,1.0
724331366,Phuvara,0.0
724389896,Idowu,0.0
724401765,Habib,1.0
724442098,Wiriya,0.0
724447762,Nattapak,0.0
724450964,Dainius,1.0
724455668,Nalat,0.0
724480248,GuestReady,0.0
724484362,GuestReady,0.0
724499780,Esther,1.0
724511534,Kanyaporn,0.0
724528349,Mansour,0.0
724530195,Nutprawee,0.0
724569501,Claudia,0.0
724593636,Ratcharee,0.0
724598402,Nattaporn,0.0
724619920,Roger,1.0
724623575,Joseph,0.0
724641304,Phunwan,0.0
724650479,Mister O’Boy,0.0
724753618,Petr,0.0
724754957,Resispace,1.0
724764120,ARLO Stays,1.0
724838074,Teresa,0.0
724861621,Patrick,0.0
724898717,Pancharat,0.0
724916621,Jez & Yaa,0.0
724925137,Nirage,0.0
724930131,Jo-Anne,0.0
724931659,Iman,0.0
724981367,Supitcha,0.0
725002662,Narissara,1.0
725051170,StayCozy,0.0
725067344,Emma And Roger,1.0
725089113,Elie,0.0
725110777,Olusola,0.0
725121207,Rangie,0.0
725137067,Edouard,0.0
725143726,Arjun,0.0
725151421,Meng,0.0
725155721,Santosh,0.0
725160736,Calliope,0.0
725176539,Angelina Luxe Living,0.0
725210298,Melissa Stephania,0.0
725242023,Nicole,0.0
725254786,Algane,0.0
725255622,Ahlam,1.0
725263619,Steve,0.0
725275648,Ruby,1.0
725290534,SS Estates,0.0
725290839,Yasmeen,0.0
725293069,Harris - Pass The Keys,1.0
725301581,Sam,0.0
725389049,Rajiv,0.0
725423218,Ivy Halls,0.0
725424477,Connie,0.0
725443761,Amana REP Ltd,0.0
725508439,Amirhussein,0.0
725514472,Angie,0.0
725607659,KozyStay Team,1.0
725640077,Tracy,1.0
725684579,Laney,0.0
725762757,Comfort Collective,0.0
725769031,Tim,1.0
725817839,Ruveyda,0.0
725902619,LuxuryStayz,0.0
725913877,Cher,1.0
725914159,Michael,1.0
725916480,Kate,0.0
725923674,David,0.0
725929920,Simon,0.0
725958837,Adrian,0.0
726009262,Michael,0.0
726026114,Lauren,0.0
726091689,Jennie And Jay,1.0
726101414,Nan,1.0
726130588,Jorge,0.0
726132145,Dessy,1.0
726145610,Gustavo,0.0
726188399,Charlie,0.0
726242706,Evan,0.0
726263918,Nia,0.0
726272273,Nathan,0.0
726272277,The Royal Forest,1.0
726272511,Daniele,0.0
726312952,Meron,1.0
726320672,Patrick,0.0
726323159,Sir Devonshire Hotel,1.0
726371376,Uttara,0.0
726389672,Satz,0.0
726408358,Huiqi,0.0
726414053,Bret,1.0
726425690,Nuchvara,0.0
726426592,Zayna Living Ltd,1.0
726436356,Sakli Laurence,1.0
726440524,Neuza,0.0
726451765,Chisom,0.0
726461951,Mary,1.0
726474966,Aida,1.0
726501697,Siamplace,1.0
726517986,Taz,0.0
726540469,Nisma,0.0
726554191,Sahar,0.0
726560470,Faye,0.0
726566512,Saron,0.0
726594312,CozyHomes,0.0
726623295,TeoLiving,0.0
726624315,Divine Stays,1.0
726630134,Samata Stay,0.0
726634573,Falayna Residences Ltd,0.0
726659275,Simeon,0.0
726669832,Peachy,1.0
726681630,Rabah,0.0
726705946,Ali,1.0
726715802,Reuben,1.0
726767449,Blall Ahmed,0.0
726773195,Michele,0.0
726777830,Aktan,0.0
726802651,Gaurav C,0.0
726808284,Two Pillar Stays,1.0
726814955,GuestReady,0.0
726823216,Ana,0.0
726869491,Nam,0.0
726897828,Dattatreya,0.0
726929622,Suited Hills,0.0
727009909,Henrique,0.0
727031890,Drew,1.0
727035784,Jo,0.0
727046368,The Grand Haven Stayz,0.0
727066574,Check-In Sydney,1.0
727080313,Abbie,0.0
727081979,Stephanie,0.0
727108707,Patricia,0.0
727115598,Cloudy Nest,0.0
727172714,SouthernMeridian,1.0
727196469,Nathavut,0.0
727258925,Jan,0.0
727269416,Sam Schneider,0.0
727274924,Supassra,0.0
727280072,Kris,0.0
727315988,显忠,0.0
727328744,Floretta,0.0
727346071,Diyana,0.0
727350982,Denny,0.0
727356827,Kelly,0.0
727360590,Ali,0.0
727392799,Gyin,0.0
727411833,Pisit,0.0
727431606,Rayan,0.0
727436701,I-Zen Residence,0.0
727442572,Jonathan,0.0
727444265,Stay With Ease,0.0
727473811,Bora,0.0
727495390,Olga,0.0
727499248,Ahmad,0.0
727505780,Rahi Stays,0.0
727539237,Mirza,0.0
727574205,Zoey,0.0
727601599,Helen Tran,1.0
727621282,Salvatore,1.0
727623244,Albert,0.0
727631545,Rhianna,1.0
727697397,Sairine,0.0
727762694,Eternity Investment,1.0
727772934,Landmark9 Stays,1.0
727782088,Pan,1.0
727795038,Lydia,0.0
727806212,凌峰,0.0
727812154,Sovian,0.0
727843350,Maria,0.0
727847183,Andrei,0.0
727850393,Mohammed,0.0
727858632,Melissa,0.0
727884307,Maher,0.0
727885137,Matthew,1.0
727889696,Victoria,0.0
727892569,Princess,0.0
727923207,Kevin,0.0
727946260,Nimmanbed,0.0
727975340,Jaskaran,0.0
727996248,Jamex,0.0
728006247,Chris,0.0
728012531,Panos,0.0
728122228,Suzy,0.0
728149387,Howie,0.0
728159410,Martin,1.0
728179772,Chelsea Pied-À-Terre,0.0
728195277,Syed,0.0
728196035,Itzel,0.0
728265153,Vigrom,1.0
728267045,Chang,0.0
728267243,Weijia,0.0
728287100,Danny,0.0
728297688,Dolly,0.0
728364980,Ghulnissa,0.0
728372217,Stayva Homes,1.0
728372327,Jacqueline,1.0
728392187,Kayhan,0.0
728445487,Sharon,1.0
728460733,Bea,0.0
728468659,M Property,0.0
728496817,Christine,0.0
728503451,DeLuxe Staycation,1.0
728518637,Lewis,0.0
728542684,Temitope,0.0
728562564,M,0.0
728563575,Andreas,0.0
728611856,Lucky,1.0
728623212,Ali,0.0
728640832,Ismail,1.0
728645524,Lilach,0.0
728655718,Bernard,0.0
728674982,Peter,1.0
728698541,David - Pass The Keys,1.0
728720460,Pass The Keys - Waseem,0.0
728733641,Jorge,0.0
728767334,Jahdel,1.0
728771367,James,0.0
728791325,MadeComfy New South Wales Aus,0.0
728792651,Anh,1.0
728803639,Sophia,1.0
728814047,Melody,1.0
728817992,Abba,0.0
728835111,Laura,0.0
728854206,Luna House,0.0
728857231,Elena,0.0
728918045,Lee,1.0
728926286,Roger,0.0
728944073,Melanie,0.0
728988666,Dino,0.0
728994714,Yvette,0.0
729017134,Otarathehub,0.0
729023062,GuestReady,0.0
729024645,Tim,0.0
729032468,Pass The Keys,0.0
729033717,Bektas,0.0
729050555,Ahmad,1.0
729144070,Kita,1.0
729179877,Emma,0.0
729181912,Paholwat,0.0
729186067,Valerio,1.0
729190703,Joey,1.0
729192117,LondonCityStay Team,0.0
729205359,The Royal Bell,0.0
729294308,James,0.0
729333848,Nat,0.0
729342455,Zarka,0.0
729413275,Remi - Pass The Keys,0.0
729432538,Thomson,1.0
729588025,Welcome Stay,0.0
729613297,Brooke,1.0
729648509,Charles,0.0
729651341,Sasikarn,0.0
729659658,Martin,0.0
729664325,Ms Funke,0.0
729690313,HomesByJandJ,1.0
729697581,Bearry House,0.0
729703026,Tristan,0.0
729730425,Stephen,0.0
729774461,Peter,0.0
729786407,K&A Suites,0.0
729808846,Satayu,0.0
729810384,Pepsi,0.0
729815010,Ade,0.0
729834652,Kanokporn,0.0
729882891,Clare,0.0
729886856,Tyrique,0.0
729906834,Oaklane,0.0
729923318,Luxury Apartments,0.0
729936810,Emma,0.0
729995048,Luc,0.0
729997630,Lumi Stays,0.0
729997886,Sathayu Panawat,0.0
730007489,Wenxiao,0.0
730044189,Mehmet,0.0
730080268,Surme,1.0
730152585,WS Residential,0.0
730167227,Yasmin - Pass The Keys,0.0
730169067,Sim,0.0
730195520,Adeer International UK,0.0
730197932,Sunny,0.0
730218282,Sarjoun,0.0
730251766,Kunika,0.0
730254336,Amelia,0.0
730256259,Eneas,1.0
730260242,Smart Stay,0.0
730304756,Ollie,1.0
730308670,Nammy,0.0
730323120,Quyen Ngoc,0.0
730327482,Wasa,0.0
730344404,Ogoegbunam,1.0
730368387,The Prince,0.0
730382119,Justin,1.0
730388731,Asmitha Ashok,0.0
730442304,Edward,0.0
730443634,Mark,0.0
730449938,Natalia,1.0
730473530,Justin,1.0
730499315,Richard,0.0
730562157,Annie,1.0
730590084,Hope,0.0
730639238,Shayna,0.0
730648092,N1 Property,0.0
730659514,Alcove Stays,1.0
730668009,Jay,1.0
730672709,Chase,1.0
730713748,Brileo Homes,0.0
730741704,Louis,0.0
730744899,Jeff,0.0
730745468,Ricardo,0.0
730753976,Supnova Company Limited,0.0
730800506,Lola,0.0
730849739,Gavi,0.0
730854548,Peniel,0.0
730859487,Vikki,1.0
730865081,Josselyn,0.0
730892062,Sammy,1.0
730946533,Yihui,1.0
730947253,Air,0.0
730947332,Rydy,0.0
730958405,Capitel,1.0
730959230,The Resting Place,0.0
730984834,Michelle,0.0
731002277,Helen And Ben,0.0
731033751,Sam,0.0
731047952,The Good Home Stays,1.0
731057904,Sid,1.0
731073141,Woranit,0.0
731078187,Benedikt,0.0
731085453,Gavin,0.0
731097778,Panjai,1.0
731098721,Luca,1.0
731107431,Sutra,0.0
731109640,Theodora,0.0
731118979,Idrees,0.0
731127785,TSA Limehouse,1.0
731133707,Tejas,1.0
731135258,Pratham,0.0
731143479,Brianna,0.0
731143733,Stephen Pass The Keys,1.0
731145387,Bailey,0.0
731146351,Atomic Capital Ltd,0.0
731151078,Syeda,1.0
731151858,Emma - Interhome,0.0
731172205,Nina,1.0
731172851,Priscilla,0.0
731189757,Jay,0.0
731218720,Amin,0.0
731265600,Amorn,0.0
731269683,Maria,0.0
731272990,D,0.0
731294414,Nhung,0.0
731306152,Aleksei,0.0
731317612,⁨Rue28⁩,0.0
731326898,Alexander,0.0
731332393,Cobby,0.0
731346590,Emmanuel,0.0
731347709,Sarah,0.0
731414071,Christine,0.0
731418068,Jay Appels,0.0
731458088,GuestReady,0.0
731464946,Suzie,0.0
731517100,Danny,0.0
731527383,Xavier,0.0
731553554,Sunday,0.0
731565102,Quazi Eftekher,0.0
731576071,Jingyu,0.0
731602819,BespokeLET,0.0
731610742,Lydia,0.0
731659227,Helal,0.0
731663360,Thitinun,0.0
731685034,Deborah,0.0
731694482,Doreen,0.0
731704843,Georgia,0.0
731739484,Gloria,0.0
731754340,Bella,0.0
731859611,Joanna,1.0
731863347,Michael,1.0
731881763,Sawika,0.0
731893991,GuestReady,0.0
731895057,Ramada By Wyndham GBP,0.0
731916247,Unknown,
731917723,Ajmal,0.0
731919488,Apinya,0.0
731927740,GuestReady,0.0
731933996,Rama Nine Suite P&T,1.0
731956587,Carolina,0.0
732029516,Emma Host,1.0
732031313,Hamit,0.0
732033657,Justin,0.0
732039340,Antonie Barba - Belvilla,0.0
732053524,Steve,0.0
732054073,Bailey,0.0
732054813,Jennifer,1.0
732061151,Mimi's Hotel Soho,0.0
732065880,Yuki,1.0
732145433,James,0.0
732147116,Kisinger,0.0
732169652,Monique,0.0
732199614,Jake,0.0
732216898,Nittaya,0.0
732218984,Inmaculada,0.0
732236785,Jerone,0.0
732237946,Graham,0.0
732254140,Andwell & Co,0.0
732256524,Pamela,0.0
732259473,Vincenzo,0.0
732304460,Kwesi,0.0
732305185,Shiny,0.0
732311931,Rk,0.0
732316712,Charles,0.0
732320561,Muhammad Diluwar,0.0
732326778,Jirawan,0.0
732338400,Little Drifter Glebe,0.0
732343792,Tyler,0.0
732366607,Matt,1.0
732391457,Ahmet,1.0
732433969,Mariana,0.0
732441681,Louise | Velura Stays,1.0
732445061,Moni,0.0
732493057,Fad’s,0.0
732515414,Jon,1.0
732525081,Heidi,0.0
732525933,Ye,0.0
732555708,Liam,0.0
732566072,Garret,0.0
732608130,Darren,1.0
732608737,Chuka,0.0
732610253,Gianluca,0.0
732613019,Veselina,0.0
732631596,Sam,0.0
732643395,Jose,1.0
732647571,Yan,0.0
732670567,Kavelin,0.0
732679251,Stay With Miio,1.0
732711318,Nilesh,0.0
732718852,Jordan Joel Johnson,0.0
732742677,Amy,0.0
732770649,AIA Stays,0.0
732787806,Alex,0.0
732821822,Pachaya,0.0
732824572,Antoine,0.0
732854593,Sanchez,0.0
732869759,Brandon Lee,0.0
732873025,Chelsea Apartments,0.0
732905904,Tamanna,0.0
732906019,Khan,0.0
732928933,Anatoly,0.0
732964450,Aluthdura Hewage,0.0
733018274,Enra,0.0
733024412,GuestReady,0.0
733033317,Fabio,0.0
733033383,Easy Escapes,1.0
733035894,Julia,0.0
733044252,Siriphatchara,1.0
733069030,Bianca,0.0
733069704,Abu,0.0
733075487,Kin’s House,0.0
733098169,Eduardo,0.0
733099582,Saroj,0.0
733111485,Ester,0.0
733126007,Angel Antonio,0.0
733183251,Sera,0.0
733192174,Home In Sydney,0.0
733192796,Dainius,1.0
733202730,Numa London Chelsea Green,0.0
733206998,LivinLuxo,0.0
733233126,Sarah,0.0
733256078,Vic,0.0
733275830,Niki,0.0
733280018,Zion,1.0
733295232,Tanvi,0.0
733299425,Tristan,0.0
733299844,Jay,0.0
733313080,Moreen,0.0
733326019,Gemal,0.0
733341602,Elio Davide,0.0
733348715,Siriwimon,0.0
733365670,Jack,0.0
733368554,Ropati,0.0
733372775,Oluwatobi,0.0
733372966,Mimi,0.0
733382298,Canvas,0.0
733398085,Kojo,0.0
733403157,A&S,0.0
733416620,GuestReady,0.0
733419709,Linda,0.0
733460998,Vince,0.0
733469341,Frank,0.0
733515525,C&L Stays,0.0
733522637,Clara,1.0
733530801,Yi,1.0
733538925,Happy,0.0
733556452,Pawandeep,0.0
733586382,David,0.0
733622641,Oluodukale,0.0
733640748,Graces Home,0.0
733672781,Shushu,0.0
733684674,Mabel,0.0
733697170,Jaye,1.0
733708539,Mattia & Beatrice,0.0
733712813,Doina,0.0
733720524,Samuel,0.0
733766050,Diego,0.0
733788655,Hamid,0.0
733798022,Francisco,0.0
733819184,Puwanat,1.0
733832348,Tourism Asia,0.0
733848698,Cozy Stays,0.0
733850832,Faye,0.0
733858120,Ibrahim Haris,0.0
733863033,Zoe,1.0
733885915,Amalia,0.0
733963345,ARTA Stay,1.0
733972548,Bessie,1.0
733980748,Andrew,1.0
734008978,Myroslava,0.0
734031163,Charles,0.0
734086988,Nawaz & Sons Estate,0.0
734169030,GuestReady,0.0
734174377,Chithra,0.0
734207457,Edwin,0.0
734210697,Steve,0.0
734355324,Kamlesh,0.0
734362953,James,0.0
734404562,Farjana,1.0
734413909,T,0.0
734433349,Jaharul,0.0
734449665,Maggie,0.0
734466963,Lauren,0.0
734507458,Grace,1.0
734515100,Royal Park Apartments,0.0
734517740,Rose,1.0
734519686,Ak,0.0
734551141,Daciana Maria,0.0
734556865,Iulia,0.0
734570408,Zaye Properties,0.0
734584989,Tomas,0.0
734617263,Mohammad,0.0
734641257,Ya Ming,0.0
734642813,Celine,0.0
734675763,Jodie,1.0
734679753,Thandar,0.0
734685173,Pinitporn,0.0
734729883,Nabil,0.0
734779026,Oz,1.0
734791372,Nga,0.0
734793381,Adam,1.0
734811879,Korawan,0.0
734826204,Sunny,0.0
734830284,Holmes Pranakorn,1.0
734838028,Bob W London Hyde Park,0.0
734841484,Ahmad,1.0
734852363,Derrick,0.0
734857448,Ani,0.0
734857675,Jack,0.0
734874076,Lek,1.0
734905314,Athitanun,0.0
734909998,Hasan,0.0
734911094,Yuying,0.0
734961728,Ben,0.0
734970785,Louise,1.0
734988716,Barbara,0.0
735002962,Michelle,0.0
735018251,Emily,0.0
735039173,Lola,0.0
735088151,B&B Emporium,0.0
735088274,Deborah,0.0
735091347,Nanci,1.0
735107618,Matt,0.0
735125351,Alisala,0.0
735125403,Thanicha,0.0
735138821,Rebecca,0.0
735142631,Mohsin,0.0
735161481,Mcee,0.0
735272183,Pakkamon,0.0
735310060,John,0.0
735322717,Martin,1.0
735330768,树杰,0.0
735335414,Maria,0.0
735355312,TAS Property,0.0
735359268,Perayut,1.0
735363889,Jessica,0.0
735370635,Saowanee,0.0
735380546,Justin,1.0
735395743,Abbas,0.0
735422712,Slav,0.0
735429589,Adanas Property,0.0
735455802,Paul,0.0
735490189,James,0.0
735498383,Henry,0.0
735505803,Stephen,0.0
735508639,Vrinda,0.0
735523853,Justin,0.0
735551300,Ruby,0.0
735586643,Mark,1.0
735588577,Carmen Yolanda,0.0
735594041,Abdul Aziz,0.0
735611211,Olympia,0.0
735627213,Ace,0.0
735644065,Amir,0.0
735645004,Sean,1.0
735670865,Ruby,0.0
735677379,Huaqing,0.0
735681813,Pasawee,0.0
735768894,Ladawan,0.0
735814642,Oluwateniola Albert J,0.0
735844259,George,0.0
735890686,Karm Living,1.0
735897396,Halil,0.0
735972269,Arisara,0.0
736085425,Luxe Havens,1.0
736092687,Aya,1.0
736112322,Harry,0.0
736117826,OM EasyStays,0.0
736158224,Janine,0.0
736168816,Amelia,0.0
736170857,Al,0.0
736201823,Eleanor,0.0
736225768,Jocelyn,0.0
736233190,Pornsawan,0.0
736234599,Ahlam,0.0
736234914,Harleen,0.0
736258798,Sarah,0.0
736378822,Lauren,1.0
736400650,Jamie,0.0
736410646,Nanci,0.0
736428143,Ashley,0.0
736428916,Mariella,0.0
736591655,Andre,0.0
736610301,Jet,0.0
736646231,Clare,0.0
736662726,Mali,1.0
736733299,Nadia,0.0
736751752,Ineta,0.0
736832947,Junaid,0.0
736852664,Ling,0.0
736855455,Bete,0.0
736881954,Christopher,1.0
736919430,Isabella,0.0
736951472,Rody,0.0
736952647,Alex,0.0
736994022,Tola,0.0
737048574,Oliver,1.0
737072364,Parichat,0.0
737080368,Parseac,0.0
737082887,Marcos,0.0
737227552,Keverne,0.0
737248090,苏,0.0
737260239,Mike,0.0
737313318,Shiela,0.0
737375622,Nestova Property,0.0
737398291,Tracy,0.0
737412865,树杰,0.0
737423592,Rattiya,0.0
737436535,VR Estates Collective LTD,0.0
737441493,Alex,0.0
737460847,Selena,0.0
737465804,Natthapat,0.0
737507873,Lenka,0.0
737542950,Grace,0.0
737696464,Jaypalsinh,0.0
737849835,Kwesi,0.0
737923448,Wariya,0.0
737942107,Sutthiphat,0.0
737942280,Chacha,1.0
737951947,Hamed,0.0
738012587,Laiba,0.0
738048081,Living Solutions,0.0
738080777,Rich,1.0
738118343,Janet,0.0
738128104,Alessandra,1.0
738128212,Natthanapat,0.0
738144647,Eli,0.0
738146028,Zephyre Residences,1.0
738173776,Larz,0.0
738208628,Lukasz And Ayesha,0.0
738236576,Wade,0.0
738264030,Dest Stays,0.0
738267133,Jacqueline,0.0
738344535,Signature Haven,0.0
738353861,Nichapa,0.0
738360690,Opeoluwa,0.0
738366468,Ka Yee,0.0
738368065,Rich,0.0
738387267,Adetola,0.0
738391114,Ahmad,0.0
738391212,Muntasir Mahmud,0.0
738404252,Sarah-Grace,0.0
738492078,Sumi,1.0
738565291,Bonnie,1.0
738574708,Niuza,0.0
738574847,Korakot,0.0
738646213,Usman,0.0
738683332,Thiviya,0.0
738684780,Belal,0.0
738734124,Platinum Property Holdings,0.0
738766605,Namita,1.0
738774908,Oliver,0.0
738780510,Aiden,0.0
738798763,Ekamorm,0.0
738803594,Sonia,0.0
738859240,Faizan,0.0
738879238,Mehmet,0.0
738914342,Ivan,0.0
738914401,Tooba,0.0
738977281,Patrasaya,0.0
739023557,Grace,0.0
739042551,Airhost Agency,0.0
739065427,Gramaniek,0.0
739066760,Cora,1.0
739096107,Orlando,0.0
739117427,Shumaila,0.0
739216794,Pratheep,0.0
739220770,Pornpicha,0.0
739240597,Goksel,0.0
739247444,Alessandra,0.0
739286382,Michael,1.0
739328009,Prasanta,0.0
739339518,Ai 4 Equity,0.0
739344382,Hannah,0.0
739345032,Rob,0.0
739398711,Richard - Pass The Keys,0.0
739427005,Panadda,0.0
739490971,Josie,0.0
739521942,Dreamy Homes London,0.0
739546207,Fozia,0.0
739594965,Amanda,0.0
739603684,Friends Zone,0.0
739633531,Gnanroux Luc,0.0
739647782,Xiaomin,0.0
739655063,Supreme,1.0
739694780,The Cozy Stays,0.0
739704520,Wayne,0.0
739757623,Ani,0.0
739766616,Rita,0.0
739777628,Tay,0.0
739785877,Diana,0.0
739892216,Josh,0.0
739938541,Tiger Stays,0.0
739941400,Nyree,0.0
739941980,Suleyman,0.0
739946661,Ayub,0.0
739966569,SNT Travel,1.0
739976860,Alison,0.0
740093729,Jack,0.0
740143679,Tatjana,0.0
740151507,Damrongsak,0.0
740233204,Cai,0.0
740242740,Shaha,0.0
740254822,Yael,1.0
740314666,Hampton Hotel And Residence Management,0.0
740344213,Pira,0.0
740370272,Martine,0.0
740379201,David,0.0
740388146,Clare,0.0
740393572,Seeralan,0.0
740420241,Nart,0.0
740541447,Yanfen,0.0
740542233,Michelle,0.0
740543576,Ponglabhas,0.0
740544450,Kinnon Hostel,0.0
740545019,The Sleepyhead,1.0
740545547,BAZ Tower -London,0.0
740562998,Zi,0.0
740596967,Justin,1.0
740621124,Kemi,0.0
740627051,Poon,1.0
740634783,Malvis,0.0
740636982,Ana,0.0
740673560,Himanshu,0.0
740785061,Liudmyla,0.0
740859443,Arzu,0.0
740869682,John,0.0
740884576,Umran,0.0
740887797,Jamaine,0.0
740888721,Yun,0.0
740897631,SuiteSides NSW,1.0
740926040,Look,0.0
740937658,Bhanupong,0.0
740959486,Brian Charles,0.0
740994980,Gedae Capital,0.0
741009617,Inaya,0.0
741028861,Tania,0.0
741034474,Alex,0.0
741135321,Inabox,0.0
741137821,Jaden,0.0
741170099,LJS Stays,1.0
741172629,Amy,0.0
741174692,Michael,1.0
741203894,Kritchakorn,0.0
741249654,Little Dragon,0.0
741252418,Fatima,0.0
741320649,Maryam,0.0
741333581,Urban Collection,0.0
741347694,爱彼迎旅行家,0.0
741374956,Chalinee,0.0
741375889,Ziyan,0.0
741396103,Kiren,0.0
741402100,"Mason & Fifth, Belsize Park",0.0
741408462,Hostier,0.0
741420573,Matt Ryan,0.0
741566586,Yuwei,0.0
741577428,Hikarimiew,1.0
741578408,Abdul,0.0
741581403,Winnie,0.0
741610484,Nana,0.0
741613189,Simone,0.0
741629680,Adam,0.0
741642470,Sopin,0.0
741649205,Roger,0.0
741651319,Elvis,0.0
741660069,Kari,0.0
741669152,Elyas,0.0
741700922,Thanushan,0.0
741722750,OlympicCityScape,0.0
741743008,Rexford Nii Anertey,0.0
741745909,Asim,0.0
741765472,Gisele,0.0
741768089,Yupin,0.0
741771093,Krissana,0.0
741775027,Balcozy,0.0
741785709,Meijin,0.0
741791110,Yao,0.0
741793732,Gyunay,0.0
741811774,Klongtoei,1.0
741824787,Josh,0.0
741896190,Your Notting Hill Host,0.0
741941849,ME Stays,0.0
741964232,Meemeaw,0.0
741968265,Baansuanbonus,0.0
741973127,Cali Apartments,0.0
741973943,Li,0.0
741978030,Altin,0.0
741978686,Dusada,0.0
741993613,The Orange Door,0.0
742012720,Katherine,0.0
742014343,Tox - Pass The Keys,0.0
742018576,Jen & David - Pass The Keys,0.0
742024481,Golam,0.0
742035966,Jum Duk,0.0
742037798,Chatchai,0.0
742099596,Sakinah Stays,0.0
742164286,Peter,0.0
742169179,Patrick,0.0
742190612,Nuengnong,0.0
742191605,Akis,1.0
742235984,Naomi,0.0
742258413,Taslima,0.0
742277316,Ziwei,1.0
742354067,Sherlyn,0.0
742451244,Hernan Mesa,0.0
742474102,Michelle,0.0
742568450,Dainius,0.0
742571082,GuestReady,0.0
742584210,Dagmara,0.0
742594828,Silas,1.0
742611981,Nang,0.0
742645140,Skyline Stay Ltd,0.0
742666128,Ege,0.0
742695818,Iqbal,0.0
742748296,Abigail,0.0
742748630,Ago Hotel China Town,0.0
742779584,Oliver,0.0
742861093,Adam,0.0
742875984,Chang Che,0.0
742879487,Ola,0.0
742895523,Ben,0.0
742911370,Muhammad,0.0
742947964,Luna,0.0
742949351,Cartier,0.0
742956966,Ciara,0.0
742966092,Julie,0.0
742978917,London Welcomes,0.0
742994627,Mohammed Koyes,0.0
743008252,Life Stay,0.0
743031938,Peggy,0.0
743070706,Yusuf,1.0
743112173,Cozy M,0.0
743118320,Connae,0.0
743148842,Social Pod Khao San Hostel,0.0
743160411,Athanasios,1.0
743166292,Ylber,0.0
743168179,Michael,0.0
743205019,Nerapar,0.0
743206081,Fran,1.0
743235641,Rajadurai,0.0
743271769,Elizabeth,0.0
743292297,Salwa,1.0
743324166,Manipapha,0.0
743338228,King Suites,0.0
743343841,Cindy,0.0
743344790,𝑮𝒐𝒐𝒅 𝑽𝒊𝒃𝒆𝒔 𝑨𝒍𝒘𝒂𝒚𝒔,0.0
743355268,Esen,0.0
743357852,Rebecca,0.0
743373643,Alexandr,0.0
743388758,Anthony,0.0
743394087,Grace,0.0
743404141,Valentyna,0.0
743415906,GuestReady,0.0
743460942,Fiayaz,0.0
743504002,Tania,0.0
743526646,Xeros Properties,1.0
743548692,Chingtsak,0.0
743561212,Alice,0.0
743598005,Eduard,0.0
743611274,Muniro Shiekh Mohamed,0.0
743622081,Sai,0.0
743622453,Sara,0.0
743622714,Nazrul,0.0
743645551,Aadi,0.0
743684417,Petrit,0.0
743706177,James,0.0
743715523,Natee,0.0
743717230,Punmile,0.0
743734803,Thanut,0.0
743807930,Rawinkal,0.0
743863874,Nuttawadee,0.0
743882708,Sabai Rent,0.0
743889690,Monica Xi,0.0
743954102,Rawinnipa,0.0
743959480,Patricia,0.0
743986010,Mohamed,0.0
744028350,Vilma,0.0
744066212,Elizabeth Isaac,0.0
744096751,Ali,0.0
744121387,Justin,1.0
744132877,Surawit,0.0
744135838,Sabina,0.0
744139422,Avinash,0.0
744139441,GuestReady,0.0
744213781,Eilidh,0.0
744236531,Natalie,1.0
744299765,Benjamin,0.0
744302391,Bram,1.0
744307136,Master,0.0
744307586,Master,0.0
744319547,Conchita,0.0
744397324,Paula Andrea,0.0
744454266,Lantana Resort Hotel,0.0
744455098,Muhammed,0.0
744466311,Mridul,0.0
744480825,Ethica Property,0.0
744483386,Emma,0.0
744487538,Amanda,0.0
744496497,Eitan,0.0
744507307,Sirinan,0.0
744522545,Sharmin Akter,0.0
744545838,Xiaojun,0.0
744550898,Sane Bangkok,0.0
744557272,Mark,0.0
744573440,Aziza,0.0
744640731,⁨Maitria Hotel Rama 9⁩,0.0
744644656,Suhaila,0.0
744646366,Oasis Property Group,0.0
744647582,Idriss,0.0
744651824,Elura,0.0
744661268,Felix,0.0
744661425,Residence Comfort,0.0
744665975,Vanessa,0.0
744666973,Antony,0.0
744672038,Leonides,1.0
744680327,Angels View,0.0
744704521,Sana,0.0
744711807,Grace,0.0
744725017,The Collection Stays,1.0
744737100,Cem,1.0
744750739,⁨23 Stoke Newington⁩,0.0
744753874,Ar Stays,0.0
744755846,Jonathan,0.0
744783071,Alex Luke,0.0
744842364,Dean,0.0
744844379,Chin,0.0
744863770,Mary,0.0
744865849,Tj,0.0
744886207,Wirachan,0.0
744958936,Minakshi,0.0
744995987,The District Hostel Ekkamai,0.0
745031906,Claudia,0.0
745052241,Jean-Paul,0.0
745080875,Vasawat,0.0
745095393,Paul,0.0
745127332,Michael,0.0
745143800,Zhijian,1.0
745156294,Tings Properties,0.0
745206495,Lexington Land,0.0
745210096,Joivy Scotland,0.0
745213903,The Penthouse Living Team,0.0
745214225,Nic,0.0
745222414,Ally,0.0
745223640,Zuzana,0.0
745226501,Luke,0.0
745229031,Dr Claudine,0.0
745229835,Vimon,0.0
745230855,Somprasong,0.0
745231517,Mohsen,0.0
745240147,Dilshan,0.0
745248116,Nusi,0.0
745295622,Muhammet,0.0
745310772,Nathan,0.0
745316962,Georgina,0.0
745380488,Hugh,0.0
745401179,Evelyn,0.0
745404011,Ratnam Maha,0.0
745430648,Cidalia Marques S,0.0
745446670,Justin,0.0
745460120,Ru,0.0
745467417,Barbara,0.0
745469213,Zeus,0.0
745483660,Anne,0.0
745486376,AVAL City Rentals,0.0
745529569,Tracy,0.0
745555189,Patrick,0.0
745600093,Pornchalat,0.0
745609595,Milena,0.0
745610408,Meriem,0.0
745618800,Abdulhadi,0.0
745661101,Justin,0.0
745667122,Pass The Keys,0.0
745679101,Jay,0.0
745696497,Khalid,0.0
745757653,Pisit,0.0
745759015,Lingfeng,0.0
745761552,Porntip,0.0
745785467,⁨11 Cadogan Gardens⁩,0.0
745787096,Lalale Foods And Events Limited,0.0
745795668,Elizabeth Opemipo,0.0
745952558,Sirapob,0.0
745952864,Siam Villa,0.0
745961922,Geetha,0.0
745962112,Hnhstays,0.0
746002447,Nattawat,0.0
746030773,Trinity,0.0
746084312,Lenka,1.0
746219673,Lsa,0.0
746248168,Tai Ola,0.0
746256585,Chris,0.0
746274477,Paweł,0.0
746274876,Watcharit,0.0
746314120,Reign Property Management,0.0
746336065,Princewill,0.0
746353111,Genesis,0.0
746358993,⁨Lucky808⁩,0.0
746367537,Ishaq,0.0
746398935,Shanzay,0.0
746421360,Gemmy NP,0.0
746505993,Simon,0.0
746536528,Sariya,0.0
746544249,Mina,0.0
746562117,Thandar,0.0
746581774,Patrick,0.0
746598118,Issoy,0.0
746618026,GaRenteed Properties LTD,0.0
746668118,Rattawuth,0.0
746691546,Thita,0.0
746771675,Antonio Jose,1.0
746780883,Rebecca,0.0
746879700,Stanis,1.0
746923318,Fam,0.0
746929294,Ronny,0.0
746948054,Ade,0.0
747013162,Joanna,0.0
747064749,Zainab,0.0
747070437,Lucy,0.0
747075836,CL Stays,0.0
747080806,Marta,0.0
747083871,宇,1.0
747096717,Hawi,0.0
747097975,Daymoss,1.0
747106457,Wombats City Hostel London,0.0
747190054,Aj,0.0
747247713,Uri,0.0
747249675,Philip,0.0
747256754,Nur,0.0
747280953,Ilona,0.0
747287281,Mattia Bernardo,0.0
747302441,Jash,0.0
747319815,Kazi,0.0
747429816,Elena-Camelia,0.0
747431144,Georgie,0.0
747456827,Dara,0.0
747487161,Bianca,0.0
747516075,Comfy Stay,0.0
747553786,Moegy M,0.0
747560231,Fresh Lets Studios,0.0
747565958,Bayazid,0.0
747587701,Batrisyia,0.0
747730586,Jitu,0.0
747775209,Millie,0.0
747790909,China Town Hotel,0.0
747816142,Théo,0.0
747817123,Kanmanee,0.0
747845987,Romina,0.0
747846958,Thanaporn,0.0
747866530,Jutharat,0.0
747872184,Sahara Suites,0.0
747904530,Michael,0.0
747916956,Kim,0.0
747934133,Shahin,0.0
747999764,Nic,0.0
748000029,Chetuphon,0.0
748024649,Hyder,0.0
748026843,Jen & Ted,0.0
748028899,Alan,0.0
748042780,Yonny,0.0
748044527,Jariel,1.0
748167787,Nichapat,0.0
748175436,Michelle,0.0
748188469,Natalia,0.0
748205904,Chayada,0.0
748208130,Nicole,1.0
748236980,Digne,0.0
748242270,Jack,0.0
748250662,Mohamed,0.0
748307974,Sandra,0.0
748325511,Kamilia,0.0
748335251,Perfectly Central,0.0
748355677,Lifestyle Keeper,0.0
748381773,Tara,0.0
748406891,Joanna,1.0
748412071,Pass The Keys Islington,0.0
748421028,Unknown,
748421089,Peter,0.0
748428728,ZI Property Solutions,1.0
748459934,Murad,0.0
748461352,Abul,0.0
748465431,Jeanne,0.0
748473421,Love Apartments,0.0
748524483,Thachapong,0.0
748569681,Thir,0.0
748583515,Eddie From Casa X,0.0
748589952,Adrianna,0.0
748599757,Ria,0.0
748601265,Ayorinde,0.0
748616595,Ali,0.0
748642207,Reem,0.0
748670657,Hidi,0.0
748674220,Rhinestone,0.0
748688953,Kelly,0.0
748725723,Khunvut Wealth Residence,0.0
748757425,KozyStay Team,0.0
748769728,Chusit,0.0
748775028,Nomad Apartments,0.0
748793136,Pasumon,0.0
748793447,⁨4E Homes⁩,0.0
748802189,Anthony,0.0
748809548,Ajoyotalukder,0.0
748822421,Naomi,0.0
748886970,Joe,0.0
748911570,Nimit,0.0
748925863,Fakrudin,0.0
748939569,IstanaLiving,0.0
749013734,Sarah Serine,0.0
749035738,Nina,0.0
749049769,Prom & Kae,0.0
749090906,Vince,0.0
749108824,Matt - Pass The Keys,0.0
749109685,Highline Stays,0.0
749127453,Sherla,1.0
749145288,Native Fulham Broadway,0.0
749179318,Sean,0.0
749181587,Magda,0.0
749199187,Farah,0.0
749265121,EV Luxe Living,0.0
749288774,Mel,0.0
749292136,Skydome Resotel Hotel Bangkok,0.0
749302248,Pohnphat,0.0
749306476,Antonio,0.0
749314075,Vasil,0.0
749321363,Ezhome,0.0
749334931,Balesh,0.0
749373168,Jarosław,1.0
749386686,Sharjeel,0.0
749404910,Tony,0.0
749407284,Lynn,0.0
749421108,Ivan,0.0
749436524,Alex,0.0
749439660,Malika,0.0
749483068,Bobby,0.0
749497656,Peter,0.0
749505506,Prisca,0.0
749506734,Unknown,
749508657,Jung Ok,0.0
749522080,Wayne,0.0
749532883,Tao,0.0
749535901,Peng,0.0
749553422,Michael Anthony,0.0
749555929,Venice Lorna,0.0
749556295,Adib,0.0
749564292,Samuel,0.0
749570314,Philip,0.0
749581351,Ensa Ahmed,0.0
749610089,Jovan,0.0
749616839,Abiola,0.0
749654103,Qin Stays,0.0
749666233,Leelawadee Resotel,0.0
749680791,Carpia,0.0
749681388,Frances,0.0
749683442,Radha,0.0
749699094,Coast To Coast,0.0
749722871,Ete,0.0
749756477,Onanong,0.0
749859731,Keera,0.0
749891628,Zara,0.0
749948083,Robin,0.0
749968396,Noelle,0.0
749987788,Premier Nights,0.0
750002846,Horizon Suites,0.0
750033966,Desiré,0.0
750045464,The Nesting Place,0.0
750074036,Thompson & Brown Stays Ltd,1.0
750082273,Fleur,0.0
750117483,Adwoa,0.0
750148646,William Arnold Taylor Nepemuk,0.0
750169173,Issarin,0.0
750185935,Kelly,0.0
750218650,Kamolporn,0.0
750222081,Khun Pooh Pha,0.0
750231490,Niramai,0.0
750235736,Keawkan,0.0
750278758,David,0.0
750284031,Emmanuel,0.0
750323853,Sally,0.0
750382613,Patchsinee,0.0
750383214,Hkw,0.0
750408104,Doungkamol,0.0
750409871,Jeffery,0.0
750458442,Rosie,0.0
750489476,Michael,0.0
750500538,Jaijai Boutique House,0.0
750509182,Oluwatosin,0.0
750517212,Anthony,0.0
750519685,Adel,0.0
750524283,Niman,0.0
750612266,Nassim,0.0
750633126,Shahzad,0.0
750636835,Tz,0.0
750641501,Helen,0.0
750645728,Kerisha,0.0
750663915,淑敏,0.0
750666951,⁨Phruek19⁩,0.0
750673873,Chancery Quarters,0.0
750740145,Jalila,0.0
750746182,Jonathan,0.0
750746245,STM Realty,0.0
750752033,Sona Place,0.0
750763550,Pittana,0.0
750767409,Paulandpam,0.0
750769255,Joey,0.0
750801201,Rachada,0.0
750807766,Mado Diane Isabelle,0.0
750819568,Nazma,0.0
750835029,Lijian,0.0
750889559,Phutape,0.0
750899385,Faizan,0.0
750911579,Lyla,0.0
750912553,Sergio Dorante,0.0
750947490,Phornthip,0.0
750955180,Medee Property,0.0
750971642,Gede Nova,0.0
750976916,Bailey,0.0
750981242,Sharzan,0.0
750986416,Jerome,0.0
750992887,Parsu,0.0
750999312,XK Suites,0.0
751014701,Ms Barri,0.0
751022157,Mark,0.0
751029089,Parisara,0.0
751031983,Paulo Roberto,0.0
751047235,Nicholas,0.0
751052608,Ferhan,0.0
751066497,Abdelomen,0.0
751080847,Ana,0.0
751094801,Sarker,0.0
751121792,Abdulkader,0.0
751136020,Anastasia,0.0
751172467,Bark And Park,0.0
751194126,Dev,0.0
751199026,Derek,0.0
751226707,Ben,0.0
751230253,Flynn,0.0
751230414,Aya,0.0
751244532,Saadat,0.0
751265090,Thomas,0.0
751411537,Magdalena,0.0
751420362,Momo,0.0
751430739,Homes Of Heaven,0.0
751470558,Robert,0.0
751483446,Apichon,0.0
751514300,Florent,0.0
751524700,Moonlight,0.0
751580140,Ye,0.0
751588123,Sally,0.0
751603368,Oleg,0.0
751638231,Adekunle,0.0
751656733,Shabbir,0.0
751711688,StayCozy,0.0
751733780,Masinara Properties,0.0
751737197,Aris,0.0
751745394,Sheryl,0.0
751755139,Wipawee,0.0
751765583,Julie,0.0
751792651,Mariana,0.0
751826877,Bella,0.0
751878440,Gerard,0.0
751888749,Littomore Kingswood - Studio Apartment,0.0
751904599,Tokyo,0.0
751925671,Molly,0.0
751929674,Emerita,0.0
751933655,Trax,0.0
751944245,Gabriella,0.0
751948388,Tamjid Hussain,0.0
751964834,Scott,0.0
751965891,Uchechukwu,0.0
752023853,Olivia,0.0
752058508,Evi- Pass The Keys,0.0
752072721,Darryl,0.0
752094480,Natkamol,0.0
752111143,Matilda,0.0
752135231,Boris,0.0
752145693,Moh,0.0
752157426,Camelia,0.0
752208824,Althea Prime Stays,0.0
752210252,Carol,0.0
752228399,Dhruv,0.0
752269243,YHA Sydney Central,0.0
752308057,Kosin House,0.0
752315900,Ismail,0.0
752351666,Durell,0.0
752368473,SimplexStaysLTD,0.0
752441840,Nolan,0.0
752477439,Nicola,0.0
752606566,Nettie,0.0
752619497,Pracha,0.0
752651393,Mark,0.0
752668204,Penchan,0.0
752757782,I Wayan Widiantara,0.0
752761866,Fahad,0.0
752786870,Lyra,0.0
752867663,Chiachia,0.0
752883088,Beata,0.0
752934829,Hui,0.0
752992409,Jay,0.0
752998773,Steve-Pass The Keys,0.0
753003255,Jade,0.0
753007567,Rutsamee,0.0
753017650,Suite Stays,0.0
753037059,Svetla,0.0
753040165,GuestReady,0.0
753042023,⁨30Nights⁩,0.0
753048947,Nika,0.0
753059932,GuestReady,0.0
753229492,Asma,0.0
753229643,Pass The Keys,0.0
753234364,Md Raihan Karim,0.0
753258294,Rodrigo,0.0
753290786,Rahman,0.0
753326976,Sarunporn,0.0
753330949,Martin,0.0
753350549,Parichart,0.0
753357517,Rani,0.0
753370961,HANA Bkk,0.0
753383811,Click On Me Property Management,0.0
753384504,Carlos,0.0
753390178,Greville,0.0
753421437,Phuwadon,0.0
753458811,Manoj,0.0
753474368,R&C Lettings Ltd,0.0
753482379,Eniko Alexandra,0.0
753488557,Bayo,0.0
753502084,Cheryl,0.0
753507444,Nadiya,0.0
753538481,Kwan,0.0
753566269,Solace Lux Suites,0.0
753568061,Ebru,0.0
753583195,Harry,0.0
753586619,Ewing,0.0
753586797,Sebastian Pass The Keys,0.0
753595743,Pass The Keys,0.0
753598688,Charles,0.0
753603062,William,0.0
753605885,Emma,0.0
753624266,Michael,0.0
753650890,Daniel,0.0
753689374,Mason-Anthony,0.0
753692748,Kameel,0.0
753734671,Pass The Keys,0.0
753749795,Yvonne,0.0
753752147,Emily,0.0
753762727,Muhammad,0.0
753763601,Mark,0.0
753769255,Hussein,0.0
753827553,Rai Residences,0.0
753866127,Olga,0.0
753886955,Lynn,0.0
753919789,Medea,0.0
753979890,Josh,0.0
753987625,Pass The Keys,0.0
754007219,Harry,0.0
754061777,Favestay,0.0
754098486,Robs,0.0
754100799,Jumoke,0.0
754159043,Samantha,0.0
754171432,Tyler,0.0
754184650,Zeeshan,0.0
754195854,Eben,0.0
754205315,Harbour Key Stays,0.0
754269129,Wallapa,0.0
754269779,Sophie,0.0
754293795,Mon,0.0
754340515,Si̇nem,0.0
754400134,Muhammed,0.0
754442177,Sienna,0.0
754472200,Shuyang,0.0
754475555,Kata,0.0
754478451,TEN Place @Srinakarin,0.0
754480706,Pieamsuk Property,0.0
754481639,Rakhey Pty Ltd,0.0
754500571,Samiersan,0.0
754500836,Wael,0.0
754504972,Joel,0.0
754546704,Peter,0.0
754555581,Wojciech,0.0
754564523,Hanae,0.0
754568727,Tiva Residence Bangkok,0.0
754578905,Patrick,0.0
754607882,Olha,0.0
754607946,Vinca,0.0
754610307,Ruby,0.0
754662041,Wanida,0.0
754708440,Spiro,0.0
754708467,Sana,0.0
754763422,Sylvain,0.0
754799071,Kamika,0.0
754842261,Quest,0.0
754843939,Nachasit,0.0
754875592,Samchiya,0.0
754895802,Kirubagaran,0.0
754922037,JAgruti,0.0
754999204,UrbanKey Stays,0.0
755043284,Merge Hostel Yaowarat,0.0
755099946,Stephen,0.0
755140427,Sirius,0.0
755159961,Patricia,0.0
755211729,Ionut-Romeo,0.0
755251748,Thompson & Brown Stays LTD,0.0
755254720,Vasundhra,0.0
755302427,Macarena,0.0
755344648,Irina,0.0
755364299,Anastasia,0.0
755372814,Gongjit,0.0
755383964,Abdul Varis,0.0
755406157,Nalin,0.0
755427658,Phoenix,0.0
755445834,Adam,0.0
755496946,Kensington Keys,0.0
755538615,Lauren,0.0
755552670,Andrew,0.0
755573063,Medusa Bondi,0.0
755583355,Nathan,0.0
755595892,OIG Real Estate,0.0
755599119,Catherine,0.0
755663116,Tracy,0.0
755730390,Ben,0.0
755755227,Ken,0.0
755782345,Meryem,0.0
755801094,Myles,0.0
755810997,Virginia,0.0
755888302,Nabil,0.0
755888505,Ali Abdul R,0.0
755972126,Mohamed,0.0
755982644,Lori,0.0
756016619,Iris,0.0
756069042,Nattharika,0.0
756076639,PuEn,0.0
756091074,Kornrawan,0.0
756093570,Sheila,0.0
756100530,Milad,0.0
756130834,Iconicspaces,0.0
756136391,Blue,0.0
756156062,Manoj,0.0
756245052,HiStays,0.0
756307638,Becky,0.0
756315025,SBLuxuryStays,0.0
756356627,Lukijan,0.0
756366344,Rez,0.0
756384939,Rungfa,0.0
756389030,Blue,0.0
756409951,Laurence,0.0
756419556,Erwin,0.0
756495821,Collette,0.0
756506024,Emma,0.0
756513107,Mohammad,0.0
756523673,Henri,0.0
756570931,Zainab,0.0
756585678,Home Stay,0.0
756604118,Trichechus LTD,0.0
756631502,Shadia,0.0
756654265,Lilly,0.0
756660471,Rural Life Limted,0.0
756665208,Grace,0.0
756670461,Samah,0.0
756672316,Samantha,0.0
756674401,Ledhi,0.0
756678449,George,0.0
756682521,Julie,0.0
756720846,Constance,0.0
756722470,Azmaeen,0.0
756746794,Eden,0.0
756761199,Bennin Tania,0.0
756798390,Anna,0.0
756807231,Khemjira,0.0
756837298,Evenly Properties,0.0
756905696,Saqib & Rabea - Pass The Keys,0.0
756925998,Eduardo,0.0
756932735,Erminia,0.0
756941669,Luxelet Collection,0.0
757016144,Wiki,0.0
757027561,Mem,0.0
757049727,Hristo,0.0
757057937,Sarah,0.0
757083655,Tipwimon,0.0
757086368,Wael,0.0
757135371,Oliver,0.0
757136067,Gunjan,0.0
757213748,Nadia,0.0
1653011065722720262,Ercilia,0.0
1653048380582025801,Maria,0.0
1654257247829898422,Anyetei,0.0
1654257706032644560,James,0.0
1659027145164945764,Robin,0.0
1659412890117645607,Bell,0.0
1659416283059383067,Home Office,0.0
1659485221240743438,Muhammad Yaseef,0.0
1659564313659108124,Victor,0.0
1659571517235874981,Take A Rest Home,0.0
1659885453306363178,Opulenti Estates,0.0
1659932511296125875,Tathicha,0.0
1660527230117223301,Zohur,0.0
1660974564116962024,David,0.0
1660986449092684444,⁨001abodes⁩,0.0
1661071752373990791,Lewis,0.0
1661205460525111723,Hotel Emerald,0.0
1661731023055232925,Alisha,0.0
1662221449539556648,Ami,0.0
1662931556092529951,Faten,0.0
1663024718667687817,GuestReady,0.0
1663126597351289156,Janet,0.0
1663350709244749861,Rye,0.0
1663734307748609862,Amy,0.0
1663882650562511960,Muhammad,0.0
1663934814519566039,Maryam,0.0
1663976905306435570,Fahmid,0.0
1664030819189936404,Henna,0.0
1664061491972328194,Fahmid,0.0
1664267318805338199,Jo,0.0
1664345088091227278,Ares,0.0
1664380515199772109,Angela,0.0
1664454500214402237,ThongMuan,0.0
1664683027163295306,Yeomans Property Group,0.0
1664817190167775561,Eliana,0.0
1664876101534620848,Jiaqi,0.0
1665157519632946008,Yingwei,0.0
1665208533637153995,Nancy,0.0
1665235806782215585,Katie,0.0
1665280139445680442,Centrum Living,0.0
1665403062687186559,Akwasi,0.0
1665509214185799580,Chills,0.0
1665553806309106062,Rustaib,0.0
1665563273772823291,Andrew,0.0
1665643252312457916,Shijina,0.0
1665846066333354786,Khurram,0.0
1665868103709906362,Fantastic Stays In London,0.0
1665879999320904313,May,0.0
1666056330894596803,Natechanok,0.0
1666131566808087700,Mandy,0.0
1666168158996805939,Touihri Properties,0.0
1666751390609555745,Gheorghe,0.0
1666827139157121002,HQZ Luxe,0.0
1667350301809187519,Shams,0.0
1667376006121416298,Nora,0.0
1667519799781212261,Morgan,0.0
1667876669386480706,Sirikan,0.0
1668132570221510314,Vivi,0.0
1668139553469511756,Eter,0.0
1668203499327929487,Mobison UK,0.0
1668257558994681833,Shara,0.0
1668294844174875571,Aurélie,0.0
1668305066796110031,Yalvora Stays,0.0
1668417025850761468,Hun Keong Kelvin,0.0
1668631542952672058,Athitaya,0.0
1668714956250504537,Siamese,0.0
1668742075131575663,MY Stays,0.0
1668787602468926530,PrimeNest,0.0
1668884601065861055,Carl,0.0
1669057298423680035,The Camberwell Stay,0.0
1669096076166682242,Estiak,0.0
1669128615463016207,Novera,0.0
1669251082712174905,Your Residence,0.0
1669418743239596242,Foski,0.0
1669466877879331697,Rostom,0.0
1669490602567270593,⁨3GS Luxury Property⁩,0.0
1669528468739630658,Martin,0.0
1669554651475030158,Tooley Street Residences,0.0
1669557995957240525,GuestReady,0.0
1669570461793580748,Janet,0.0
1669574486953662063,Watcharapong,0.0
1669591317136750932,Enjoy Your Stay,0.0
1669625206023339869,Jerad,0.0
1669693684415034317,Iram,0.0
1669703070065765986,Sami,0.0
1669714537680686941,Arnie,0.0
1669729812070726483,Yuliyan,0.0
1670072693982135231,Murraya Residence,0.0
1670203231388777943,Alan,0.0
1670286292365811959,Aida,0.0
1670354878523052893,Judith,0.0
1670505926981742119,Franco,0.0
1670508156774158618,Rosanna,0.0
1670675700909070360,Flore,0.0
1670776979619921792,Angelo,0.0
1670874688461098692,Gus,0.0
1670882319653831058,Krishna,0.0
1670891975637073272,Lanre,0.0
1671012185253961395,Manfred,0.0
1671061286898015848,Ashwin,0.0
1671139486297199171,Musa,0.0
1671305551054528688,Utku,0.0
1671364854608181369,Peace,0.0
1671531947859216234,Anna,0.0
1671595998319333570,Paolo,0.0
1671700308404594978,Jessica,0.0
1671788836832044837,Amaan,0.0
1671866775224317712,Yu,0.0
1671981938163459566,Florencia,0.0
1672111026101743838,Mackerel Shackerel,0.0
1672162941482583743,The Reset Living,0.0
1672198506207039303,Holy Hostel,0.0
1672230268458663566,Olga,0.0
1672232590964338807,Tristan,0.0
1672274897823951639,Nicola,0.0
1672304515147314430,Samir,0.0
1672409640631988573,Altura Properties,0.0
1672473328833084232,Mac,0.0
1672517480334073233,Sujata,0.0
1672535682568653725,Tat,0.0
1672537893384794255,Maya,0.0
1672619226259626705,Nasim,0.0
1672649417859678958,Patrick,0.0
1672677576001426152,Pink Ocean Properties,0.0
1672724989159979389,Jasmine,0.0
1672745695216965394,Hamzah,0.0
1672881637772174598,Jasaen,0.0
1672910114167277961,Saowaluck,0.0
1673063421661251141,Rumaysa,0.0
1673412893127022860,Jessica,0.0
1673572521196936457,Linda,0.0
1673608089090227440,Amy,0.0
1673647489149227411,Panatda,0.0
1673652759522049584,Tim & Eve,0.0
1673776554795040442,Jin,0.0
1673781758781030222,Cole,0.0
1673805931264247336,Simone,0.0
1673819751337063990,Pamela,0.0
1673857441701855491,Suvimol,0.0
1673883747982299092,Leticia,0.0
1673914771893720873,GuestReady,0.0
1673942443966110312,Fransisca,0.0
1673943951981648786,Dana,0.0
1673993259135436229,Austin & Linda,0.0
1674072944498574148,Markos,0.0
1674147480065706920,Elevate Apartments,0.0
1674198000365758347,Idyll,0.0
1674247546145076704,Dev,0.0
1674270299487869393,Yi,0.0
1674287173479475474,Hussein,0.0
1674364394932627107,Elena,0.0
1674441383669188846,Jettanut,0.0
1674497266207687764,Annette,0.0
1674659438925220427,City Peace,0.0
1674682979553347914,Bernard,0.0
1674765494003949000,Empire Stays,0.0
1674798496861198903,Hassan,0.0
1674850587709170278,Marie,0.0
1675386106247370430,Jacqui,0.0
1675407205186240893,Shahzoda,0.0
1675419585558423576,Praveen,0.0
1675445631808589544,Emmanuella,0.0
1675522124685368653,Lastacia | Opulent Dwellings,0.0
1675542637007153554,Samanta,0.0
1675548424012300773,Bostan Estate,0.0
1675773756788803231,Petchfa,0.0
1675827571950967831,Icloud,0.0
1675982876852783066,Sami,0.0
1675994597849546390,Praveen,0.0
1676043724440505069,Harold,0.0
1676338637085169971,Phillip,0.0
1676354686001260286,Demetrios,0.0
1676496056123014974,Robin,0.0
1676515282807162796,Tropicz Stays,0.0
1676633024384455748,Kai,0.0
1676818572112532572,Ed,0.0
1676855830623715033,Stay Hub,0.0
1677132440370414837,Aaron,0.0
1677453051876470739,Jack,0.0
1677474329582411697,Sunisa,0.0
1677607491323365876,Azure Retreats,0.0
1677676189946208141,Millie,0.0
1678164014158589797,Karnsinee,0.0
1678491525851133157,Dhillon Property Partners,0.0
1678551276362695626,Vida,0.0
1678693938635789055,Max,0.0
1678864949611173680,Ascella,0.0
1678897708198584962,GuestReady,0.0
1678959045806344675,Belle @ The Pembridge Residence,0.0
1679018281100459556,Nakorn,0.0
1679021047157103540,Phirawejpakorn,0.0
1679082784890935425,Olayemi Oladipo,0.0
1679145849748558868,Giovanni,0.0
1679206435485477650,Paula,0.0
1679302406210032786,Paul,0.0
1679722123629233174,Casa Scarlet,0.0
1679794821754145661,Jay,0.0
1679912259398595775,Xu,0.0
1679950825759328117,Aylin,0.0
1680159275893035340,Patcharee,0.0
1680396363294059384,"The Apex Penthouse, Hyde Park",0.0
1680406553615462471,Klick Capital LTD,0.0
1680428643898724951,Miran,0.0
1680435050180825353,Lucky,0.0
1680486841429327367,Katy,0.0
1680726192312076886,Dmytro,0.0
1680768383406041681,Orawan,0.0
1681262335067190593,Yusuf Kayra,0.0
1681323858276139212,YIY Properties Ltd,0.0
1681332208175472999,Charlotte,0.0
1681369815953423706,Nordelyx,0.0
1681541482567745665,Yun,0.0
1681745052884500926,Sal,0.0
1681785620246837155,Warunyapporn,0.0
1681845547025729297,Charlie,0.0
1682003511827544596,Joshitha,0.0
1682041727046494832,Maison Privé,0.0
1682131448710857673,Electar Property,0.0
1682396008770056324,Nicholas,0.0
1682425365842100289,Taschanan,0.0
1682442284764051557,Wilson,0.0
1682475964287803420,Tanupat,0.0
1682491509785902600,Burak,0.0
1682652754874647232,James,0.0
1682659373483330976,Westend Stays,0.0
1682680062323514478,Mohammed,0.0
1682801900159952945,Arpita,0.0
1683141120160496694,Nasharachol,0.0
1683233317044022732,Leonid,0.0
1683282350697168313,Zarifa,0.0
1683352664835548087,GuestReady,0.0
1683386965919375947,Wasawat,0.0
1683519406120417834,Julinda,0.0
1683588226804121496,Mehran Nawruzi,0.0
1683592083852785517,Steve,0.0
1683690813190389116,Celene,0.0
1683811315370750412,Gabriel,0.0
1683923213293216283,Sutthida,0.0
1683958023364432239,Daniel,0.0
1684028231731252211,Thanapong,0.0
1684060600869075398,GuestReady,0.0
1684100589387409082,Isabella,0.0
1684101957043032379,Ricke,0.0
1684136448240559311,Bua,0.0
1684168562882404208,Basher,0.0
1684229829224083081,Elisabeta,0.0
1684284221425139890,Colvin,0.0
1684326697190305570,Judy,0.0
1684358772303345843,Mitu,0.0
1684387621372658199,Paddi,0.0
1684418547650032067,Junior,0.0
1684498803735900692,Niloo,0.0
1684539554461590147,Amybaby,0.0
1684601523324754168,Conrad,0.0
1684635783530359944,Kacha,0.0
1684643448474449210,Yiping,0.0
1684659591672133459,Phanakan,0.0
1684669302123054002,Tom,0.0
1684672381863099291,Ofir,0.0
1684679343287251347,Wang,0.0
1684771117268470182,The MGSG Suite,0.0
1684821813672481252,Xiaping,0.0
1684827185609638556,Noah,0.0
1684840577622649482,Jessica,0.0
1684877447577966614,Tuangporn,0.0
1685110192228053483,Kesh,0.0
1685129022167576715,RNB Estates,0.0
1685204721221663257,Walton Suites Sukhumvit,0.0
1685240113505345935,Lakeview Residence Prawet,0.0
1685281741909613772,Sareh Home,0.0
1685588287138666194,Becky,0.0
1685664999467786575,Heja Ak,0.0
1685669024038271224,Raed,0.0
1685771283402329492,Julie,0.0
1686029143374692120,Wichitra,0.0
1686075374628383659,Harriet,0.0
1686106105734546055,Mashuq,0.0
1686114736580285229,Joanna,0.0
1686123499988379507,Voraporn,0.0
1686138074428885907,Nena,0.0
1686206644695134526,Junior,0.0
1686254228949719648,Chonthicha,0.0
1686275861791807520,Fanny,0.0
1686287654230472951,Ada,0.0
1686301505841671858,Ana Paula Da Silva,0.0
1686420842573253812,Global Luxe Stays,0.0
1686424360323456453,Sawsan,0.0
1686438007523370506,Luc,0.0
1686544351648115646,Kazi,0.0
1686747849984174729,Glendevon House Hotel,0.0
1686761032296146044,Jarrod,0.0
1686911394372227427,Nona,0.0
1686922207372557363,Lenka,0.0
1687003019142841602,Via,0.0
1687059039143029238,Kari,0.0
1687095775215871909,Maria,0.0
1687159925673646806,Benedicta,0.0
1687392277697316500,H&C Adventure,0.0
1687592935286601286,Kanpon,0.0
1687617283825115203,Star Pearl,0.0
1687679644359834136,Pimpida,0.0
1687699107404087149,Jie,0.0
1687773245049711247,Andrea,0.0
1687824180458952122,Ash,0.0
1687833990784135965,Esmeralda,0.0
1687855767831401881,Teddy Alam,0.0
1687856852182874421,Miryam,0.0
1687890932589688176,Francesca,0.0
1687934809064691524,Battersea Suites,0.0
1687980719754899999,KN Suites,0.0
1687982216509816823,Mario,0.0
1688180572011039835,Eleni,0.0
1688228959089861573,Jasmina,0.0
1688261844391470842,Sophie,0.0
1688292332208165008,Aaron,0.0
1688302527068374797,Rishi,0.0
1688349244852174200,Symon,0.0
1688351696556206825,Mike,0.0
1688372009709723907,Seena,0.0
1688411139202637309,Abraar,0.0
1688498633793765410,Angela,0.0
1688547274660409388,Baran,0.0
1688574984029819245,Michelle Roberts,0.0
1688628369230801741,Stell,0.0
1688664982053107966,Dotmade Properties - Pass The Keys,0.0
1688667458273992248,Hein Min Zaw,0.0
1688840054752961776,Sleek Suites,0.0
1688950922098906683,Neil,0.0
1688951040351920239,Gabriel,0.0
1689018006200849970,Kelly,0.0
1689033564080113120,Punnapron,0.0
1689047365141835281,Sarah Emma,0.0
1689139755974007327,Varaschaya,0.0
1689168212148191073,Varun,0.0
1689209100907934330,Natasha,0.0
1689234697468869060,Jun,0.0
1689318319566545300,Joshua,0.0
1689322275070336408,Anastasiia,0.0
1689368595279684060,Tom,0.0
1689390726049443065,Sid,0.0
1689411367644862900,⁨Properties By 10⁩,0.0
1689573628474952556,Zainab,0.0
1689644826276292497,James,0.0
1689827692337519575,Veeve Luxe London,0.0
1689833899104419281,Larissa,0.0
1689834896634107226,Michela - Pass The Keys,0.0
1689862042494880745,Andres,0.0
1689889339334447798,GuestReady,0.0
1690378533431212198,W-Star Bangkok,0.0
1690476830323124108,Shuzhen,0.0
1690550241811849487,Roxana,0.0
1690650708633397446,Lorenzo,0.0
1690653792817137753,Martin,0.0
1690691870612194203,大毛,0.0
1690730808937690382,Rosehold Properties,0.0
1690754887342092522,Muhammad Asif,0.0
1691066646518456490,Uncle Vincent,0.0
1691160075034668464,Andrea,0.0
1691160402202475441,Dainius,0.0
1691222498990630825,Robert,0.0
1691486077542410575,Barbara,0.0
1691517299437955410,Boris,0.0
1691520249199306892,Angie,0.0
1691572361667516783,Zahraa,0.0
1691686041521322995,Lucas,0.0
1691871649332389445,Diana,0.0
1691909053297123756,Jacqueline,0.0
1691967185474136061,⁨Poshtel 56⁩,0.0
1691974838292195505,Dipti,0.0
1692028856892813651,Albert,0.0
1692192467003954579,Ajay,0.0
1692202203061300638,Shane,0.0
1692227122895052766,Ezekiel,0.0
1692393601189289823,Kaeokla,0.0
1692731809202224197,Abdul Hamid,0.0
1692955812626709256,Jason,0.0
1693006819023214975,Kay,0.0
1693022982889047459,Chan Shafa,0.0
1693490720939710470,Amir,0.0
1693980984112153308,Valeriya,0.0
1694159010148936997,Alan,0.0
1694165490849554477,Everarch Property,0.0
1694172081776143756,Ti Han,0.0
1694172191706619639,Gerry,0.0
1694204325030253678,Carl,0.0
1694320289581445280,Costantino,0.0
1694521824908151150,HomeCorp,0.0
1694777560889226590,Misha,0.0
1694844920554596928,Zixian,0.0
1694958800886674024,Frank,0.0
1694975858124714312,Dawud,0.0
1694988338505051514,Stanislava Ventsislavova,0.0
1695030686591408519,Daniil,0.0
1695108147314512666,Hermione,0.0
1695116455082643229,Joanne,0.0
1695170524051352258,Nuxley House Team,0.0
1695486020546006785,Ceci,0.0
1695498226232566255,Ismail & Yasmine - Pass The Keys,0.0
1695521929182648010,Garden Hill View,0.0
1695523025066793280,Jack,0.0
1695597574878979486,Amr,0.0
1695601864492600209,Tranquil Signature Stays,0.0
1695612223011493291,Lidia,0.0
1695644522699614111,Diya,0.0
1695645512218477004,Giselle & Renee,0.0
1695702458437979447,Aaron,0.0
1695712314708938672,AAHost&Co,0.0
1695714430437751369,AV Property,0.0
1695724016217985666,Steven,0.0
1695748542519328282,Shah,0.0
1695774659977821850,Ran,0.0
1695784459252291251,Esther,0.0
1695836316075447175,Nathan,0.0
1695902505577326899,Bill,0.0
1695967132888164080,Evera Stays,0.0
1696167050047839426,Cb,0.0
1696231119408495349,Alex,0.0
1696247719861288313,Antony,0.0
1696313301653237856,Layth,0.0
1696323378280636494,Alex,0.0
1696377728746130909,GuestReady,0.0
1696392547303263732,Maiza,0.0
1696568048375388750,Gamze,0.0
1696652905362363623,Seymour Breaks,0.0
1696943489474997791,D.E.V.E Property Services Limited,0.0
1697130601926346324,Gilda,0.0
1697324301969276961,Anano,0.0
1697342263571725452,Bailey's Residence,0.0
1697699700380030829,Papitchaya,0.0
1697792509001231535,Varnika,0.0
1697812203249400285,Ravinder,0.0
1697876695309440200,Audilia,0.0
1697878488210617530,David,0.0
1697932742250956695,Farah,0.0
1697958540929289130,Luxuria,0.0
1698026854738752006,William,0.0
1698281858431070514,Toni Leigh,0.0
1698286705356766735,Charatsang,0.0
1698319535913638878,Lei,0.0
1698349848348106130,Alan,0.0
1698425978187827685,Albert,0.0
1698461645993977798,TianMing,0.0
1698610308397665644,Coco,0.0
1698625169515751175,Piremnat,0.0
1698644132449534236,Marianne,0.0
1698671630924303139,Martha,0.0
1698779243659050046,Victoria,0.0
1698898853922610792,⁨Skyline Staysco.⁩,0.0
1699060315816513055,Kannika,0.0
1699070394856075451,Abdul Hamed,0.0
1699176013597018263,Leo,0.0
1699193066796642789,Rita William,0.0
1699199326420972446,Yvonne,0.0
1699214015302820042,Khalid,0.0
1699241989036623426,Daniel,0.0
1699243325175269307,Stayora Properties Ltd,0.0
1699297158915509785,Katiba,0.0
1699311255250356449,GuestReady,0.0
1699354203228899290,Thompson & Brown Stays Ltd,0.0
1699367556985546063,Ronei Junio,0.0
1699506493082528829,Cruz,0.0
1699549786281137994,Basheer,0.0
1699682815650980237,Tipawan,0.0
1699904757787803034,Olivia,0.0
1699929653090348376,Bluedream Hostel Khaosan,0.0
1699980856570690587,Hidz,0.0
1700026094821040266,Churairut,0.0
1700038233415977142,Sheikh,0.0
1700095193377099154,Nicole,0.0
1700123186589939582,Tome,0.0
1700306407017121653,Emma,0.0
1700334226960158260,Jubair,0.0
1700348376566415656,Cosylane,0.0
1700466893322562668,Eway,0.0
1700537446324020827,Dainius,0.0
1700594354117820225,Tomer,0.0
1700658592379614357,Paim,0.0
1700673270582098439,Creston Homes,0.0
1700724960364572536,Eli,0.0
1700729837833660203,Tara,0.0
1700802456739741599,Mary,0.0
1700808815166293807,Yasmin,0.0
1700814491548688577,Mehran,0.0
1700818501683459323,Cindy,0.0
1700863457289353600,Ryan,0.0
1700923191950787967,Darryll,0.0
1700927164849845272,Luca,0.0
1700997458153400995,Gipi,0.0
1701516303937527077,Haven & Co,0.0
1701518639015593316,Arlo,0.0
1701705957591095815,Niranjan,0.0
1702042775368157449,Living,0.0
1702166949326892816,Asad,0.0
1702348084453693075,Thomas,0.0
1702721645143794474,Daisy,0.0
1702755161970768485,David,0.0
1702873974461109012,Gelu,0.0
1702887491893623562,Peter,0.0
1702904002355399506,Uma,0.0
1702944548015866027,Catherine,0.0
1702965923548376013,Donnell,0.0
1702982484550759016,Jeongseon,0.0
1702982939425580251,Kazi,0.0
1703018709358765270,Taylee,0.0
1703106591941983966,Sejung,0.0
1703125976194609650,Martin,0.0
1703138646006723030,Ramzy,0.0
1703141886472804008,Peter,0.0
1703182663489374478,Clauvene,0.0
1703505804356506949,Ziggy,0.0
1703518290538510091,Magma Retreats,0.0
1703535562325613668,Rish,0.0
1703625684738070985,奶泡泡,0.0
1703633191559122299,Atif,0.0
1703732658925769249,Adam,0.0
1703747577785204049,Rochelle,0.0
1703789435502081325,Gabriel,0.0
1703886464483900974,Jason,0.0
1704032537631287789,Jonathon,0.0
1704091552333920828,Muhammad Abdullah,0.0
1704231894076861671,Charlie,0.0
1704290975504738931,Natalia,0.0
1704325112149881578,Philip,0.0
1704345067036871264,Sarita,0.0
1704449205995445716,Emil,0.0
1704491030264718054,Nina,0.0
1704803644577279307,Regal Homes,0.0
1705028303065569371,Rs,0.0
1705065831561042781,Dominion,0.0
1705098131525452963,Kaew,0.0
1705141346556891296,Kelvin,0.0
1705142975836065683,Lucy,0.0
1705149514746161758,Abbas,0.0
1705164159394681812,Volo Stays,0.0
1705211136609522893,Lawal,0.0
1705503488125210484,Pin,0.0
1705633236514771959,Irina,0.0
1705704752785941959,Abdulmojib,0.0
1705717614665172957,Yuni,0.0
1705739670509573057,Dainius,0.0
1705877775628676138,Sam,0.0
1705982505136290992,Oladimeji,0.0
1706374349812727005,Ashley,0.0
1706530688792566169,Shay,0.0
1706534112472552661,Parea,0.0
1706677147650479965,John,0.0
1706717817232908081,Clarissa,0.0
1706862018144013984,Chic London Hotels - Leicester Square,0.0
1707029239320366061,Minny,0.0
1707063202311384215,Gabriella,0.0
1707153571281613163,Shammin,0.0
1707288584427321626,Nuttaporn,0.0
1707301238658318922,Lucas Marcelino,0.0
1707311074188047297,Adam,0.0
1707376780945390697,Aron,0.0
1707389740678774563,Anna,0.0
1707438966421193336,Harry,0.0
1707788051110050094,Joe,0.0
1707903146795992412,Nantnaranet,0.0
1707994967850978465,NorthStays Living,0.0
1708052523411648390,Elena,0.0
1708324489712677880,Moli,0.0
1708550896615719045,Zigo Properties,0.0
1708597175176631728,Krish,0.0
1708622348138691051,Shaha,0.0
1708686914466049222,Pakridpiphat,0.0
1708813396640778636,Jaeihn,0.0
1709356488089393296,Thadsanee,0.0
1709426842649007097,慧,0.0
1709442473570372829,DMStays,0.0
1709511155867206562,Bukunmi,0.0
1709521622375270974,Artem,0.0
1709883793005358975,Renlong,0.0
1710011740177754242,Maria Leonor,0.0
1710040258708959008,代运祥,0.0
1710045949422762853,Alex,0.0
1710094750709820315,Philippe,0.0
1710289619495263010,Nikki,0.0
1710811284525034435,Jiraporn,0.0
1710838580490477502,Yufan,0.0
1711499634742645610,Milo,0.0
1711521867063344570,Lali,0.0
1712244255376226248,Archzoda,0.0
1712869556855408043,Puyi,0.0
1713483625966773165,Nichanun,0.0
1713565381488671529,EasyStay,0.0
1713732050976040442,Sukawan,0.0
1714277197543533232,ผกายพรรณ,0.0
1714545080470706157,Napaphat,0.0
1715007456889117987,Jatuporn,0.0
1715744324612139354,Proudrampa,0.0
1718979982543595771,Anand,0.0
